
> my-v0-project@0.1.0 build
> next build

[baseline-browser-mapping] The data in this module is over two months old.  To ensure accurate Baseline data, please update: `npm i baseline-browser-mapping@latest -D`
 ⚠ Warning: Next.js inferred your workspace root, but it may not be correct.
 We detected multiple lockfiles and selected the directory of /home/virajkulkarni/package-lock.json as the root directory.
 To silence this warning, set `turbopack.root` in your Next.js config, or consider removing one of the lockfiles if it's not needed.
   See https://nextjs.org/docs/app/api-reference/config/next-config-js/turbopack#root-directory for more information.
 Detected additional lockfiles: 
   * /home/virajkulkarni/Egale-Swift/Egale-Swift-Website/pnpm-lock.yaml

   ▲ Next.js 16.0.10 (Turbopack)

   Creating an optimized production build ...
[baseline-browser-mapping] The data in this module is over two months old.  To ensure accurate Baseline data, please update: `npm i baseline-browser-mapping@latest -D`
Turbopack build encountered 17 warnings:
[next]/internal/font/google/20aee433927f7d4b-s.woff2
Error while requesting resource
There was an issue establishing a connection while requesting https://fonts.gstatic.com/s/sourceserif4/v14/vEFF2_tTDB4M7-auWDN0ahZJW3IX2ih5nk3AucvUHf6kAHr4Y3qwzSEi.woff2


[next]/internal/font/google/256e1f7f180674ba-s.woff2
Error while requesting resource
There was an issue establishing a connection while requesting https://fonts.gstatic.com/s/sourceserif4/v14/vEFF2_tTDB4M7-auWDN0ahZJW3IX2ih5nk3AucvUHf6kCXr4Y3qwzSEi.woff2


[next]/internal/font/google/292081311a6a8abc-s.woff2
Error while requesting resource
There was an issue establishing a connection while requesting https://fonts.gstatic.com/s/sourceserif4/v14/vEFF2_tTDB4M7-auWDN0ahZJW3IX2ih5nk3AucvUHf6kA3r4Y3qwzSEi.woff2


[next]/internal/font/google/4fa387ec64143e14-s.woff2
Error while requesting resource
There was an issue establishing a connection while requesting https://fonts.gstatic.com/s/geistmono/v5/or3nQ6H-1_WfwkMZI_qYFrMdmhHkjkotbA.woff2


[next]/internal/font/google/53b9e256198e5412-s.woff2
Error while requesting resource
There was an issue establishing a connection while requesting https://fonts.gstatic.com/s/geist/v5/gyByhwUxId8gMEwTGFWNOITddY4.woff2


[next]/internal/font/google/5ce348bf30bf5439-s.woff2
Error while requesting resource
There was an issue establishing a connection while requesting https://fonts.gstatic.com/s/geistmono/v5/or3nQ6H-1_WfwkMZI_qYFrodmhHkjkotbA.woff2


[next]/internal/font/google/6306c77e7c8268e4-s.woff2
Error while requesting resource
There was an issue establishing a connection while requesting https://fonts.gstatic.com/s/geistmono/v5/or3nQ6H-1_WfwkMZI_qYFg08vz7MhEIVVeA.woff2


[next]/internal/font/google/68d403cf9f2c68c5-s.p.woff2
Error while requesting resource
There was an issue establishing a connection while requesting https://fonts.gstatic.com/s/sourceserif4/v14/vEFF2_tTDB4M7-auWDN0ahZJW3IX2ih5nk3AucvUHf6kDXr4Y3qwzQ.woff2


[next]/internal/font/google/7178b3e590c64307-s.woff2
Error while requesting resource
There was an issue establishing a connection while requesting https://fonts.gstatic.com/s/geist/v5/gyByhwUxId8gMEwSGFWNOITddY4.woff2


[next]/internal/font/google/753b6407f468151f-s.woff2
Error while requesting resource
There was an issue establishing a connection while requesting https://fonts.gstatic.com/s/sourceserif4/v14/vEFF2_tTDB4M7-auWDN0ahZJW3IX2ih5nk3AucvUHf6kAnr4Y3qwzSEi.woff2


[next]/internal/font/google/797e433ab948586e-s.p.woff2
Error while requesting resource
There was an issue establishing a connection while requesting https://fonts.gstatic.com/s/geistmono/v5/or3nQ6H-1_WfwkMZI_qYFrcdmhHkjko.woff2


[next]/internal/font/google/7d817b4c03b0c5f1-s.woff2
Error while requesting resource
There was an issue establishing a connection while requesting https://fonts.gstatic.com/s/geistmono/v5/or3nQ6H-1_WfwkMZI_qYFrgdmhHkjkotbA.woff2


[next]/internal/font/google/8a480f0b521d4e75-s.woff2
Error while requesting resource
There was an issue establishing a connection while requesting https://fonts.gstatic.com/s/geist/v5/gyByhwUxId8gMEwYGFWNOITddY4.woff2


[next]/internal/font/google/bbc41e54d2fcbd21-s.woff2
Error while requesting resource
There was an issue establishing a connection while requesting https://fonts.gstatic.com/s/geistmono/v5/or3nQ6H-1_WfwkMZI_qYFrkdmhHkjkotbA.woff2


[next]/internal/font/google/be3bf58b83159894-s.woff2
Error while requesting resource
There was an issue establishing a connection while requesting https://fonts.gstatic.com/s/sourceserif4/v14/vEFF2_tTDB4M7-auWDN0ahZJW3IX2ih5nk3AucvUHf6kDnr4Y3qwzSEi.woff2


[next]/internal/font/google/caa3a2e1cccd8315-s.p.woff2
Error while requesting resource
There was an issue establishing a connection while requesting https://fonts.gstatic.com/s/geist/v5/gyByhwUxId8gMEwcGFWNOITd.woff2


[next]/internal/font/google/fef07dbb0973bf53-s.woff2
Error while requesting resource
There was an issue establishing a connection while requesting https://fonts.gstatic.com/s/geist/v5/gyByhwUxId8gMEwRGFWNOITddY4.woff2



> Build error occurred
Error: Turbopack build failed with 147 errors:
[next]/internal/font/google/geist_6a5d6895.module.css:8:9
Module not found: Can't resolve '@vercel/turbopack-next/internal/font/google/font'
[0m [90m  6 |[39m   font[33m-[39mdisplay[33m:[39m swap[33m;[39m
 [90m  7 |[39m   src[33m:[39m url([33m@[39mvercel[33m/[39mturbopack[33m-[39mnext[33m/[39minternal[33m/[39mfont[33m/[39mgoogle[35m/font?{%22url%22:%22https:/[39m[33m/[39mfonts[33m.[39mgstatic[33m.[39mcom[33m/[39ms[33m/[39mgeist[33m/[39mv5[33m/[39mgyByhwUxId8gMEwRGFWNOITddY4[33m.[39mwoff2[33m%[39m[35m22[39m[33m,[39m[33m%[39m[35m22[39mpreload[33m%[39m[35m22[39m[33m:[39m[36mfalse[39m[33m,[39m[33m%[39m[35m22[39mhas_size_adjust[33m%[39m[35m22[39m[33m:[39m[36mtrue[39m}) format([32m'woff2'[39m)[33m;[39m
[31m[1m>[22m[39m[90m  8 |[39m   unicode[33m-[39mrange[33m:[39m [33mU[39m[33m+[39m[35m0460[39m[33m-[39m[35m052[39m[33mF[39m[33m,[39m [33mU[39m[33m+[39m[35m1[39m[33mC80[39m[33m-[39m[35m1[39m[33mC8A[39m[33m,[39m [33mU[39m[33m+[39m[35m20[39m[33mB4[39m[33m,[39m [33mU[39m[33m+[39m[35m2[39m[33mDE0[39m[33m-[39m[35m2[39m[33mDFF[39m[33m,[39m [33mU[39m[33m+[39m[33mA640[39m[33m-[39m[33mA69F[39m[33m,[39m [33mU[39m[33m+[39m[33mFE2E[39m[33m-[39m[33mFE2F[39m[33m;[39m
 [90m    |[39m         [31m[1m^[22m[39m
 [90m  9 |[39m }
 [90m 10 |[39m [90m/* cyrillic */[39m
 [90m 11 |[39m [33m@[39mfont[33m-[39mface {[0m

Import map: Resolved by import map


Import trace:
  Server Component:
    [next]/internal/font/google/geist_6a5d6895.module.css
    [next]/internal/font/google/geist_6a5d6895.js
    ./Egale-Swift/Egale-Swift-Website/app/layout.tsx

https://nextjs.org/docs/messages/module-not-found


[next]/internal/font/google/geist_6a5d6895.module.css:17:9
Module not found: Can't resolve '@vercel/turbopack-next/internal/font/google/font'
[0m [90m 15 |[39m   font[33m-[39mdisplay[33m:[39m swap[33m;[39m
 [90m 16 |[39m   src[33m:[39m url([33m@[39mvercel[33m/[39mturbopack[33m-[39mnext[33m/[39minternal[33m/[39mfont[33m/[39mgoogle[35m/font?{%22url%22:%22https:/[39m[33m/[39mfonts[33m.[39mgstatic[33m.[39mcom[33m/[39ms[33m/[39mgeist[33m/[39mv5[33m/[39mgyByhwUxId8gMEwYGFWNOITddY4[33m.[39mwoff2[33m%[39m[35m22[39m[33m,[39m[33m%[39m[35m22[39mpreload[33m%[39m[35m22[39m[33m:[39m[36mfalse[39m[33m,[39m[33m%[39m[35m22[39mhas_size_adjust[33m%[39m[35m22[39m[33m:[39m[36mtrue[39m}) format([32m'woff2'[39m)[33m;[39m
[31m[1m>[22m[39m[90m 17 |[39m   unicode[33m-[39mrange[33m:[39m [33mU[39m[33m+[39m[35m0301[39m[33m,[39m [33mU[39m[33m+[39m[35m0400[39m[33m-[39m[35m045[39m[33mF[39m[33m,[39m [33mU[39m[33m+[39m[35m0490[39m[33m-[39m[35m0491[39m[33m,[39m [33mU[39m[33m+[39m[35m04[39m[33mB0[39m[33m-[39m[35m04[39m[33mB1[39m[33m,[39m [33mU[39m[33m+[39m[35m2116[39m[33m;[39m
 [90m    |[39m         [31m[1m^[22m[39m
 [90m 18 |[39m }
 [90m 19 |[39m [90m/* vietnamese */[39m
 [90m 20 |[39m [33m@[39mfont[33m-[39mface {[0m

Import map: Resolved by import map


Import trace:
  Server Component:
    [next]/internal/font/google/geist_6a5d6895.module.css
    [next]/internal/font/google/geist_6a5d6895.js
    ./Egale-Swift/Egale-Swift-Website/app/layout.tsx

https://nextjs.org/docs/messages/module-not-found


[next]/internal/font/google/geist_6a5d6895.module.css:26:9
Module not found: Can't resolve '@vercel/turbopack-next/internal/font/google/font'
[0m [90m 24 |[39m   font[33m-[39mdisplay[33m:[39m swap[33m;[39m
 [90m 25 |[39m   src[33m:[39m url([33m@[39mvercel[33m/[39mturbopack[33m-[39mnext[33m/[39minternal[33m/[39mfont[33m/[39mgoogle[35m/font?{%22url%22:%22https:/[39m[33m/[39mfonts[33m.[39mgstatic[33m.[39mcom[33m/[39ms[33m/[39mgeist[33m/[39mv5[33m/[39mgyByhwUxId8gMEwTGFWNOITddY4[33m.[39mwoff2[33m%[39m[35m22[39m[33m,[39m[33m%[39m[35m22[39mpreload[33m%[39m[35m22[39m[33m:[39m[36mfalse[39m[33m,[39m[33m%[39m[35m22[39mhas_size_adjust[33m%[39m[35m22[39m[33m:[39m[36mtrue[39m}) format([32m'woff2'[39m)[33m;[39m
[31m[1m>[22m[39m[90m 26 |[39m   unicode[33m-[39mrange[33m:[39m [33mU[39m[33m+[39m[35m0102[39m[33m-[39m[35m0103[39m[33m,[39m [33mU[39m[33m+[39m[35m0110[39m[33m-[39m[35m0111[39m[33m,[39m [33mU[39m[33m+[39m[35m0128[39m[33m-[39m[35m0129[39m[33m,[39m [33mU[39m[33m+[39m[35m0168[39m[33m-[39m[35m0169[39m[33m,[39m [33mU[39m[33m+[39m[35m01[39m[33mA0[39m[33m-[39m[35m01[39m[33mA1[39m[33m,[39m [33mU[39m[33m+[39m[35m01[39m[33mAF[39m[33m-[39m[35m01[39m[33mB0[39m[33m,[39m [33mU[39m[33m+[39m[35m0300[39m[33m-[39m[35m0301[39m[33m,[39m [33mU[39m[33m+[39m[35m0303[39m[33m-[39m[35m0304[39m[33m,[39m [33mU[39m[33m+[39m[35m0308[39m[33m-[39m[35m0309[39m[33m,[39m [33mU[39m[33m+[39m[35m0323[39m[33m,[39m [33mU[39m[33m+[39m[35m0329[39m[33m,[39m [33mU[39m[33m+[39m[35m1[39m[33mEA0[39m[33m-[39m[35m1[39m[33mEF9[39m[33m,[39m [33mU[39m[33m+[39m[35m20[39m[33mAB[39m[33m;[39m
 [90m    |[39m         [31m[1m^[22m[39m
 [90m 27 |[39m }
 [90m 28 |[39m [90m/* latin-ext */[39m
 [90m 29 |[39m [33m@[39mfont[33m-[39mface {[0m

Import map: Resolved by import map


Import trace:
  Server Component:
    [next]/internal/font/google/geist_6a5d6895.module.css
    [next]/internal/font/google/geist_6a5d6895.js
    ./Egale-Swift/Egale-Swift-Website/app/layout.tsx

https://nextjs.org/docs/messages/module-not-found


[next]/internal/font/google/geist_6a5d6895.module.css:35:9
Module not found: Can't resolve '@vercel/turbopack-next/internal/font/google/font'
[0m [90m 33 |[39m   font[33m-[39mdisplay[33m:[39m swap[33m;[39m
 [90m 34 |[39m   src[33m:[39m url([33m@[39mvercel[33m/[39mturbopack[33m-[39mnext[33m/[39minternal[33m/[39mfont[33m/[39mgoogle[35m/font?{%22url%22:%22https:/[39m[33m/[39mfonts[33m.[39mgstatic[33m.[39mcom[33m/[39ms[33m/[39mgeist[33m/[39mv5[33m/[39mgyByhwUxId8gMEwSGFWNOITddY4[33m.[39mwoff2[33m%[39m[35m22[39m[33m,[39m[33m%[39m[35m22[39mpreload[33m%[39m[35m22[39m[33m:[39m[36mfalse[39m[33m,[39m[33m%[39m[35m22[39mhas_size_adjust[33m%[39m[35m22[39m[33m:[39m[36mtrue[39m}) format([32m'woff2'[39m)[33m;[39m
[31m[1m>[22m[39m[90m 35 |[39m   unicode[33m-[39mrange[33m:[39m [33mU[39m[33m+[39m[35m0100[39m[33m-[39m[35m02[39m[33mBA[39m[33m,[39m [33mU[39m[33m+[39m[35m02[39m[33mBD[39m[33m-[39m[35m02[39m[33mC5[39m[33m,[39m [33mU[39m[33m+[39m[35m02[39m[33mC7[39m[33m-[39m[35m02[39m[33mCC[39m[33m,[39m [33mU[39m[33m+[39m[35m02[39m[33mCE[39m[33m-[39m[35m02[39m[33mD7[39m[33m,[39m [33mU[39m[33m+[39m[35m02[39m[33mDD[39m[33m-[39m[35m02[39m[33mFF[39m[33m,[39m [33mU[39m[33m+[39m[35m0304[39m[33m,[39m [33mU[39m[33m+[39m[35m0308[39m[33m,[39m [33mU[39m[33m+[39m[35m0329[39m[33m,[39m [33mU[39m[33m+[39m[35m1[39m[33mD00[39m[33m-[39m[35m1[39m[33mDBF[39m[33m,[39m [33mU[39m[33m+[39m[35m1E00[39m[33m-[39m[35m1E9[39m[33mF[39m[33m,[39m [33mU[39m[33m+[39m[35m1[39m[33mEF2[39m[33m-[39m[35m1[39m[33mEFF[39m[33m,[39m [33mU[39m[33m+[39m[35m2020[39m[33m,[39m [33mU[39m[33m+[39m[35m20[39m[33mA0[39m[33m-[39m[35m20[39m[33mAB[39m[33m,[39m [33mU[39m[33m+[39m[35m20[39m[33mAD[39m[33m-[39m[35m20[39m[33mC0[39m[33m,[39m [33mU[39m[33m+[39m[35m2113[39m[33m,[39m [33mU[39m[33m+[39m[35m2[39m[33mC60[39m[33m-[39m[35m2[39m[33mC7F[39m[33m,[39m [33mU[39m[33m+[39m[33mA720[39m[33m-[39m[33mA7FF[39m[33m;[39m
 [90m    |[39m         [31m[1m^[22m[39m
 [90m 36 |[39m }
 [90m 37 |[39m [90m/* latin */[39m
 [90m 38 |[39m [33m@[39mfont[33m-[39mface {[0m

Import map: Resolved by import map


Import trace:
  Server Component:
    [next]/internal/font/google/geist_6a5d6895.module.css
    [next]/internal/font/google/geist_6a5d6895.js
    ./Egale-Swift/Egale-Swift-Website/app/layout.tsx

https://nextjs.org/docs/messages/module-not-found


[next]/internal/font/google/geist_6a5d6895.module.css:44:9
Module not found: Can't resolve '@vercel/turbopack-next/internal/font/google/font'
[0m [90m 42 |[39m   font[33m-[39mdisplay[33m:[39m swap[33m;[39m
 [90m 43 |[39m   src[33m:[39m url([33m@[39mvercel[33m/[39mturbopack[33m-[39mnext[33m/[39minternal[33m/[39mfont[33m/[39mgoogle[35m/font?{%22url%22:%22https:/[39m[33m/[39mfonts[33m.[39mgstatic[33m.[39mcom[33m/[39ms[33m/[39mgeist[33m/[39mv5[33m/[39mgyByhwUxId8gMEwcGFWNOITd[33m.[39mwoff2[33m%[39m[35m22[39m[33m,[39m[33m%[39m[35m22[39mpreload[33m%[39m[35m22[39m[33m:[39m[36mtrue[39m[33m,[39m[33m%[39m[35m22[39mhas_size_adjust[33m%[39m[35m22[39m[33m:[39m[36mtrue[39m}) format([32m'woff2'[39m)[33m;[39m
[31m[1m>[22m[39m[90m 44 |[39m   unicode[33m-[39mrange[33m:[39m [33mU[39m[33m+[39m[35m0000[39m[33m-[39m[35m00[39m[33mFF[39m[33m,[39m [33mU[39m[33m+[39m[35m0131[39m[33m,[39m [33mU[39m[33m+[39m[35m0152[39m[33m-[39m[35m0153[39m[33m,[39m [33mU[39m[33m+[39m[35m02[39m[33mBB[39m[33m-[39m[35m02[39m[33mBC[39m[33m,[39m [33mU[39m[33m+[39m[35m02[39m[33mC6[39m[33m,[39m [33mU[39m[33m+[39m[35m02[39m[33mDA[39m[33m,[39m [33mU[39m[33m+[39m[35m02[39m[33mDC[39m[33m,[39m [33mU[39m[33m+[39m[35m0304[39m[33m,[39m [33mU[39m[33m+[39m[35m0308[39m[33m,[39m [33mU[39m[33m+[39m[35m0329[39m[33m,[39m [33mU[39m[33m+[39m[35m2000[39m[33m-[39m[35m206[39m[33mF[39m[33m,[39m [33mU[39m[33m+[39m[35m20[39m[33mAC[39m[33m,[39m [33mU[39m[33m+[39m[35m2122[39m[33m,[39m [33mU[39m[33m+[39m[35m2191[39m[33m,[39m [33mU[39m[33m+[39m[35m2193[39m[33m,[39m [33mU[39m[33m+[39m[35m2212[39m[33m,[39m [33mU[39m[33m+[39m[35m2215[39m[33m,[39m [33mU[39m[33m+[39m[33mFEFF[39m[33m,[39m [33mU[39m[33m+[39m[33mFFFD[39m[33m;[39m
 [90m    |[39m         [31m[1m^[22m[39m
 [90m 45 |[39m }
 [90m 46 |[39m [90m/* cyrillic-ext */[39m
 [90m 47 |[39m [33m@[39mfont[33m-[39mface {[0m

Import map: Resolved by import map


Import trace:
  Server Component:
    [next]/internal/font/google/geist_6a5d6895.module.css
    [next]/internal/font/google/geist_6a5d6895.js
    ./Egale-Swift/Egale-Swift-Website/app/layout.tsx

https://nextjs.org/docs/messages/module-not-found


[next]/internal/font/google/geist_6a5d6895.module.css:53:9
Module not found: Can't resolve '@vercel/turbopack-next/internal/font/google/font'
[0m [90m 51 |[39m   font[33m-[39mdisplay[33m:[39m swap[33m;[39m
 [90m 52 |[39m   src[33m:[39m url([33m@[39mvercel[33m/[39mturbopack[33m-[39mnext[33m/[39minternal[33m/[39mfont[33m/[39mgoogle[35m/font?{%22url%22:%22https:/[39m[33m/[39mfonts[33m.[39mgstatic[33m.[39mcom[33m/[39ms[33m/[39mgeist[33m/[39mv5[33m/[39mgyByhwUxId8gMEwRGFWNOITddY4[33m.[39mwoff2[33m%[39m[35m22[39m[33m,[39m[33m%[39m[35m22[39mpreload[33m%[39m[35m22[39m[33m:[39m[36mfalse[39m[33m,[39m[33m%[39m[35m22[39mhas_size_adjust[33m%[39m[35m22[39m[33m:[39m[36mtrue[39m}) format([32m'woff2'[39m)[33m;[39m
[31m[1m>[22m[39m[90m 53 |[39m   unicode[33m-[39mrange[33m:[39m [33mU[39m[33m+[39m[35m0460[39m[33m-[39m[35m052[39m[33mF[39m[33m,[39m [33mU[39m[33m+[39m[35m1[39m[33mC80[39m[33m-[39m[35m1[39m[33mC8A[39m[33m,[39m [33mU[39m[33m+[39m[35m20[39m[33mB4[39m[33m,[39m [33mU[39m[33m+[39m[35m2[39m[33mDE0[39m[33m-[39m[35m2[39m[33mDFF[39m[33m,[39m [33mU[39m[33m+[39m[33mA640[39m[33m-[39m[33mA69F[39m[33m,[39m [33mU[39m[33m+[39m[33mFE2E[39m[33m-[39m[33mFE2F[39m[33m;[39m
 [90m    |[39m         [31m[1m^[22m[39m
 [90m 54 |[39m }
 [90m 55 |[39m [90m/* cyrillic */[39m
 [90m 56 |[39m [33m@[39mfont[33m-[39mface {[0m

Import map: Resolved by import map


Import trace:
  Server Component:
    [next]/internal/font/google/geist_6a5d6895.module.css
    [next]/internal/font/google/geist_6a5d6895.js
    ./Egale-Swift/Egale-Swift-Website/app/layout.tsx

https://nextjs.org/docs/messages/module-not-found


[next]/internal/font/google/geist_6a5d6895.module.css:62:9
Module not found: Can't resolve '@vercel/turbopack-next/internal/font/google/font'
[0m [90m 60 |[39m   font[33m-[39mdisplay[33m:[39m swap[33m;[39m
 [90m 61 |[39m   src[33m:[39m url([33m@[39mvercel[33m/[39mturbopack[33m-[39mnext[33m/[39minternal[33m/[39mfont[33m/[39mgoogle[35m/font?{%22url%22:%22https:/[39m[33m/[39mfonts[33m.[39mgstatic[33m.[39mcom[33m/[39ms[33m/[39mgeist[33m/[39mv5[33m/[39mgyByhwUxId8gMEwYGFWNOITddY4[33m.[39mwoff2[33m%[39m[35m22[39m[33m,[39m[33m%[39m[35m22[39mpreload[33m%[39m[35m22[39m[33m:[39m[36mfalse[39m[33m,[39m[33m%[39m[35m22[39mhas_size_adjust[33m%[39m[35m22[39m[33m:[39m[36mtrue[39m}) format([32m'woff2'[39m)[33m;[39m
[31m[1m>[22m[39m[90m 62 |[39m   unicode[33m-[39mrange[33m:[39m [33mU[39m[33m+[39m[35m0301[39m[33m,[39m [33mU[39m[33m+[39m[35m0400[39m[33m-[39m[35m045[39m[33mF[39m[33m,[39m [33mU[39m[33m+[39m[35m0490[39m[33m-[39m[35m0491[39m[33m,[39m [33mU[39m[33m+[39m[35m04[39m[33mB0[39m[33m-[39m[35m04[39m[33mB1[39m[33m,[39m [33mU[39m[33m+[39m[35m2116[39m[33m;[39m
 [90m    |[39m         [31m[1m^[22m[39m
 [90m 63 |[39m }
 [90m 64 |[39m [90m/* vietnamese */[39m
 [90m 65 |[39m [33m@[39mfont[33m-[39mface {[0m

Import map: Resolved by import map


Import trace:
  Server Component:
    [next]/internal/font/google/geist_6a5d6895.module.css
    [next]/internal/font/google/geist_6a5d6895.js
    ./Egale-Swift/Egale-Swift-Website/app/layout.tsx

https://nextjs.org/docs/messages/module-not-found


[next]/internal/font/google/geist_6a5d6895.module.css:71:9
Module not found: Can't resolve '@vercel/turbopack-next/internal/font/google/font'
[0m [90m 69 |[39m   font[33m-[39mdisplay[33m:[39m swap[33m;[39m
 [90m 70 |[39m   src[33m:[39m url([33m@[39mvercel[33m/[39mturbopack[33m-[39mnext[33m/[39minternal[33m/[39mfont[33m/[39mgoogle[35m/font?{%22url%22:%22https:/[39m[33m/[39mfonts[33m.[39mgstatic[33m.[39mcom[33m/[39ms[33m/[39mgeist[33m/[39mv5[33m/[39mgyByhwUxId8gMEwTGFWNOITddY4[33m.[39mwoff2[33m%[39m[35m22[39m[33m,[39m[33m%[39m[35m22[39mpreload[33m%[39m[35m22[39m[33m:[39m[36mfalse[39m[33m,[39m[33m%[39m[35m22[39mhas_size_adjust[33m%[39m[35m22[39m[33m:[39m[36mtrue[39m}) format([32m'woff2'[39m)[33m;[39m
[31m[1m>[22m[39m[90m 71 |[39m   unicode[33m-[39mrange[33m:[39m [33mU[39m[33m+[39m[35m0102[39m[33m-[39m[35m0103[39m[33m,[39m [33mU[39m[33m+[39m[35m0110[39m[33m-[39m[35m0111[39m[33m,[39m [33mU[39m[33m+[39m[35m0128[39m[33m-[39m[35m0129[39m[33m,[39m [33mU[39m[33m+[39m[35m0168[39m[33m-[39m[35m0169[39m[33m,[39m [33mU[39m[33m+[39m[35m01[39m[33mA0[39m[33m-[39m[35m01[39m[33mA1[39m[33m,[39m [33mU[39m[33m+[39m[35m01[39m[33mAF[39m[33m-[39m[35m01[39m[33mB0[39m[33m,[39m [33mU[39m[33m+[39m[35m0300[39m[33m-[39m[35m0301[39m[33m,[39m [33mU[39m[33m+[39m[35m0303[39m[33m-[39m[35m0304[39m[33m,[39m [33mU[39m[33m+[39m[35m0308[39m[33m-[39m[35m0309[39m[33m,[39m [33mU[39m[33m+[39m[35m0323[39m[33m,[39m [33mU[39m[33m+[39m[35m0329[39m[33m,[39m [33mU[39m[33m+[39m[35m1[39m[33mEA0[39m[33m-[39m[35m1[39m[33mEF9[39m[33m,[39m [33mU[39m[33m+[39m[35m20[39m[33mAB[39m[33m;[39m
 [90m    |[39m         [31m[1m^[22m[39m
 [90m 72 |[39m }
 [90m 73 |[39m [90m/* latin-ext */[39m
 [90m 74 |[39m [33m@[39mfont[33m-[39mface {[0m

Import map: Resolved by import map


Import trace:
  Server Component:
    [next]/internal/font/google/geist_6a5d6895.module.css
    [next]/internal/font/google/geist_6a5d6895.js
    ./Egale-Swift/Egale-Swift-Website/app/layout.tsx

https://nextjs.org/docs/messages/module-not-found


[next]/internal/font/google/geist_6a5d6895.module.css:80:9
Module not found: Can't resolve '@vercel/turbopack-next/internal/font/google/font'
[0m [90m 78 |[39m   font[33m-[39mdisplay[33m:[39m swap[33m;[39m
 [90m 79 |[39m   src[33m:[39m url([33m@[39mvercel[33m/[39mturbopack[33m-[39mnext[33m/[39minternal[33m/[39mfont[33m/[39mgoogle[35m/font?{%22url%22:%22https:/[39m[33m/[39mfonts[33m.[39mgstatic[33m.[39mcom[33m/[39ms[33m/[39mgeist[33m/[39mv5[33m/[39mgyByhwUxId8gMEwSGFWNOITddY4[33m.[39mwoff2[33m%[39m[35m22[39m[33m,[39m[33m%[39m[35m22[39mpreload[33m%[39m[35m22[39m[33m:[39m[36mfalse[39m[33m,[39m[33m%[39m[35m22[39mhas_size_adjust[33m%[39m[35m22[39m[33m:[39m[36mtrue[39m}) format([32m'woff2'[39m)[33m;[39m
[31m[1m>[22m[39m[90m 80 |[39m   unicode[33m-[39mrange[33m:[39m [33mU[39m[33m+[39m[35m0100[39m[33m-[39m[35m02[39m[33mBA[39m[33m,[39m [33mU[39m[33m+[39m[35m02[39m[33mBD[39m[33m-[39m[35m02[39m[33mC5[39m[33m,[39m [33mU[39m[33m+[39m[35m02[39m[33mC7[39m[33m-[39m[35m02[39m[33mCC[39m[33m,[39m [33mU[39m[33m+[39m[35m02[39m[33mCE[39m[33m-[39m[35m02[39m[33mD7[39m[33m,[39m [33mU[39m[33m+[39m[35m02[39m[33mDD[39m[33m-[39m[35m02[39m[33mFF[39m[33m,[39m [33mU[39m[33m+[39m[35m0304[39m[33m,[39m [33mU[39m[33m+[39m[35m0308[39m[33m,[39m [33mU[39m[33m+[39m[35m0329[39m[33m,[39m [33mU[39m[33m+[39m[35m1[39m[33mD00[39m[33m-[39m[35m1[39m[33mDBF[39m[33m,[39m [33mU[39m[33m+[39m[35m1E00[39m[33m-[39m[35m1E9[39m[33mF[39m[33m,[39m [33mU[39m[33m+[39m[35m1[39m[33mEF2[39m[33m-[39m[35m1[39m[33mEFF[39m[33m,[39m [33mU[39m[33m+[39m[35m2020[39m[33m,[39m [33mU[39m[33m+[39m[35m20[39m[33mA0[39m[33m-[39m[35m20[39m[33mAB[39m[33m,[39m [33mU[39m[33m+[39m[35m20[39m[33mAD[39m[33m-[39m[35m20[39m[33mC0[39m[33m,[39m [33mU[39m[33m+[39m[35m2113[39m[33m,[39m [33mU[39m[33m+[39m[35m2[39m[33mC60[39m[33m-[39m[35m2[39m[33mC7F[39m[33m,[39m [33mU[39m[33m+[39m[33mA720[39m[33m-[39m[33mA7FF[39m[33m;[39m
 [90m    |[39m         [31m[1m^[22m[39m
 [90m 81 |[39m }
 [90m 82 |[39m [90m/* latin */[39m
 [90m 83 |[39m [33m@[39mfont[33m-[39mface {[0m

Import map: Resolved by import map


Import trace:
  Server Component:
    [next]/internal/font/google/geist_6a5d6895.module.css
    [next]/internal/font/google/geist_6a5d6895.js
    ./Egale-Swift/Egale-Swift-Website/app/layout.tsx

https://nextjs.org/docs/messages/module-not-found


[next]/internal/font/google/geist_6a5d6895.module.css:89:9
Module not found: Can't resolve '@vercel/turbopack-next/internal/font/google/font'
[0m [90m 87 |[39m   font[33m-[39mdisplay[33m:[39m swap[33m;[39m
 [90m 88 |[39m   src[33m:[39m url([33m@[39mvercel[33m/[39mturbopack[33m-[39mnext[33m/[39minternal[33m/[39mfont[33m/[39mgoogle[35m/font?{%22url%22:%22https:/[39m[33m/[39mfonts[33m.[39mgstatic[33m.[39mcom[33m/[39ms[33m/[39mgeist[33m/[39mv5[33m/[39mgyByhwUxId8gMEwcGFWNOITd[33m.[39mwoff2[33m%[39m[35m22[39m[33m,[39m[33m%[39m[35m22[39mpreload[33m%[39m[35m22[39m[33m:[39m[36mtrue[39m[33m,[39m[33m%[39m[35m22[39mhas_size_adjust[33m%[39m[35m22[39m[33m:[39m[36mtrue[39m}) format([32m'woff2'[39m)[33m;[39m
[31m[1m>[22m[39m[90m 89 |[39m   unicode[33m-[39mrange[33m:[39m [33mU[39m[33m+[39m[35m0000[39m[33m-[39m[35m00[39m[33mFF[39m[33m,[39m [33mU[39m[33m+[39m[35m0131[39m[33m,[39m [33mU[39m[33m+[39m[35m0152[39m[33m-[39m[35m0153[39m[33m,[39m [33mU[39m[33m+[39m[35m02[39m[33mBB[39m[33m-[39m[35m02[39m[33mBC[39m[33m,[39m [33mU[39m[33m+[39m[35m02[39m[33mC6[39m[33m,[39m [33mU[39m[33m+[39m[35m02[39m[33mDA[39m[33m,[39m [33mU[39m[33m+[39m[35m02[39m[33mDC[39m[33m,[39m [33mU[39m[33m+[39m[35m0304[39m[33m,[39m [33mU[39m[33m+[39m[35m0308[39m[33m,[39m [33mU[39m[33m+[39m[35m0329[39m[33m,[39m [33mU[39m[33m+[39m[35m2000[39m[33m-[39m[35m206[39m[33mF[39m[33m,[39m [33mU[39m[33m+[39m[35m20[39m[33mAC[39m[33m,[39m [33mU[39m[33m+[39m[35m2122[39m[33m,[39m [33mU[39m[33m+[39m[35m2191[39m[33m,[39m [33mU[39m[33m+[39m[35m2193[39m[33m,[39m [33mU[39m[33m+[39m[35m2212[39m[33m,[39m [33mU[39m[33m+[39m[35m2215[39m[33m,[39m [33mU[39m[33m+[39m[33mFEFF[39m[33m,[39m [33mU[39m[33m+[39m[33mFFFD[39m[33m;[39m
 [90m    |[39m         [31m[1m^[22m[39m
 [90m 90 |[39m }
 [90m 91 |[39m [90m/* cyrillic-ext */[39m
 [90m 92 |[39m [33m@[39mfont[33m-[39mface {[0m

Import map: Resolved by import map


Import trace:
  Server Component:
    [next]/internal/font/google/geist_6a5d6895.module.css
    [next]/internal/font/google/geist_6a5d6895.js
    ./Egale-Swift/Egale-Swift-Website/app/layout.tsx

https://nextjs.org/docs/messages/module-not-found


[next]/internal/font/google/geist_6a5d6895.module.css:98:9
Module not found: Can't resolve '@vercel/turbopack-next/internal/font/google/font'
[0m [90m  96 |[39m   font[33m-[39mdisplay[33m:[39m swap[33m;[39m
 [90m  97 |[39m   src[33m:[39m url([33m@[39mvercel[33m/[39mturbopack[33m-[39mnext[33m/[39minternal[33m/[39mfont[33m/[39mgoogle[35m/font?{%22url%22:%22https:/[39m[33m/[39mfonts[33m.[39mgstatic[33m.[39mcom[33m/[39ms[33m/[39mgeist[33m/[39mv5[33m/[39mgyByhwUxId8gMEwRGFWNOITddY4[33m.[39mwoff2[33m%[39m[35m22[39m[33m,[39m[33m%[39m[35m22[39mpreload[33m%[39m[35m22[39m[33m:[39m[36mfalse[39m[33m,[39m[33m%[39m[35m22[39mhas_size_adjust[33m%[39m[35m22[39m[33m:[39m[36mtrue[39m}) format([32m'woff2'[39m)[33m;[39m
[31m[1m>[22m[39m[90m  98 |[39m   unicode[33m-[39mrange[33m:[39m [33mU[39m[33m+[39m[35m0460[39m[33m-[39m[35m052[39m[33mF[39m[33m,[39m [33mU[39m[33m+[39m[35m1[39m[33mC80[39m[33m-[39m[35m1[39m[33mC8A[39m[33m,[39m [33mU[39m[33m+[39m[35m20[39m[33mB4[39m[33m,[39m [33mU[39m[33m+[39m[35m2[39m[33mDE0[39m[33m-[39m[35m2[39m[33mDFF[39m[33m,[39m [33mU[39m[33m+[39m[33mA640[39m[33m-[39m[33mA69F[39m[33m,[39m [33mU[39m[33m+[39m[33mFE2E[39m[33m-[39m[33mFE2F[39m[33m;[39m
 [90m     |[39m         [31m[1m^[22m[39m
 [90m  99 |[39m }
 [90m 100 |[39m [90m/* cyrillic */[39m
 [90m 101 |[39m [33m@[39mfont[33m-[39mface {[0m

Import map: Resolved by import map


Import trace:
  Server Component:
    [next]/internal/font/google/geist_6a5d6895.module.css
    [next]/internal/font/google/geist_6a5d6895.js
    ./Egale-Swift/Egale-Swift-Website/app/layout.tsx

https://nextjs.org/docs/messages/module-not-found


[next]/internal/font/google/geist_6a5d6895.module.css:107:9
Module not found: Can't resolve '@vercel/turbopack-next/internal/font/google/font'
[0m [90m 105 |[39m   font[33m-[39mdisplay[33m:[39m swap[33m;[39m
 [90m 106 |[39m   src[33m:[39m url([33m@[39mvercel[33m/[39mturbopack[33m-[39mnext[33m/[39minternal[33m/[39mfont[33m/[39mgoogle[35m/font?{%22url%22:%22https:/[39m[33m/[39mfonts[33m.[39mgstatic[33m.[39mcom[33m/[39ms[33m/[39mgeist[33m/[39mv5[33m/[39mgyByhwUxId8gMEwYGFWNOITddY4[33m.[39mwoff2[33m%[39m[35m22[39m[33m,[39m[33m%[39m[35m22[39mpreload[33m%[39m[35m22[39m[33m:[39m[36mfalse[39m[33m,[39m[33m%[39m[35m22[39mhas_size_adjust[33m%[39m[35m22[39m[33m:[39m[36mtrue[39m}) format([32m'woff2'[39m)[33m;[39m
[31m[1m>[22m[39m[90m 107 |[39m   unicode[33m-[39mrange[33m:[39m [33mU[39m[33m+[39m[35m0301[39m[33m,[39m [33mU[39m[33m+[39m[35m0400[39m[33m-[39m[35m045[39m[33mF[39m[33m,[39m [33mU[39m[33m+[39m[35m0490[39m[33m-[39m[35m0491[39m[33m,[39m [33mU[39m[33m+[39m[35m04[39m[33mB0[39m[33m-[39m[35m04[39m[33mB1[39m[33m,[39m [33mU[39m[33m+[39m[35m2116[39m[33m;[39m
 [90m     |[39m         [31m[1m^[22m[39m
 [90m 108 |[39m }
 [90m 109 |[39m [90m/* vietnamese */[39m
 [90m 110 |[39m [33m@[39mfont[33m-[39mface {[0m

Import map: Resolved by import map


Import trace:
  Server Component:
    [next]/internal/font/google/geist_6a5d6895.module.css
    [next]/internal/font/google/geist_6a5d6895.js
    ./Egale-Swift/Egale-Swift-Website/app/layout.tsx

https://nextjs.org/docs/messages/module-not-found


[next]/internal/font/google/geist_6a5d6895.module.css:116:9
Module not found: Can't resolve '@vercel/turbopack-next/internal/font/google/font'
[0m [90m 114 |[39m   font[33m-[39mdisplay[33m:[39m swap[33m;[39m
 [90m 115 |[39m   src[33m:[39m url([33m@[39mvercel[33m/[39mturbopack[33m-[39mnext[33m/[39minternal[33m/[39mfont[33m/[39mgoogle[35m/font?{%22url%22:%22https:/[39m[33m/[39mfonts[33m.[39mgstatic[33m.[39mcom[33m/[39ms[33m/[39mgeist[33m/[39mv5[33m/[39mgyByhwUxId8gMEwTGFWNOITddY4[33m.[39mwoff2[33m%[39m[35m22[39m[33m,[39m[33m%[39m[35m22[39mpreload[33m%[39m[35m22[39m[33m:[39m[36mfalse[39m[33m,[39m[33m%[39m[35m22[39mhas_size_adjust[33m%[39m[35m22[39m[33m:[39m[36mtrue[39m}) format([32m'woff2'[39m)[33m;[39m
[31m[1m>[22m[39m[90m 116 |[39m   unicode[33m-[39mrange[33m:[39m [33mU[39m[33m+[39m[35m0102[39m[33m-[39m[35m0103[39m[33m,[39m [33mU[39m[33m+[39m[35m0110[39m[33m-[39m[35m0111[39m[33m,[39m [33mU[39m[33m+[39m[35m0128[39m[33m-[39m[35m0129[39m[33m,[39m [33mU[39m[33m+[39m[35m0168[39m[33m-[39m[35m0169[39m[33m,[39m [33mU[39m[33m+[39m[35m01[39m[33mA0[39m[33m-[39m[35m01[39m[33mA1[39m[33m,[39m [33mU[39m[33m+[39m[35m01[39m[33mAF[39m[33m-[39m[35m01[39m[33mB0[39m[33m,[39m [33mU[39m[33m+[39m[35m0300[39m[33m-[39m[35m0301[39m[33m,[39m [33mU[39m[33m+[39m[35m0303[39m[33m-[39m[35m0304[39m[33m,[39m [33mU[39m[33m+[39m[35m0308[39m[33m-[39m[35m0309[39m[33m,[39m [33mU[39m[33m+[39m[35m0323[39m[33m,[39m [33mU[39m[33m+[39m[35m0329[39m[33m,[39m [33mU[39m[33m+[39m[35m1[39m[33mEA0[39m[33m-[39m[35m1[39m[33mEF9[39m[33m,[39m [33mU[39m[33m+[39m[35m20[39m[33mAB[39m[33m;[39m
 [90m     |[39m         [31m[1m^[22m[39m
 [90m 117 |[39m }
 [90m 118 |[39m [90m/* latin-ext */[39m
 [90m 119 |[39m [33m@[39mfont[33m-[39mface {[0m

Import map: Resolved by import map


Import trace:
  Server Component:
    [next]/internal/font/google/geist_6a5d6895.module.css
    [next]/internal/font/google/geist_6a5d6895.js
    ./Egale-Swift/Egale-Swift-Website/app/layout.tsx

https://nextjs.org/docs/messages/module-not-found


[next]/internal/font/google/geist_6a5d6895.module.css:125:9
Module not found: Can't resolve '@vercel/turbopack-next/internal/font/google/font'
[0m [90m 123 |[39m   font[33m-[39mdisplay[33m:[39m swap[33m;[39m
 [90m 124 |[39m   src[33m:[39m url([33m@[39mvercel[33m/[39mturbopack[33m-[39mnext[33m/[39minternal[33m/[39mfont[33m/[39mgoogle[35m/font?{%22url%22:%22https:/[39m[33m/[39mfonts[33m.[39mgstatic[33m.[39mcom[33m/[39ms[33m/[39mgeist[33m/[39mv5[33m/[39mgyByhwUxId8gMEwSGFWNOITddY4[33m.[39mwoff2[33m%[39m[35m22[39m[33m,[39m[33m%[39m[35m22[39mpreload[33m%[39m[35m22[39m[33m:[39m[36mfalse[39m[33m,[39m[33m%[39m[35m22[39mhas_size_adjust[33m%[39m[35m22[39m[33m:[39m[36mtrue[39m}) format([32m'woff2'[39m)[33m;[39m
[31m[1m>[22m[39m[90m 125 |[39m   unicode[33m-[39mrange[33m:[39m [33mU[39m[33m+[39m[35m0100[39m[33m-[39m[35m02[39m[33mBA[39m[33m,[39m [33mU[39m[33m+[39m[35m02[39m[33mBD[39m[33m-[39m[35m02[39m[33mC5[39m[33m,[39m [33mU[39m[33m+[39m[35m02[39m[33mC7[39m[33m-[39m[35m02[39m[33mCC[39m[33m,[39m [33mU[39m[33m+[39m[35m02[39m[33mCE[39m[33m-[39m[35m02[39m[33mD7[39m[33m,[39m [33mU[39m[33m+[39m[35m02[39m[33mDD[39m[33m-[39m[35m02[39m[33mFF[39m[33m,[39m [33mU[39m[33m+[39m[35m0304[39m[33m,[39m [33mU[39m[33m+[39m[35m0308[39m[33m,[39m [33mU[39m[33m+[39m[35m0329[39m[33m,[39m [33mU[39m[33m+[39m[35m1[39m[33mD00[39m[33m-[39m[35m1[39m[33mDBF[39m[33m,[39m [33mU[39m[33m+[39m[35m1E00[39m[33m-[39m[35m1E9[39m[33mF[39m[33m,[39m [33mU[39m[33m+[39m[35m1[39m[33mEF2[39m[33m-[39m[35m1[39m[33mEFF[39m[33m,[39m [33mU[39m[33m+[39m[35m2020[39m[33m,[39m [33mU[39m[33m+[39m[35m20[39m[33mA0[39m[33m-[39m[35m20[39m[33mAB[39m[33m,[39m [33mU[39m[33m+[39m[35m20[39m[33mAD[39m[33m-[39m[35m20[39m[33mC0[39m[33m,[39m [33mU[39m[33m+[39m[35m2113[39m[33m,[39m [33mU[39m[33m+[39m[35m2[39m[33mC60[39m[33m-[39m[35m2[39m[33mC7F[39m[33m,[39m [33mU[39m[33m+[39m[33mA720[39m[33m-[39m[33mA7FF[39m[33m;[39m
 [90m     |[39m         [31m[1m^[22m[39m
 [90m 126 |[39m }
 [90m 127 |[39m [90m/* latin */[39m
 [90m 128 |[39m [33m@[39mfont[33m-[39mface {[0m

Import map: Resolved by import map


Import trace:
  Server Component:
    [next]/internal/font/google/geist_6a5d6895.module.css
    [next]/internal/font/google/geist_6a5d6895.js
    ./Egale-Swift/Egale-Swift-Website/app/layout.tsx

https://nextjs.org/docs/messages/module-not-found


[next]/internal/font/google/geist_6a5d6895.module.css:134:9
Module not found: Can't resolve '@vercel/turbopack-next/internal/font/google/font'
[0m [90m 132 |[39m   font[33m-[39mdisplay[33m:[39m swap[33m;[39m
 [90m 133 |[39m   src[33m:[39m url([33m@[39mvercel[33m/[39mturbopack[33m-[39mnext[33m/[39minternal[33m/[39mfont[33m/[39mgoogle[35m/font?{%22url%22:%22https:/[39m[33m/[39mfonts[33m.[39mgstatic[33m.[39mcom[33m/[39ms[33m/[39mgeist[33m/[39mv5[33m/[39mgyByhwUxId8gMEwcGFWNOITd[33m.[39mwoff2[33m%[39m[35m22[39m[33m,[39m[33m%[39m[35m22[39mpreload[33m%[39m[35m22[39m[33m:[39m[36mtrue[39m[33m,[39m[33m%[39m[35m22[39mhas_size_adjust[33m%[39m[35m22[39m[33m:[39m[36mtrue[39m}) format([32m'woff2'[39m)[33m;[39m
[31m[1m>[22m[39m[90m 134 |[39m   unicode[33m-[39mrange[33m:[39m [33mU[39m[33m+[39m[35m0000[39m[33m-[39m[35m00[39m[33mFF[39m[33m,[39m [33mU[39m[33m+[39m[35m0131[39m[33m,[39m [33mU[39m[33m+[39m[35m0152[39m[33m-[39m[35m0153[39m[33m,[39m [33mU[39m[33m+[39m[35m02[39m[33mBB[39m[33m-[39m[35m02[39m[33mBC[39m[33m,[39m [33mU[39m[33m+[39m[35m02[39m[33mC6[39m[33m,[39m [33mU[39m[33m+[39m[35m02[39m[33mDA[39m[33m,[39m [33mU[39m[33m+[39m[35m02[39m[33mDC[39m[33m,[39m [33mU[39m[33m+[39m[35m0304[39m[33m,[39m [33mU[39m[33m+[39m[35m0308[39m[33m,[39m [33mU[39m[33m+[39m[35m0329[39m[33m,[39m [33mU[39m[33m+[39m[35m2000[39m[33m-[39m[35m206[39m[33mF[39m[33m,[39m [33mU[39m[33m+[39m[35m20[39m[33mAC[39m[33m,[39m [33mU[39m[33m+[39m[35m2122[39m[33m,[39m [33mU[39m[33m+[39m[35m2191[39m[33m,[39m [33mU[39m[33m+[39m[35m2193[39m[33m,[39m [33mU[39m[33m+[39m[35m2212[39m[33m,[39m [33mU[39m[33m+[39m[35m2215[39m[33m,[39m [33mU[39m[33m+[39m[33mFEFF[39m[33m,[39m [33mU[39m[33m+[39m[33mFFFD[39m[33m;[39m
 [90m     |[39m         [31m[1m^[22m[39m
 [90m 135 |[39m }
 [90m 136 |[39m [90m/* cyrillic-ext */[39m
 [90m 137 |[39m [33m@[39mfont[33m-[39mface {[0m

Import map: Resolved by import map


Import trace:
  Server Component:
    [next]/internal/font/google/geist_6a5d6895.module.css
    [next]/internal/font/google/geist_6a5d6895.js
    ./Egale-Swift/Egale-Swift-Website/app/layout.tsx

https://nextjs.org/docs/messages/module-not-found


[next]/internal/font/google/geist_6a5d6895.module.css:143:9
Module not found: Can't resolve '@vercel/turbopack-next/internal/font/google/font'
[0m [90m 141 |[39m   font[33m-[39mdisplay[33m:[39m swap[33m;[39m
 [90m 142 |[39m   src[33m:[39m url([33m@[39mvercel[33m/[39mturbopack[33m-[39mnext[33m/[39minternal[33m/[39mfont[33m/[39mgoogle[35m/font?{%22url%22:%22https:/[39m[33m/[39mfonts[33m.[39mgstatic[33m.[39mcom[33m/[39ms[33m/[39mgeist[33m/[39mv5[33m/[39mgyByhwUxId8gMEwRGFWNOITddY4[33m.[39mwoff2[33m%[39m[35m22[39m[33m,[39m[33m%[39m[35m22[39mpreload[33m%[39m[35m22[39m[33m:[39m[36mfalse[39m[33m,[39m[33m%[39m[35m22[39mhas_size_adjust[33m%[39m[35m22[39m[33m:[39m[36mtrue[39m}) format([32m'woff2'[39m)[33m;[39m
[31m[1m>[22m[39m[90m 143 |[39m   unicode[33m-[39mrange[33m:[39m [33mU[39m[33m+[39m[35m0460[39m[33m-[39m[35m052[39m[33mF[39m[33m,[39m [33mU[39m[33m+[39m[35m1[39m[33mC80[39m[33m-[39m[35m1[39m[33mC8A[39m[33m,[39m [33mU[39m[33m+[39m[35m20[39m[33mB4[39m[33m,[39m [33mU[39m[33m+[39m[35m2[39m[33mDE0[39m[33m-[39m[35m2[39m[33mDFF[39m[33m,[39m [33mU[39m[33m+[39m[33mA640[39m[33m-[39m[33mA69F[39m[33m,[39m [33mU[39m[33m+[39m[33mFE2E[39m[33m-[39m[33mFE2F[39m[33m;[39m
 [90m     |[39m         [31m[1m^[22m[39m
 [90m 144 |[39m }
 [90m 145 |[39m [90m/* cyrillic */[39m
 [90m 146 |[39m [33m@[39mfont[33m-[39mface {[0m

Import map: Resolved by import map


Import trace:
  Server Component:
    [next]/internal/font/google/geist_6a5d6895.module.css
    [next]/internal/font/google/geist_6a5d6895.js
    ./Egale-Swift/Egale-Swift-Website/app/layout.tsx

https://nextjs.org/docs/messages/module-not-found


[next]/internal/font/google/geist_6a5d6895.module.css:152:9
Module not found: Can't resolve '@vercel/turbopack-next/internal/font/google/font'
[0m [90m 150 |[39m   font[33m-[39mdisplay[33m:[39m swap[33m;[39m
 [90m 151 |[39m   src[33m:[39m url([33m@[39mvercel[33m/[39mturbopack[33m-[39mnext[33m/[39minternal[33m/[39mfont[33m/[39mgoogle[35m/font?{%22url%22:%22https:/[39m[33m/[39mfonts[33m.[39mgstatic[33m.[39mcom[33m/[39ms[33m/[39mgeist[33m/[39mv5[33m/[39mgyByhwUxId8gMEwYGFWNOITddY4[33m.[39mwoff2[33m%[39m[35m22[39m[33m,[39m[33m%[39m[35m22[39mpreload[33m%[39m[35m22[39m[33m:[39m[36mfalse[39m[33m,[39m[33m%[39m[35m22[39mhas_size_adjust[33m%[39m[35m22[39m[33m:[39m[36mtrue[39m}) format([32m'woff2'[39m)[33m;[39m
[31m[1m>[22m[39m[90m 152 |[39m   unicode[33m-[39mrange[33m:[39m [33mU[39m[33m+[39m[35m0301[39m[33m,[39m [33mU[39m[33m+[39m[35m0400[39m[33m-[39m[35m045[39m[33mF[39m[33m,[39m [33mU[39m[33m+[39m[35m0490[39m[33m-[39m[35m0491[39m[33m,[39m [33mU[39m[33m+[39m[35m04[39m[33mB0[39m[33m-[39m[35m04[39m[33mB1[39m[33m,[39m [33mU[39m[33m+[39m[35m2116[39m[33m;[39m
 [90m     |[39m         [31m[1m^[22m[39m
 [90m 153 |[39m }
 [90m 154 |[39m [90m/* vietnamese */[39m
 [90m 155 |[39m [33m@[39mfont[33m-[39mface {[0m

Import map: Resolved by import map


Import trace:
  Server Component:
    [next]/internal/font/google/geist_6a5d6895.module.css
    [next]/internal/font/google/geist_6a5d6895.js
    ./Egale-Swift/Egale-Swift-Website/app/layout.tsx

https://nextjs.org/docs/messages/module-not-found


[next]/internal/font/google/geist_6a5d6895.module.css:161:9
Module not found: Can't resolve '@vercel/turbopack-next/internal/font/google/font'
[0m [90m 159 |[39m   font[33m-[39mdisplay[33m:[39m swap[33m;[39m
 [90m 160 |[39m   src[33m:[39m url([33m@[39mvercel[33m/[39mturbopack[33m-[39mnext[33m/[39minternal[33m/[39mfont[33m/[39mgoogle[35m/font?{%22url%22:%22https:/[39m[33m/[39mfonts[33m.[39mgstatic[33m.[39mcom[33m/[39ms[33m/[39mgeist[33m/[39mv5[33m/[39mgyByhwUxId8gMEwTGFWNOITddY4[33m.[39mwoff2[33m%[39m[35m22[39m[33m,[39m[33m%[39m[35m22[39mpreload[33m%[39m[35m22[39m[33m:[39m[36mfalse[39m[33m,[39m[33m%[39m[35m22[39mhas_size_adjust[33m%[39m[35m22[39m[33m:[39m[36mtrue[39m}) format([32m'woff2'[39m)[33m;[39m
[31m[1m>[22m[39m[90m 161 |[39m   unicode[33m-[39mrange[33m:[39m [33mU[39m[33m+[39m[35m0102[39m[33m-[39m[35m0103[39m[33m,[39m [33mU[39m[33m+[39m[35m0110[39m[33m-[39m[35m0111[39m[33m,[39m [33mU[39m[33m+[39m[35m0128[39m[33m-[39m[35m0129[39m[33m,[39m [33mU[39m[33m+[39m[35m0168[39m[33m-[39m[35m0169[39m[33m,[39m [33mU[39m[33m+[39m[35m01[39m[33mA0[39m[33m-[39m[35m01[39m[33mA1[39m[33m,[39m [33mU[39m[33m+[39m[35m01[39m[33mAF[39m[33m-[39m[35m01[39m[33mB0[39m[33m,[39m [33mU[39m[33m+[39m[35m0300[39m[33m-[39m[35m0301[39m[33m,[39m [33mU[39m[33m+[39m[35m0303[39m[33m-[39m[35m0304[39m[33m,[39m [33mU[39m[33m+[39m[35m0308[39m[33m-[39m[35m0309[39m[33m,[39m [33mU[39m[33m+[39m[35m0323[39m[33m,[39m [33mU[39m[33m+[39m[35m0329[39m[33m,[39m [33mU[39m[33m+[39m[35m1[39m[33mEA0[39m[33m-[39m[35m1[39m[33mEF9[39m[33m,[39m [33mU[39m[33m+[39m[35m20[39m[33mAB[39m[33m;[39m
 [90m     |[39m         [31m[1m^[22m[39m
 [90m 162 |[39m }
 [90m 163 |[39m [90m/* latin-ext */[39m
 [90m 164 |[39m [33m@[39mfont[33m-[39mface {[0m

Import map: Resolved by import map


Import trace:
  Server Component:
    [next]/internal/font/google/geist_6a5d6895.module.css
    [next]/internal/font/google/geist_6a5d6895.js
    ./Egale-Swift/Egale-Swift-Website/app/layout.tsx

https://nextjs.org/docs/messages/module-not-found


[next]/internal/font/google/geist_6a5d6895.module.css:170:9
Module not found: Can't resolve '@vercel/turbopack-next/internal/font/google/font'
[0m [90m 168 |[39m   font[33m-[39mdisplay[33m:[39m swap[33m;[39m
 [90m 169 |[39m   src[33m:[39m url([33m@[39mvercel[33m/[39mturbopack[33m-[39mnext[33m/[39minternal[33m/[39mfont[33m/[39mgoogle[35m/font?{%22url%22:%22https:/[39m[33m/[39mfonts[33m.[39mgstatic[33m.[39mcom[33m/[39ms[33m/[39mgeist[33m/[39mv5[33m/[39mgyByhwUxId8gMEwSGFWNOITddY4[33m.[39mwoff2[33m%[39m[35m22[39m[33m,[39m[33m%[39m[35m22[39mpreload[33m%[39m[35m22[39m[33m:[39m[36mfalse[39m[33m,[39m[33m%[39m[35m22[39mhas_size_adjust[33m%[39m[35m22[39m[33m:[39m[36mtrue[39m}) format([32m'woff2'[39m)[33m;[39m
[31m[1m>[22m[39m[90m 170 |[39m   unicode[33m-[39mrange[33m:[39m [33mU[39m[33m+[39m[35m0100[39m[33m-[39m[35m02[39m[33mBA[39m[33m,[39m [33mU[39m[33m+[39m[35m02[39m[33mBD[39m[33m-[39m[35m02[39m[33mC5[39m[33m,[39m [33mU[39m[33m+[39m[35m02[39m[33mC7[39m[33m-[39m[35m02[39m[33mCC[39m[33m,[39m [33mU[39m[33m+[39m[35m02[39m[33mCE[39m[33m-[39m[35m02[39m[33mD7[39m[33m,[39m [33mU[39m[33m+[39m[35m02[39m[33mDD[39m[33m-[39m[35m02[39m[33mFF[39m[33m,[39m [33mU[39m[33m+[39m[35m0304[39m[33m,[39m [33mU[39m[33m+[39m[35m0308[39m[33m,[39m [33mU[39m[33m+[39m[35m0329[39m[33m,[39m [33mU[39m[33m+[39m[35m1[39m[33mD00[39m[33m-[39m[35m1[39m[33mDBF[39m[33m,[39m [33mU[39m[33m+[39m[35m1E00[39m[33m-[39m[35m1E9[39m[33mF[39m[33m,[39m [33mU[39m[33m+[39m[35m1[39m[33mEF2[39m[33m-[39m[35m1[39m[33mEFF[39m[33m,[39m [33mU[39m[33m+[39m[35m2020[39m[33m,[39m [33mU[39m[33m+[39m[35m20[39m[33mA0[39m[33m-[39m[35m20[39m[33mAB[39m[33m,[39m [33mU[39m[33m+[39m[35m20[39m[33mAD[39m[33m-[39m[35m20[39m[33mC0[39m[33m,[39m [33mU[39m[33m+[39m[35m2113[39m[33m,[39m [33mU[39m[33m+[39m[35m2[39m[33mC60[39m[33m-[39m[35m2[39m[33mC7F[39m[33m,[39m [33mU[39m[33m+[39m[33mA720[39m[33m-[39m[33mA7FF[39m[33m;[39m
 [90m     |[39m         [31m[1m^[22m[39m
 [90m 171 |[39m }
 [90m 172 |[39m [90m/* latin */[39m
 [90m 173 |[39m [33m@[39mfont[33m-[39mface {[0m

Import map: Resolved by import map


Import trace:
  Server Component:
    [next]/internal/font/google/geist_6a5d6895.module.css
    [next]/internal/font/google/geist_6a5d6895.js
    ./Egale-Swift/Egale-Swift-Website/app/layout.tsx

https://nextjs.org/docs/messages/module-not-found


[next]/internal/font/google/geist_6a5d6895.module.css:179:9
Module not found: Can't resolve '@vercel/turbopack-next/internal/font/google/font'
[0m [90m 177 |[39m   font[33m-[39mdisplay[33m:[39m swap[33m;[39m
 [90m 178 |[39m   src[33m:[39m url([33m@[39mvercel[33m/[39mturbopack[33m-[39mnext[33m/[39minternal[33m/[39mfont[33m/[39mgoogle[35m/font?{%22url%22:%22https:/[39m[33m/[39mfonts[33m.[39mgstatic[33m.[39mcom[33m/[39ms[33m/[39mgeist[33m/[39mv5[33m/[39mgyByhwUxId8gMEwcGFWNOITd[33m.[39mwoff2[33m%[39m[35m22[39m[33m,[39m[33m%[39m[35m22[39mpreload[33m%[39m[35m22[39m[33m:[39m[36mtrue[39m[33m,[39m[33m%[39m[35m22[39mhas_size_adjust[33m%[39m[35m22[39m[33m:[39m[36mtrue[39m}) format([32m'woff2'[39m)[33m;[39m
[31m[1m>[22m[39m[90m 179 |[39m   unicode[33m-[39mrange[33m:[39m [33mU[39m[33m+[39m[35m0000[39m[33m-[39m[35m00[39m[33mFF[39m[33m,[39m [33mU[39m[33m+[39m[35m0131[39m[33m,[39m [33mU[39m[33m+[39m[35m0152[39m[33m-[39m[35m0153[39m[33m,[39m [33mU[39m[33m+[39m[35m02[39m[33mBB[39m[33m-[39m[35m02[39m[33mBC[39m[33m,[39m [33mU[39m[33m+[39m[35m02[39m[33mC6[39m[33m,[39m [33mU[39m[33m+[39m[35m02[39m[33mDA[39m[33m,[39m [33mU[39m[33m+[39m[35m02[39m[33mDC[39m[33m,[39m [33mU[39m[33m+[39m[35m0304[39m[33m,[39m [33mU[39m[33m+[39m[35m0308[39m[33m,[39m [33mU[39m[33m+[39m[35m0329[39m[33m,[39m [33mU[39m[33m+[39m[35m2000[39m[33m-[39m[35m206[39m[33mF[39m[33m,[39m [33mU[39m[33m+[39m[35m20[39m[33mAC[39m[33m,[39m [33mU[39m[33m+[39m[35m2122[39m[33m,[39m [33mU[39m[33m+[39m[35m2191[39m[33m,[39m [33mU[39m[33m+[39m[35m2193[39m[33m,[39m [33mU[39m[33m+[39m[35m2212[39m[33m,[39m [33mU[39m[33m+[39m[35m2215[39m[33m,[39m [33mU[39m[33m+[39m[33mFEFF[39m[33m,[39m [33mU[39m[33m+[39m[33mFFFD[39m[33m;[39m
 [90m     |[39m         [31m[1m^[22m[39m
 [90m 180 |[39m }
 [90m 181 |[39m [90m/* cyrillic-ext */[39m
 [90m 182 |[39m [33m@[39mfont[33m-[39mface {[0m

Import map: Resolved by import map


Import trace:
  Server Component:
    [next]/internal/font/google/geist_6a5d6895.module.css
    [next]/internal/font/google/geist_6a5d6895.js
    ./Egale-Swift/Egale-Swift-Website/app/layout.tsx

https://nextjs.org/docs/messages/module-not-found


[next]/internal/font/google/geist_6a5d6895.module.css:188:9
Module not found: Can't resolve '@vercel/turbopack-next/internal/font/google/font'
[0m [90m 186 |[39m   font[33m-[39mdisplay[33m:[39m swap[33m;[39m
 [90m 187 |[39m   src[33m:[39m url([33m@[39mvercel[33m/[39mturbopack[33m-[39mnext[33m/[39minternal[33m/[39mfont[33m/[39mgoogle[35m/font?{%22url%22:%22https:/[39m[33m/[39mfonts[33m.[39mgstatic[33m.[39mcom[33m/[39ms[33m/[39mgeist[33m/[39mv5[33m/[39mgyByhwUxId8gMEwRGFWNOITddY4[33m.[39mwoff2[33m%[39m[35m22[39m[33m,[39m[33m%[39m[35m22[39mpreload[33m%[39m[35m22[39m[33m:[39m[36mfalse[39m[33m,[39m[33m%[39m[35m22[39mhas_size_adjust[33m%[39m[35m22[39m[33m:[39m[36mtrue[39m}) format([32m'woff2'[39m)[33m;[39m
[31m[1m>[22m[39m[90m 188 |[39m   unicode[33m-[39mrange[33m:[39m [33mU[39m[33m+[39m[35m0460[39m[33m-[39m[35m052[39m[33mF[39m[33m,[39m [33mU[39m[33m+[39m[35m1[39m[33mC80[39m[33m-[39m[35m1[39m[33mC8A[39m[33m,[39m [33mU[39m[33m+[39m[35m20[39m[33mB4[39m[33m,[39m [33mU[39m[33m+[39m[35m2[39m[33mDE0[39m[33m-[39m[35m2[39m[33mDFF[39m[33m,[39m [33mU[39m[33m+[39m[33mA640[39m[33m-[39m[33mA69F[39m[33m,[39m [33mU[39m[33m+[39m[33mFE2E[39m[33m-[39m[33mFE2F[39m[33m;[39m
 [90m     |[39m         [31m[1m^[22m[39m
 [90m 189 |[39m }
 [90m 190 |[39m [90m/* cyrillic */[39m
 [90m 191 |[39m [33m@[39mfont[33m-[39mface {[0m

Import map: Resolved by import map


Import trace:
  Server Component:
    [next]/internal/font/google/geist_6a5d6895.module.css
    [next]/internal/font/google/geist_6a5d6895.js
    ./Egale-Swift/Egale-Swift-Website/app/layout.tsx

https://nextjs.org/docs/messages/module-not-found


[next]/internal/font/google/geist_6a5d6895.module.css:197:9
Module not found: Can't resolve '@vercel/turbopack-next/internal/font/google/font'
[0m [90m 195 |[39m   font[33m-[39mdisplay[33m:[39m swap[33m;[39m
 [90m 196 |[39m   src[33m:[39m url([33m@[39mvercel[33m/[39mturbopack[33m-[39mnext[33m/[39minternal[33m/[39mfont[33m/[39mgoogle[35m/font?{%22url%22:%22https:/[39m[33m/[39mfonts[33m.[39mgstatic[33m.[39mcom[33m/[39ms[33m/[39mgeist[33m/[39mv5[33m/[39mgyByhwUxId8gMEwYGFWNOITddY4[33m.[39mwoff2[33m%[39m[35m22[39m[33m,[39m[33m%[39m[35m22[39mpreload[33m%[39m[35m22[39m[33m:[39m[36mfalse[39m[33m,[39m[33m%[39m[35m22[39mhas_size_adjust[33m%[39m[35m22[39m[33m:[39m[36mtrue[39m}) format([32m'woff2'[39m)[33m;[39m
[31m[1m>[22m[39m[90m 197 |[39m   unicode[33m-[39mrange[33m:[39m [33mU[39m[33m+[39m[35m0301[39m[33m,[39m [33mU[39m[33m+[39m[35m0400[39m[33m-[39m[35m045[39m[33mF[39m[33m,[39m [33mU[39m[33m+[39m[35m0490[39m[33m-[39m[35m0491[39m[33m,[39m [33mU[39m[33m+[39m[35m04[39m[33mB0[39m[33m-[39m[35m04[39m[33mB1[39m[33m,[39m [33mU[39m[33m+[39m[35m2116[39m[33m;[39m
 [90m     |[39m         [31m[1m^[22m[39m
 [90m 198 |[39m }
 [90m 199 |[39m [90m/* vietnamese */[39m
 [90m 200 |[39m [33m@[39mfont[33m-[39mface {[0m

Import map: Resolved by import map


Import trace:
  Server Component:
    [next]/internal/font/google/geist_6a5d6895.module.css
    [next]/internal/font/google/geist_6a5d6895.js
    ./Egale-Swift/Egale-Swift-Website/app/layout.tsx

https://nextjs.org/docs/messages/module-not-found


[next]/internal/font/google/geist_6a5d6895.module.css:206:9
Module not found: Can't resolve '@vercel/turbopack-next/internal/font/google/font'
[0m [90m 204 |[39m   font[33m-[39mdisplay[33m:[39m swap[33m;[39m
 [90m 205 |[39m   src[33m:[39m url([33m@[39mvercel[33m/[39mturbopack[33m-[39mnext[33m/[39minternal[33m/[39mfont[33m/[39mgoogle[35m/font?{%22url%22:%22https:/[39m[33m/[39mfonts[33m.[39mgstatic[33m.[39mcom[33m/[39ms[33m/[39mgeist[33m/[39mv5[33m/[39mgyByhwUxId8gMEwTGFWNOITddY4[33m.[39mwoff2[33m%[39m[35m22[39m[33m,[39m[33m%[39m[35m22[39mpreload[33m%[39m[35m22[39m[33m:[39m[36mfalse[39m[33m,[39m[33m%[39m[35m22[39mhas_size_adjust[33m%[39m[35m22[39m[33m:[39m[36mtrue[39m}) format([32m'woff2'[39m)[33m;[39m
[31m[1m>[22m[39m[90m 206 |[39m   unicode[33m-[39mrange[33m:[39m [33mU[39m[33m+[39m[35m0102[39m[33m-[39m[35m0103[39m[33m,[39m [33mU[39m[33m+[39m[35m0110[39m[33m-[39m[35m0111[39m[33m,[39m [33mU[39m[33m+[39m[35m0128[39m[33m-[39m[35m0129[39m[33m,[39m [33mU[39m[33m+[39m[35m0168[39m[33m-[39m[35m0169[39m[33m,[39m [33mU[39m[33m+[39m[35m01[39m[33mA0[39m[33m-[39m[35m01[39m[33mA1[39m[33m,[39m [33mU[39m[33m+[39m[35m01[39m[33mAF[39m[33m-[39m[35m01[39m[33mB0[39m[33m,[39m [33mU[39m[33m+[39m[35m0300[39m[33m-[39m[35m0301[39m[33m,[39m [33mU[39m[33m+[39m[35m0303[39m[33m-[39m[35m0304[39m[33m,[39m [33mU[39m[33m+[39m[35m0308[39m[33m-[39m[35m0309[39m[33m,[39m [33mU[39m[33m+[39m[35m0323[39m[33m,[39m [33mU[39m[33m+[39m[35m0329[39m[33m,[39m [33mU[39m[33m+[39m[35m1[39m[33mEA0[39m[33m-[39m[35m1[39m[33mEF9[39m[33m,[39m [33mU[39m[33m+[39m[35m20[39m[33mAB[39m[33m;[39m
 [90m     |[39m         [31m[1m^[22m[39m
 [90m 207 |[39m }
 [90m 208 |[39m [90m/* latin-ext */[39m
 [90m 209 |[39m [33m@[39mfont[33m-[39mface {[0m

Import map: Resolved by import map


Import trace:
  Server Component:
    [next]/internal/font/google/geist_6a5d6895.module.css
    [next]/internal/font/google/geist_6a5d6895.js
    ./Egale-Swift/Egale-Swift-Website/app/layout.tsx

https://nextjs.org/docs/messages/module-not-found


[next]/internal/font/google/geist_6a5d6895.module.css:215:9
Module not found: Can't resolve '@vercel/turbopack-next/internal/font/google/font'
[0m [90m 213 |[39m   font[33m-[39mdisplay[33m:[39m swap[33m;[39m
 [90m 214 |[39m   src[33m:[39m url([33m@[39mvercel[33m/[39mturbopack[33m-[39mnext[33m/[39minternal[33m/[39mfont[33m/[39mgoogle[35m/font?{%22url%22:%22https:/[39m[33m/[39mfonts[33m.[39mgstatic[33m.[39mcom[33m/[39ms[33m/[39mgeist[33m/[39mv5[33m/[39mgyByhwUxId8gMEwSGFWNOITddY4[33m.[39mwoff2[33m%[39m[35m22[39m[33m,[39m[33m%[39m[35m22[39mpreload[33m%[39m[35m22[39m[33m:[39m[36mfalse[39m[33m,[39m[33m%[39m[35m22[39mhas_size_adjust[33m%[39m[35m22[39m[33m:[39m[36mtrue[39m}) format([32m'woff2'[39m)[33m;[39m
[31m[1m>[22m[39m[90m 215 |[39m   unicode[33m-[39mrange[33m:[39m [33mU[39m[33m+[39m[35m0100[39m[33m-[39m[35m02[39m[33mBA[39m[33m,[39m [33mU[39m[33m+[39m[35m02[39m[33mBD[39m[33m-[39m[35m02[39m[33mC5[39m[33m,[39m [33mU[39m[33m+[39m[35m02[39m[33mC7[39m[33m-[39m[35m02[39m[33mCC[39m[33m,[39m [33mU[39m[33m+[39m[35m02[39m[33mCE[39m[33m-[39m[35m02[39m[33mD7[39m[33m,[39m [33mU[39m[33m+[39m[35m02[39m[33mDD[39m[33m-[39m[35m02[39m[33mFF[39m[33m,[39m [33mU[39m[33m+[39m[35m0304[39m[33m,[39m [33mU[39m[33m+[39m[35m0308[39m[33m,[39m [33mU[39m[33m+[39m[35m0329[39m[33m,[39m [33mU[39m[33m+[39m[35m1[39m[33mD00[39m[33m-[39m[35m1[39m[33mDBF[39m[33m,[39m [33mU[39m[33m+[39m[35m1E00[39m[33m-[39m[35m1E9[39m[33mF[39m[33m,[39m [33mU[39m[33m+[39m[35m1[39m[33mEF2[39m[33m-[39m[35m1[39m[33mEFF[39m[33m,[39m [33mU[39m[33m+[39m[35m2020[39m[33m,[39m [33mU[39m[33m+[39m[35m20[39m[33mA0[39m[33m-[39m[35m20[39m[33mAB[39m[33m,[39m [33mU[39m[33m+[39m[35m20[39m[33mAD[39m[33m-[39m[35m20[39m[33mC0[39m[33m,[39m [33mU[39m[33m+[39m[35m2113[39m[33m,[39m [33mU[39m[33m+[39m[35m2[39m[33mC60[39m[33m-[39m[35m2[39m[33mC7F[39m[33m,[39m [33mU[39m[33m+[39m[33mA720[39m[33m-[39m[33mA7FF[39m[33m;[39m
 [90m     |[39m         [31m[1m^[22m[39m
 [90m 216 |[39m }
 [90m 217 |[39m [90m/* latin */[39m
 [90m 218 |[39m [33m@[39mfont[33m-[39mface {[0m

Import map: Resolved by import map


Import trace:
  Server Component:
    [next]/internal/font/google/geist_6a5d6895.module.css
    [next]/internal/font/google/geist_6a5d6895.js
    ./Egale-Swift/Egale-Swift-Website/app/layout.tsx

https://nextjs.org/docs/messages/module-not-found


[next]/internal/font/google/geist_6a5d6895.module.css:224:9
Module not found: Can't resolve '@vercel/turbopack-next/internal/font/google/font'
[0m [90m 222 |[39m   font[33m-[39mdisplay[33m:[39m swap[33m;[39m
 [90m 223 |[39m   src[33m:[39m url([33m@[39mvercel[33m/[39mturbopack[33m-[39mnext[33m/[39minternal[33m/[39mfont[33m/[39mgoogle[35m/font?{%22url%22:%22https:/[39m[33m/[39mfonts[33m.[39mgstatic[33m.[39mcom[33m/[39ms[33m/[39mgeist[33m/[39mv5[33m/[39mgyByhwUxId8gMEwcGFWNOITd[33m.[39mwoff2[33m%[39m[35m22[39m[33m,[39m[33m%[39m[35m22[39mpreload[33m%[39m[35m22[39m[33m:[39m[36mtrue[39m[33m,[39m[33m%[39m[35m22[39mhas_size_adjust[33m%[39m[35m22[39m[33m:[39m[36mtrue[39m}) format([32m'woff2'[39m)[33m;[39m
[31m[1m>[22m[39m[90m 224 |[39m   unicode[33m-[39mrange[33m:[39m [33mU[39m[33m+[39m[35m0000[39m[33m-[39m[35m00[39m[33mFF[39m[33m,[39m [33mU[39m[33m+[39m[35m0131[39m[33m,[39m [33mU[39m[33m+[39m[35m0152[39m[33m-[39m[35m0153[39m[33m,[39m [33mU[39m[33m+[39m[35m02[39m[33mBB[39m[33m-[39m[35m02[39m[33mBC[39m[33m,[39m [33mU[39m[33m+[39m[35m02[39m[33mC6[39m[33m,[39m [33mU[39m[33m+[39m[35m02[39m[33mDA[39m[33m,[39m [33mU[39m[33m+[39m[35m02[39m[33mDC[39m[33m,[39m [33mU[39m[33m+[39m[35m0304[39m[33m,[39m [33mU[39m[33m+[39m[35m0308[39m[33m,[39m [33mU[39m[33m+[39m[35m0329[39m[33m,[39m [33mU[39m[33m+[39m[35m2000[39m[33m-[39m[35m206[39m[33mF[39m[33m,[39m [33mU[39m[33m+[39m[35m20[39m[33mAC[39m[33m,[39m [33mU[39m[33m+[39m[35m2122[39m[33m,[39m [33mU[39m[33m+[39m[35m2191[39m[33m,[39m [33mU[39m[33m+[39m[35m2193[39m[33m,[39m [33mU[39m[33m+[39m[35m2212[39m[33m,[39m [33mU[39m[33m+[39m[35m2215[39m[33m,[39m [33mU[39m[33m+[39m[33mFEFF[39m[33m,[39m [33mU[39m[33m+[39m[33mFFFD[39m[33m;[39m
 [90m     |[39m         [31m[1m^[22m[39m
 [90m 225 |[39m }
 [90m 226 |[39m [90m/* cyrillic-ext */[39m
 [90m 227 |[39m [33m@[39mfont[33m-[39mface {[0m

Import map: Resolved by import map


Import trace:
  Server Component:
    [next]/internal/font/google/geist_6a5d6895.module.css
    [next]/internal/font/google/geist_6a5d6895.js
    ./Egale-Swift/Egale-Swift-Website/app/layout.tsx

https://nextjs.org/docs/messages/module-not-found


[next]/internal/font/google/geist_6a5d6895.module.css:233:9
Module not found: Can't resolve '@vercel/turbopack-next/internal/font/google/font'
[0m [90m 231 |[39m   font[33m-[39mdisplay[33m:[39m swap[33m;[39m
 [90m 232 |[39m   src[33m:[39m url([33m@[39mvercel[33m/[39mturbopack[33m-[39mnext[33m/[39minternal[33m/[39mfont[33m/[39mgoogle[35m/font?{%22url%22:%22https:/[39m[33m/[39mfonts[33m.[39mgstatic[33m.[39mcom[33m/[39ms[33m/[39mgeist[33m/[39mv5[33m/[39mgyByhwUxId8gMEwRGFWNOITddY4[33m.[39mwoff2[33m%[39m[35m22[39m[33m,[39m[33m%[39m[35m22[39mpreload[33m%[39m[35m22[39m[33m:[39m[36mfalse[39m[33m,[39m[33m%[39m[35m22[39mhas_size_adjust[33m%[39m[35m22[39m[33m:[39m[36mtrue[39m}) format([32m'woff2'[39m)[33m;[39m
[31m[1m>[22m[39m[90m 233 |[39m   unicode[33m-[39mrange[33m:[39m [33mU[39m[33m+[39m[35m0460[39m[33m-[39m[35m052[39m[33mF[39m[33m,[39m [33mU[39m[33m+[39m[35m1[39m[33mC80[39m[33m-[39m[35m1[39m[33mC8A[39m[33m,[39m [33mU[39m[33m+[39m[35m20[39m[33mB4[39m[33m,[39m [33mU[39m[33m+[39m[35m2[39m[33mDE0[39m[33m-[39m[35m2[39m[33mDFF[39m[33m,[39m [33mU[39m[33m+[39m[33mA640[39m[33m-[39m[33mA69F[39m[33m,[39m [33mU[39m[33m+[39m[33mFE2E[39m[33m-[39m[33mFE2F[39m[33m;[39m
 [90m     |[39m         [31m[1m^[22m[39m
 [90m 234 |[39m }
 [90m 235 |[39m [90m/* cyrillic */[39m
 [90m 236 |[39m [33m@[39mfont[33m-[39mface {[0m

Import map: Resolved by import map


Import trace:
  Server Component:
    [next]/internal/font/google/geist_6a5d6895.module.css
    [next]/internal/font/google/geist_6a5d6895.js
    ./Egale-Swift/Egale-Swift-Website/app/layout.tsx

https://nextjs.org/docs/messages/module-not-found


[next]/internal/font/google/geist_6a5d6895.module.css:242:9
Module not found: Can't resolve '@vercel/turbopack-next/internal/font/google/font'
[0m [90m 240 |[39m   font[33m-[39mdisplay[33m:[39m swap[33m;[39m
 [90m 241 |[39m   src[33m:[39m url([33m@[39mvercel[33m/[39mturbopack[33m-[39mnext[33m/[39minternal[33m/[39mfont[33m/[39mgoogle[35m/font?{%22url%22:%22https:/[39m[33m/[39mfonts[33m.[39mgstatic[33m.[39mcom[33m/[39ms[33m/[39mgeist[33m/[39mv5[33m/[39mgyByhwUxId8gMEwYGFWNOITddY4[33m.[39mwoff2[33m%[39m[35m22[39m[33m,[39m[33m%[39m[35m22[39mpreload[33m%[39m[35m22[39m[33m:[39m[36mfalse[39m[33m,[39m[33m%[39m[35m22[39mhas_size_adjust[33m%[39m[35m22[39m[33m:[39m[36mtrue[39m}) format([32m'woff2'[39m)[33m;[39m
[31m[1m>[22m[39m[90m 242 |[39m   unicode[33m-[39mrange[33m:[39m [33mU[39m[33m+[39m[35m0301[39m[33m,[39m [33mU[39m[33m+[39m[35m0400[39m[33m-[39m[35m045[39m[33mF[39m[33m,[39m [33mU[39m[33m+[39m[35m0490[39m[33m-[39m[35m0491[39m[33m,[39m [33mU[39m[33m+[39m[35m04[39m[33mB0[39m[33m-[39m[35m04[39m[33mB1[39m[33m,[39m [33mU[39m[33m+[39m[35m2116[39m[33m;[39m
 [90m     |[39m         [31m[1m^[22m[39m
 [90m 243 |[39m }
 [90m 244 |[39m [90m/* vietnamese */[39m
 [90m 245 |[39m [33m@[39mfont[33m-[39mface {[0m

Import map: Resolved by import map


Import trace:
  Server Component:
    [next]/internal/font/google/geist_6a5d6895.module.css
    [next]/internal/font/google/geist_6a5d6895.js
    ./Egale-Swift/Egale-Swift-Website/app/layout.tsx

https://nextjs.org/docs/messages/module-not-found


[next]/internal/font/google/geist_6a5d6895.module.css:251:9
Module not found: Can't resolve '@vercel/turbopack-next/internal/font/google/font'
[0m [90m 249 |[39m   font[33m-[39mdisplay[33m:[39m swap[33m;[39m
 [90m 250 |[39m   src[33m:[39m url([33m@[39mvercel[33m/[39mturbopack[33m-[39mnext[33m/[39minternal[33m/[39mfont[33m/[39mgoogle[35m/font?{%22url%22:%22https:/[39m[33m/[39mfonts[33m.[39mgstatic[33m.[39mcom[33m/[39ms[33m/[39mgeist[33m/[39mv5[33m/[39mgyByhwUxId8gMEwTGFWNOITddY4[33m.[39mwoff2[33m%[39m[35m22[39m[33m,[39m[33m%[39m[35m22[39mpreload[33m%[39m[35m22[39m[33m:[39m[36mfalse[39m[33m,[39m[33m%[39m[35m22[39mhas_size_adjust[33m%[39m[35m22[39m[33m:[39m[36mtrue[39m}) format([32m'woff2'[39m)[33m;[39m
[31m[1m>[22m[39m[90m 251 |[39m   unicode[33m-[39mrange[33m:[39m [33mU[39m[33m+[39m[35m0102[39m[33m-[39m[35m0103[39m[33m,[39m [33mU[39m[33m+[39m[35m0110[39m[33m-[39m[35m0111[39m[33m,[39m [33mU[39m[33m+[39m[35m0128[39m[33m-[39m[35m0129[39m[33m,[39m [33mU[39m[33m+[39m[35m0168[39m[33m-[39m[35m0169[39m[33m,[39m [33mU[39m[33m+[39m[35m01[39m[33mA0[39m[33m-[39m[35m01[39m[33mA1[39m[33m,[39m [33mU[39m[33m+[39m[35m01[39m[33mAF[39m[33m-[39m[35m01[39m[33mB0[39m[33m,[39m [33mU[39m[33m+[39m[35m0300[39m[33m-[39m[35m0301[39m[33m,[39m [33mU[39m[33m+[39m[35m0303[39m[33m-[39m[35m0304[39m[33m,[39m [33mU[39m[33m+[39m[35m0308[39m[33m-[39m[35m0309[39m[33m,[39m [33mU[39m[33m+[39m[35m0323[39m[33m,[39m [33mU[39m[33m+[39m[35m0329[39m[33m,[39m [33mU[39m[33m+[39m[35m1[39m[33mEA0[39m[33m-[39m[35m1[39m[33mEF9[39m[33m,[39m [33mU[39m[33m+[39m[35m20[39m[33mAB[39m[33m;[39m
 [90m     |[39m         [31m[1m^[22m[39m
 [90m 252 |[39m }
 [90m 253 |[39m [90m/* latin-ext */[39m
 [90m 254 |[39m [33m@[39mfont[33m-[39mface {[0m

Import map: Resolved by import map


Import trace:
  Server Component:
    [next]/internal/font/google/geist_6a5d6895.module.css
    [next]/internal/font/google/geist_6a5d6895.js
    ./Egale-Swift/Egale-Swift-Website/app/layout.tsx

https://nextjs.org/docs/messages/module-not-found


[next]/internal/font/google/geist_6a5d6895.module.css:260:9
Module not found: Can't resolve '@vercel/turbopack-next/internal/font/google/font'
[0m [90m 258 |[39m   font[33m-[39mdisplay[33m:[39m swap[33m;[39m
 [90m 259 |[39m   src[33m:[39m url([33m@[39mvercel[33m/[39mturbopack[33m-[39mnext[33m/[39minternal[33m/[39mfont[33m/[39mgoogle[35m/font?{%22url%22:%22https:/[39m[33m/[39mfonts[33m.[39mgstatic[33m.[39mcom[33m/[39ms[33m/[39mgeist[33m/[39mv5[33m/[39mgyByhwUxId8gMEwSGFWNOITddY4[33m.[39mwoff2[33m%[39m[35m22[39m[33m,[39m[33m%[39m[35m22[39mpreload[33m%[39m[35m22[39m[33m:[39m[36mfalse[39m[33m,[39m[33m%[39m[35m22[39mhas_size_adjust[33m%[39m[35m22[39m[33m:[39m[36mtrue[39m}) format([32m'woff2'[39m)[33m;[39m
[31m[1m>[22m[39m[90m 260 |[39m   unicode[33m-[39mrange[33m:[39m [33mU[39m[33m+[39m[35m0100[39m[33m-[39m[35m02[39m[33mBA[39m[33m,[39m [33mU[39m[33m+[39m[35m02[39m[33mBD[39m[33m-[39m[35m02[39m[33mC5[39m[33m,[39m [33mU[39m[33m+[39m[35m02[39m[33mC7[39m[33m-[39m[35m02[39m[33mCC[39m[33m,[39m [33mU[39m[33m+[39m[35m02[39m[33mCE[39m[33m-[39m[35m02[39m[33mD7[39m[33m,[39m [33mU[39m[33m+[39m[35m02[39m[33mDD[39m[33m-[39m[35m02[39m[33mFF[39m[33m,[39m [33mU[39m[33m+[39m[35m0304[39m[33m,[39m [33mU[39m[33m+[39m[35m0308[39m[33m,[39m [33mU[39m[33m+[39m[35m0329[39m[33m,[39m [33mU[39m[33m+[39m[35m1[39m[33mD00[39m[33m-[39m[35m1[39m[33mDBF[39m[33m,[39m [33mU[39m[33m+[39m[35m1E00[39m[33m-[39m[35m1E9[39m[33mF[39m[33m,[39m [33mU[39m[33m+[39m[35m1[39m[33mEF2[39m[33m-[39m[35m1[39m[33mEFF[39m[33m,[39m [33mU[39m[33m+[39m[35m2020[39m[33m,[39m [33mU[39m[33m+[39m[35m20[39m[33mA0[39m[33m-[39m[35m20[39m[33mAB[39m[33m,[39m [33mU[39m[33m+[39m[35m20[39m[33mAD[39m[33m-[39m[35m20[39m[33mC0[39m[33m,[39m [33mU[39m[33m+[39m[35m2113[39m[33m,[39m [33mU[39m[33m+[39m[35m2[39m[33mC60[39m[33m-[39m[35m2[39m[33mC7F[39m[33m,[39m [33mU[39m[33m+[39m[33mA720[39m[33m-[39m[33mA7FF[39m[33m;[39m
 [90m     |[39m         [31m[1m^[22m[39m
 [90m 261 |[39m }
 [90m 262 |[39m [90m/* latin */[39m
 [90m 263 |[39m [33m@[39mfont[33m-[39mface {[0m

Import map: Resolved by import map


Import trace:
  Server Component:
    [next]/internal/font/google/geist_6a5d6895.module.css
    [next]/internal/font/google/geist_6a5d6895.js
    ./Egale-Swift/Egale-Swift-Website/app/layout.tsx

https://nextjs.org/docs/messages/module-not-found


[next]/internal/font/google/geist_6a5d6895.module.css:269:9
Module not found: Can't resolve '@vercel/turbopack-next/internal/font/google/font'
[0m [90m 267 |[39m   font[33m-[39mdisplay[33m:[39m swap[33m;[39m
 [90m 268 |[39m   src[33m:[39m url([33m@[39mvercel[33m/[39mturbopack[33m-[39mnext[33m/[39minternal[33m/[39mfont[33m/[39mgoogle[35m/font?{%22url%22:%22https:/[39m[33m/[39mfonts[33m.[39mgstatic[33m.[39mcom[33m/[39ms[33m/[39mgeist[33m/[39mv5[33m/[39mgyByhwUxId8gMEwcGFWNOITd[33m.[39mwoff2[33m%[39m[35m22[39m[33m,[39m[33m%[39m[35m22[39mpreload[33m%[39m[35m22[39m[33m:[39m[36mtrue[39m[33m,[39m[33m%[39m[35m22[39mhas_size_adjust[33m%[39m[35m22[39m[33m:[39m[36mtrue[39m}) format([32m'woff2'[39m)[33m;[39m
[31m[1m>[22m[39m[90m 269 |[39m   unicode[33m-[39mrange[33m:[39m [33mU[39m[33m+[39m[35m0000[39m[33m-[39m[35m00[39m[33mFF[39m[33m,[39m [33mU[39m[33m+[39m[35m0131[39m[33m,[39m [33mU[39m[33m+[39m[35m0152[39m[33m-[39m[35m0153[39m[33m,[39m [33mU[39m[33m+[39m[35m02[39m[33mBB[39m[33m-[39m[35m02[39m[33mBC[39m[33m,[39m [33mU[39m[33m+[39m[35m02[39m[33mC6[39m[33m,[39m [33mU[39m[33m+[39m[35m02[39m[33mDA[39m[33m,[39m [33mU[39m[33m+[39m[35m02[39m[33mDC[39m[33m,[39m [33mU[39m[33m+[39m[35m0304[39m[33m,[39m [33mU[39m[33m+[39m[35m0308[39m[33m,[39m [33mU[39m[33m+[39m[35m0329[39m[33m,[39m [33mU[39m[33m+[39m[35m2000[39m[33m-[39m[35m206[39m[33mF[39m[33m,[39m [33mU[39m[33m+[39m[35m20[39m[33mAC[39m[33m,[39m [33mU[39m[33m+[39m[35m2122[39m[33m,[39m [33mU[39m[33m+[39m[35m2191[39m[33m,[39m [33mU[39m[33m+[39m[35m2193[39m[33m,[39m [33mU[39m[33m+[39m[35m2212[39m[33m,[39m [33mU[39m[33m+[39m[35m2215[39m[33m,[39m [33mU[39m[33m+[39m[33mFEFF[39m[33m,[39m [33mU[39m[33m+[39m[33mFFFD[39m[33m;[39m
 [90m     |[39m         [31m[1m^[22m[39m
 [90m 270 |[39m }
 [90m 271 |[39m [90m/* cyrillic-ext */[39m
 [90m 272 |[39m [33m@[39mfont[33m-[39mface {[0m

Import map: Resolved by import map


Import trace:
  Server Component:
    [next]/internal/font/google/geist_6a5d6895.module.css
    [next]/internal/font/google/geist_6a5d6895.js
    ./Egale-Swift/Egale-Swift-Website/app/layout.tsx

https://nextjs.org/docs/messages/module-not-found


[next]/internal/font/google/geist_6a5d6895.module.css:278:9
Module not found: Can't resolve '@vercel/turbopack-next/internal/font/google/font'
[0m [90m 276 |[39m   font[33m-[39mdisplay[33m:[39m swap[33m;[39m
 [90m 277 |[39m   src[33m:[39m url([33m@[39mvercel[33m/[39mturbopack[33m-[39mnext[33m/[39minternal[33m/[39mfont[33m/[39mgoogle[35m/font?{%22url%22:%22https:/[39m[33m/[39mfonts[33m.[39mgstatic[33m.[39mcom[33m/[39ms[33m/[39mgeist[33m/[39mv5[33m/[39mgyByhwUxId8gMEwRGFWNOITddY4[33m.[39mwoff2[33m%[39m[35m22[39m[33m,[39m[33m%[39m[35m22[39mpreload[33m%[39m[35m22[39m[33m:[39m[36mfalse[39m[33m,[39m[33m%[39m[35m22[39mhas_size_adjust[33m%[39m[35m22[39m[33m:[39m[36mtrue[39m}) format([32m'woff2'[39m)[33m;[39m
[31m[1m>[22m[39m[90m 278 |[39m   unicode[33m-[39mrange[33m:[39m [33mU[39m[33m+[39m[35m0460[39m[33m-[39m[35m052[39m[33mF[39m[33m,[39m [33mU[39m[33m+[39m[35m1[39m[33mC80[39m[33m-[39m[35m1[39m[33mC8A[39m[33m,[39m [33mU[39m[33m+[39m[35m20[39m[33mB4[39m[33m,[39m [33mU[39m[33m+[39m[35m2[39m[33mDE0[39m[33m-[39m[35m2[39m[33mDFF[39m[33m,[39m [33mU[39m[33m+[39m[33mA640[39m[33m-[39m[33mA69F[39m[33m,[39m [33mU[39m[33m+[39m[33mFE2E[39m[33m-[39m[33mFE2F[39m[33m;[39m
 [90m     |[39m         [31m[1m^[22m[39m
 [90m 279 |[39m }
 [90m 280 |[39m [90m/* cyrillic */[39m
 [90m 281 |[39m [33m@[39mfont[33m-[39mface {[0m

Import map: Resolved by import map


Import trace:
  Server Component:
    [next]/internal/font/google/geist_6a5d6895.module.css
    [next]/internal/font/google/geist_6a5d6895.js
    ./Egale-Swift/Egale-Swift-Website/app/layout.tsx

https://nextjs.org/docs/messages/module-not-found


[next]/internal/font/google/geist_6a5d6895.module.css:287:9
Module not found: Can't resolve '@vercel/turbopack-next/internal/font/google/font'
[0m [90m 285 |[39m   font[33m-[39mdisplay[33m:[39m swap[33m;[39m
 [90m 286 |[39m   src[33m:[39m url([33m@[39mvercel[33m/[39mturbopack[33m-[39mnext[33m/[39minternal[33m/[39mfont[33m/[39mgoogle[35m/font?{%22url%22:%22https:/[39m[33m/[39mfonts[33m.[39mgstatic[33m.[39mcom[33m/[39ms[33m/[39mgeist[33m/[39mv5[33m/[39mgyByhwUxId8gMEwYGFWNOITddY4[33m.[39mwoff2[33m%[39m[35m22[39m[33m,[39m[33m%[39m[35m22[39mpreload[33m%[39m[35m22[39m[33m:[39m[36mfalse[39m[33m,[39m[33m%[39m[35m22[39mhas_size_adjust[33m%[39m[35m22[39m[33m:[39m[36mtrue[39m}) format([32m'woff2'[39m)[33m;[39m
[31m[1m>[22m[39m[90m 287 |[39m   unicode[33m-[39mrange[33m:[39m [33mU[39m[33m+[39m[35m0301[39m[33m,[39m [33mU[39m[33m+[39m[35m0400[39m[33m-[39m[35m045[39m[33mF[39m[33m,[39m [33mU[39m[33m+[39m[35m0490[39m[33m-[39m[35m0491[39m[33m,[39m [33mU[39m[33m+[39m[35m04[39m[33mB0[39m[33m-[39m[35m04[39m[33mB1[39m[33m,[39m [33mU[39m[33m+[39m[35m2116[39m[33m;[39m
 [90m     |[39m         [31m[1m^[22m[39m
 [90m 288 |[39m }
 [90m 289 |[39m [90m/* vietnamese */[39m
 [90m 290 |[39m [33m@[39mfont[33m-[39mface {[0m

Import map: Resolved by import map


Import trace:
  Server Component:
    [next]/internal/font/google/geist_6a5d6895.module.css
    [next]/internal/font/google/geist_6a5d6895.js
    ./Egale-Swift/Egale-Swift-Website/app/layout.tsx

https://nextjs.org/docs/messages/module-not-found


[next]/internal/font/google/geist_6a5d6895.module.css:296:9
Module not found: Can't resolve '@vercel/turbopack-next/internal/font/google/font'
[0m [90m 294 |[39m   font[33m-[39mdisplay[33m:[39m swap[33m;[39m
 [90m 295 |[39m   src[33m:[39m url([33m@[39mvercel[33m/[39mturbopack[33m-[39mnext[33m/[39minternal[33m/[39mfont[33m/[39mgoogle[35m/font?{%22url%22:%22https:/[39m[33m/[39mfonts[33m.[39mgstatic[33m.[39mcom[33m/[39ms[33m/[39mgeist[33m/[39mv5[33m/[39mgyByhwUxId8gMEwTGFWNOITddY4[33m.[39mwoff2[33m%[39m[35m22[39m[33m,[39m[33m%[39m[35m22[39mpreload[33m%[39m[35m22[39m[33m:[39m[36mfalse[39m[33m,[39m[33m%[39m[35m22[39mhas_size_adjust[33m%[39m[35m22[39m[33m:[39m[36mtrue[39m}) format([32m'woff2'[39m)[33m;[39m
[31m[1m>[22m[39m[90m 296 |[39m   unicode[33m-[39mrange[33m:[39m [33mU[39m[33m+[39m[35m0102[39m[33m-[39m[35m0103[39m[33m,[39m [33mU[39m[33m+[39m[35m0110[39m[33m-[39m[35m0111[39m[33m,[39m [33mU[39m[33m+[39m[35m0128[39m[33m-[39m[35m0129[39m[33m,[39m [33mU[39m[33m+[39m[35m0168[39m[33m-[39m[35m0169[39m[33m,[39m [33mU[39m[33m+[39m[35m01[39m[33mA0[39m[33m-[39m[35m01[39m[33mA1[39m[33m,[39m [33mU[39m[33m+[39m[35m01[39m[33mAF[39m[33m-[39m[35m01[39m[33mB0[39m[33m,[39m [33mU[39m[33m+[39m[35m0300[39m[33m-[39m[35m0301[39m[33m,[39m [33mU[39m[33m+[39m[35m0303[39m[33m-[39m[35m0304[39m[33m,[39m [33mU[39m[33m+[39m[35m0308[39m[33m-[39m[35m0309[39m[33m,[39m [33mU[39m[33m+[39m[35m0323[39m[33m,[39m [33mU[39m[33m+[39m[35m0329[39m[33m,[39m [33mU[39m[33m+[39m[35m1[39m[33mEA0[39m[33m-[39m[35m1[39m[33mEF9[39m[33m,[39m [33mU[39m[33m+[39m[35m20[39m[33mAB[39m[33m;[39m
 [90m     |[39m         [31m[1m^[22m[39m
 [90m 297 |[39m }
 [90m 298 |[39m [90m/* latin-ext */[39m
 [90m 299 |[39m [33m@[39mfont[33m-[39mface {[0m

Import map: Resolved by import map


Import trace:
  Server Component:
    [next]/internal/font/google/geist_6a5d6895.module.css
    [next]/internal/font/google/geist_6a5d6895.js
    ./Egale-Swift/Egale-Swift-Website/app/layout.tsx

https://nextjs.org/docs/messages/module-not-found


[next]/internal/font/google/geist_6a5d6895.module.css:305:9
Module not found: Can't resolve '@vercel/turbopack-next/internal/font/google/font'
[0m [90m 303 |[39m   font[33m-[39mdisplay[33m:[39m swap[33m;[39m
 [90m 304 |[39m   src[33m:[39m url([33m@[39mvercel[33m/[39mturbopack[33m-[39mnext[33m/[39minternal[33m/[39mfont[33m/[39mgoogle[35m/font?{%22url%22:%22https:/[39m[33m/[39mfonts[33m.[39mgstatic[33m.[39mcom[33m/[39ms[33m/[39mgeist[33m/[39mv5[33m/[39mgyByhwUxId8gMEwSGFWNOITddY4[33m.[39mwoff2[33m%[39m[35m22[39m[33m,[39m[33m%[39m[35m22[39mpreload[33m%[39m[35m22[39m[33m:[39m[36mfalse[39m[33m,[39m[33m%[39m[35m22[39mhas_size_adjust[33m%[39m[35m22[39m[33m:[39m[36mtrue[39m}) format([32m'woff2'[39m)[33m;[39m
[31m[1m>[22m[39m[90m 305 |[39m   unicode[33m-[39mrange[33m:[39m [33mU[39m[33m+[39m[35m0100[39m[33m-[39m[35m02[39m[33mBA[39m[33m,[39m [33mU[39m[33m+[39m[35m02[39m[33mBD[39m[33m-[39m[35m02[39m[33mC5[39m[33m,[39m [33mU[39m[33m+[39m[35m02[39m[33mC7[39m[33m-[39m[35m02[39m[33mCC[39m[33m,[39m [33mU[39m[33m+[39m[35m02[39m[33mCE[39m[33m-[39m[35m02[39m[33mD7[39m[33m,[39m [33mU[39m[33m+[39m[35m02[39m[33mDD[39m[33m-[39m[35m02[39m[33mFF[39m[33m,[39m [33mU[39m[33m+[39m[35m0304[39m[33m,[39m [33mU[39m[33m+[39m[35m0308[39m[33m,[39m [33mU[39m[33m+[39m[35m0329[39m[33m,[39m [33mU[39m[33m+[39m[35m1[39m[33mD00[39m[33m-[39m[35m1[39m[33mDBF[39m[33m,[39m [33mU[39m[33m+[39m[35m1E00[39m[33m-[39m[35m1E9[39m[33mF[39m[33m,[39m [33mU[39m[33m+[39m[35m1[39m[33mEF2[39m[33m-[39m[35m1[39m[33mEFF[39m[33m,[39m [33mU[39m[33m+[39m[35m2020[39m[33m,[39m [33mU[39m[33m+[39m[35m20[39m[33mA0[39m[33m-[39m[35m20[39m[33mAB[39m[33m,[39m [33mU[39m[33m+[39m[35m20[39m[33mAD[39m[33m-[39m[35m20[39m[33mC0[39m[33m,[39m [33mU[39m[33m+[39m[35m2113[39m[33m,[39m [33mU[39m[33m+[39m[35m2[39m[33mC60[39m[33m-[39m[35m2[39m[33mC7F[39m[33m,[39m [33mU[39m[33m+[39m[33mA720[39m[33m-[39m[33mA7FF[39m[33m;[39m
 [90m     |[39m         [31m[1m^[22m[39m
 [90m 306 |[39m }
 [90m 307 |[39m [90m/* latin */[39m
 [90m 308 |[39m [33m@[39mfont[33m-[39mface {[0m

Import map: Resolved by import map


Import trace:
  Server Component:
    [next]/internal/font/google/geist_6a5d6895.module.css
    [next]/internal/font/google/geist_6a5d6895.js
    ./Egale-Swift/Egale-Swift-Website/app/layout.tsx

https://nextjs.org/docs/messages/module-not-found


[next]/internal/font/google/geist_6a5d6895.module.css:314:9
Module not found: Can't resolve '@vercel/turbopack-next/internal/font/google/font'
[0m [90m 312 |[39m   font[33m-[39mdisplay[33m:[39m swap[33m;[39m
 [90m 313 |[39m   src[33m:[39m url([33m@[39mvercel[33m/[39mturbopack[33m-[39mnext[33m/[39minternal[33m/[39mfont[33m/[39mgoogle[35m/font?{%22url%22:%22https:/[39m[33m/[39mfonts[33m.[39mgstatic[33m.[39mcom[33m/[39ms[33m/[39mgeist[33m/[39mv5[33m/[39mgyByhwUxId8gMEwcGFWNOITd[33m.[39mwoff2[33m%[39m[35m22[39m[33m,[39m[33m%[39m[35m22[39mpreload[33m%[39m[35m22[39m[33m:[39m[36mtrue[39m[33m,[39m[33m%[39m[35m22[39mhas_size_adjust[33m%[39m[35m22[39m[33m:[39m[36mtrue[39m}) format([32m'woff2'[39m)[33m;[39m
[31m[1m>[22m[39m[90m 314 |[39m   unicode[33m-[39mrange[33m:[39m [33mU[39m[33m+[39m[35m0000[39m[33m-[39m[35m00[39m[33mFF[39m[33m,[39m [33mU[39m[33m+[39m[35m0131[39m[33m,[39m [33mU[39m[33m+[39m[35m0152[39m[33m-[39m[35m0153[39m[33m,[39m [33mU[39m[33m+[39m[35m02[39m[33mBB[39m[33m-[39m[35m02[39m[33mBC[39m[33m,[39m [33mU[39m[33m+[39m[35m02[39m[33mC6[39m[33m,[39m [33mU[39m[33m+[39m[35m02[39m[33mDA[39m[33m,[39m [33mU[39m[33m+[39m[35m02[39m[33mDC[39m[33m,[39m [33mU[39m[33m+[39m[35m0304[39m[33m,[39m [33mU[39m[33m+[39m[35m0308[39m[33m,[39m [33mU[39m[33m+[39m[35m0329[39m[33m,[39m [33mU[39m[33m+[39m[35m2000[39m[33m-[39m[35m206[39m[33mF[39m[33m,[39m [33mU[39m[33m+[39m[35m20[39m[33mAC[39m[33m,[39m [33mU[39m[33m+[39m[35m2122[39m[33m,[39m [33mU[39m[33m+[39m[35m2191[39m[33m,[39m [33mU[39m[33m+[39m[35m2193[39m[33m,[39m [33mU[39m[33m+[39m[35m2212[39m[33m,[39m [33mU[39m[33m+[39m[35m2215[39m[33m,[39m [33mU[39m[33m+[39m[33mFEFF[39m[33m,[39m [33mU[39m[33m+[39m[33mFFFD[39m[33m;[39m
 [90m     |[39m         [31m[1m^[22m[39m
 [90m 315 |[39m }
 [90m 316 |[39m [90m/* cyrillic-ext */[39m
 [90m 317 |[39m [33m@[39mfont[33m-[39mface {[0m

Import map: Resolved by import map


Import trace:
  Server Component:
    [next]/internal/font/google/geist_6a5d6895.module.css
    [next]/internal/font/google/geist_6a5d6895.js
    ./Egale-Swift/Egale-Swift-Website/app/layout.tsx

https://nextjs.org/docs/messages/module-not-found


[next]/internal/font/google/geist_6a5d6895.module.css:323:9
Module not found: Can't resolve '@vercel/turbopack-next/internal/font/google/font'
[0m [90m 321 |[39m   font[33m-[39mdisplay[33m:[39m swap[33m;[39m
 [90m 322 |[39m   src[33m:[39m url([33m@[39mvercel[33m/[39mturbopack[33m-[39mnext[33m/[39minternal[33m/[39mfont[33m/[39mgoogle[35m/font?{%22url%22:%22https:/[39m[33m/[39mfonts[33m.[39mgstatic[33m.[39mcom[33m/[39ms[33m/[39mgeist[33m/[39mv5[33m/[39mgyByhwUxId8gMEwRGFWNOITddY4[33m.[39mwoff2[33m%[39m[35m22[39m[33m,[39m[33m%[39m[35m22[39mpreload[33m%[39m[35m22[39m[33m:[39m[36mfalse[39m[33m,[39m[33m%[39m[35m22[39mhas_size_adjust[33m%[39m[35m22[39m[33m:[39m[36mtrue[39m}) format([32m'woff2'[39m)[33m;[39m
[31m[1m>[22m[39m[90m 323 |[39m   unicode[33m-[39mrange[33m:[39m [33mU[39m[33m+[39m[35m0460[39m[33m-[39m[35m052[39m[33mF[39m[33m,[39m [33mU[39m[33m+[39m[35m1[39m[33mC80[39m[33m-[39m[35m1[39m[33mC8A[39m[33m,[39m [33mU[39m[33m+[39m[35m20[39m[33mB4[39m[33m,[39m [33mU[39m[33m+[39m[35m2[39m[33mDE0[39m[33m-[39m[35m2[39m[33mDFF[39m[33m,[39m [33mU[39m[33m+[39m[33mA640[39m[33m-[39m[33mA69F[39m[33m,[39m [33mU[39m[33m+[39m[33mFE2E[39m[33m-[39m[33mFE2F[39m[33m;[39m
 [90m     |[39m         [31m[1m^[22m[39m
 [90m 324 |[39m }
 [90m 325 |[39m [90m/* cyrillic */[39m
 [90m 326 |[39m [33m@[39mfont[33m-[39mface {[0m

Import map: Resolved by import map


Import trace:
  Server Component:
    [next]/internal/font/google/geist_6a5d6895.module.css
    [next]/internal/font/google/geist_6a5d6895.js
    ./Egale-Swift/Egale-Swift-Website/app/layout.tsx

https://nextjs.org/docs/messages/module-not-found


[next]/internal/font/google/geist_6a5d6895.module.css:332:9
Module not found: Can't resolve '@vercel/turbopack-next/internal/font/google/font'
[0m [90m 330 |[39m   font[33m-[39mdisplay[33m:[39m swap[33m;[39m
 [90m 331 |[39m   src[33m:[39m url([33m@[39mvercel[33m/[39mturbopack[33m-[39mnext[33m/[39minternal[33m/[39mfont[33m/[39mgoogle[35m/font?{%22url%22:%22https:/[39m[33m/[39mfonts[33m.[39mgstatic[33m.[39mcom[33m/[39ms[33m/[39mgeist[33m/[39mv5[33m/[39mgyByhwUxId8gMEwYGFWNOITddY4[33m.[39mwoff2[33m%[39m[35m22[39m[33m,[39m[33m%[39m[35m22[39mpreload[33m%[39m[35m22[39m[33m:[39m[36mfalse[39m[33m,[39m[33m%[39m[35m22[39mhas_size_adjust[33m%[39m[35m22[39m[33m:[39m[36mtrue[39m}) format([32m'woff2'[39m)[33m;[39m
[31m[1m>[22m[39m[90m 332 |[39m   unicode[33m-[39mrange[33m:[39m [33mU[39m[33m+[39m[35m0301[39m[33m,[39m [33mU[39m[33m+[39m[35m0400[39m[33m-[39m[35m045[39m[33mF[39m[33m,[39m [33mU[39m[33m+[39m[35m0490[39m[33m-[39m[35m0491[39m[33m,[39m [33mU[39m[33m+[39m[35m04[39m[33mB0[39m[33m-[39m[35m04[39m[33mB1[39m[33m,[39m [33mU[39m[33m+[39m[35m2116[39m[33m;[39m
 [90m     |[39m         [31m[1m^[22m[39m
 [90m 333 |[39m }
 [90m 334 |[39m [90m/* vietnamese */[39m
 [90m 335 |[39m [33m@[39mfont[33m-[39mface {[0m

Import map: Resolved by import map


Import trace:
  Server Component:
    [next]/internal/font/google/geist_6a5d6895.module.css
    [next]/internal/font/google/geist_6a5d6895.js
    ./Egale-Swift/Egale-Swift-Website/app/layout.tsx

https://nextjs.org/docs/messages/module-not-found


[next]/internal/font/google/geist_6a5d6895.module.css:341:9
Module not found: Can't resolve '@vercel/turbopack-next/internal/font/google/font'
[0m [90m 339 |[39m   font[33m-[39mdisplay[33m:[39m swap[33m;[39m
 [90m 340 |[39m   src[33m:[39m url([33m@[39mvercel[33m/[39mturbopack[33m-[39mnext[33m/[39minternal[33m/[39mfont[33m/[39mgoogle[35m/font?{%22url%22:%22https:/[39m[33m/[39mfonts[33m.[39mgstatic[33m.[39mcom[33m/[39ms[33m/[39mgeist[33m/[39mv5[33m/[39mgyByhwUxId8gMEwTGFWNOITddY4[33m.[39mwoff2[33m%[39m[35m22[39m[33m,[39m[33m%[39m[35m22[39mpreload[33m%[39m[35m22[39m[33m:[39m[36mfalse[39m[33m,[39m[33m%[39m[35m22[39mhas_size_adjust[33m%[39m[35m22[39m[33m:[39m[36mtrue[39m}) format([32m'woff2'[39m)[33m;[39m
[31m[1m>[22m[39m[90m 341 |[39m   unicode[33m-[39mrange[33m:[39m [33mU[39m[33m+[39m[35m0102[39m[33m-[39m[35m0103[39m[33m,[39m [33mU[39m[33m+[39m[35m0110[39m[33m-[39m[35m0111[39m[33m,[39m [33mU[39m[33m+[39m[35m0128[39m[33m-[39m[35m0129[39m[33m,[39m [33mU[39m[33m+[39m[35m0168[39m[33m-[39m[35m0169[39m[33m,[39m [33mU[39m[33m+[39m[35m01[39m[33mA0[39m[33m-[39m[35m01[39m[33mA1[39m[33m,[39m [33mU[39m[33m+[39m[35m01[39m[33mAF[39m[33m-[39m[35m01[39m[33mB0[39m[33m,[39m [33mU[39m[33m+[39m[35m0300[39m[33m-[39m[35m0301[39m[33m,[39m [33mU[39m[33m+[39m[35m0303[39m[33m-[39m[35m0304[39m[33m,[39m [33mU[39m[33m+[39m[35m0308[39m[33m-[39m[35m0309[39m[33m,[39m [33mU[39m[33m+[39m[35m0323[39m[33m,[39m [33mU[39m[33m+[39m[35m0329[39m[33m,[39m [33mU[39m[33m+[39m[35m1[39m[33mEA0[39m[33m-[39m[35m1[39m[33mEF9[39m[33m,[39m [33mU[39m[33m+[39m[35m20[39m[33mAB[39m[33m;[39m
 [90m     |[39m         [31m[1m^[22m[39m
 [90m 342 |[39m }
 [90m 343 |[39m [90m/* latin-ext */[39m
 [90m 344 |[39m [33m@[39mfont[33m-[39mface {[0m

Import map: Resolved by import map


Import trace:
  Server Component:
    [next]/internal/font/google/geist_6a5d6895.module.css
    [next]/internal/font/google/geist_6a5d6895.js
    ./Egale-Swift/Egale-Swift-Website/app/layout.tsx

https://nextjs.org/docs/messages/module-not-found


[next]/internal/font/google/geist_6a5d6895.module.css:350:9
Module not found: Can't resolve '@vercel/turbopack-next/internal/font/google/font'
[0m [90m 348 |[39m   font[33m-[39mdisplay[33m:[39m swap[33m;[39m
 [90m 349 |[39m   src[33m:[39m url([33m@[39mvercel[33m/[39mturbopack[33m-[39mnext[33m/[39minternal[33m/[39mfont[33m/[39mgoogle[35m/font?{%22url%22:%22https:/[39m[33m/[39mfonts[33m.[39mgstatic[33m.[39mcom[33m/[39ms[33m/[39mgeist[33m/[39mv5[33m/[39mgyByhwUxId8gMEwSGFWNOITddY4[33m.[39mwoff2[33m%[39m[35m22[39m[33m,[39m[33m%[39m[35m22[39mpreload[33m%[39m[35m22[39m[33m:[39m[36mfalse[39m[33m,[39m[33m%[39m[35m22[39mhas_size_adjust[33m%[39m[35m22[39m[33m:[39m[36mtrue[39m}) format([32m'woff2'[39m)[33m;[39m
[31m[1m>[22m[39m[90m 350 |[39m   unicode[33m-[39mrange[33m:[39m [33mU[39m[33m+[39m[35m0100[39m[33m-[39m[35m02[39m[33mBA[39m[33m,[39m [33mU[39m[33m+[39m[35m02[39m[33mBD[39m[33m-[39m[35m02[39m[33mC5[39m[33m,[39m [33mU[39m[33m+[39m[35m02[39m[33mC7[39m[33m-[39m[35m02[39m[33mCC[39m[33m,[39m [33mU[39m[33m+[39m[35m02[39m[33mCE[39m[33m-[39m[35m02[39m[33mD7[39m[33m,[39m [33mU[39m[33m+[39m[35m02[39m[33mDD[39m[33m-[39m[35m02[39m[33mFF[39m[33m,[39m [33mU[39m[33m+[39m[35m0304[39m[33m,[39m [33mU[39m[33m+[39m[35m0308[39m[33m,[39m [33mU[39m[33m+[39m[35m0329[39m[33m,[39m [33mU[39m[33m+[39m[35m1[39m[33mD00[39m[33m-[39m[35m1[39m[33mDBF[39m[33m,[39m [33mU[39m[33m+[39m[35m1E00[39m[33m-[39m[35m1E9[39m[33mF[39m[33m,[39m [33mU[39m[33m+[39m[35m1[39m[33mEF2[39m[33m-[39m[35m1[39m[33mEFF[39m[33m,[39m [33mU[39m[33m+[39m[35m2020[39m[33m,[39m [33mU[39m[33m+[39m[35m20[39m[33mA0[39m[33m-[39m[35m20[39m[33mAB[39m[33m,[39m [33mU[39m[33m+[39m[35m20[39m[33mAD[39m[33m-[39m[35m20[39m[33mC0[39m[33m,[39m [33mU[39m[33m+[39m[35m2113[39m[33m,[39m [33mU[39m[33m+[39m[35m2[39m[33mC60[39m[33m-[39m[35m2[39m[33mC7F[39m[33m,[39m [33mU[39m[33m+[39m[33mA720[39m[33m-[39m[33mA7FF[39m[33m;[39m
 [90m     |[39m         [31m[1m^[22m[39m
 [90m 351 |[39m }
 [90m 352 |[39m [90m/* latin */[39m
 [90m 353 |[39m [33m@[39mfont[33m-[39mface {[0m

Import map: Resolved by import map


Import trace:
  Server Component:
    [next]/internal/font/google/geist_6a5d6895.module.css
    [next]/internal/font/google/geist_6a5d6895.js
    ./Egale-Swift/Egale-Swift-Website/app/layout.tsx

https://nextjs.org/docs/messages/module-not-found


[next]/internal/font/google/geist_6a5d6895.module.css:359:9
Module not found: Can't resolve '@vercel/turbopack-next/internal/font/google/font'
[0m [90m 357 |[39m   font[33m-[39mdisplay[33m:[39m swap[33m;[39m
 [90m 358 |[39m   src[33m:[39m url([33m@[39mvercel[33m/[39mturbopack[33m-[39mnext[33m/[39minternal[33m/[39mfont[33m/[39mgoogle[35m/font?{%22url%22:%22https:/[39m[33m/[39mfonts[33m.[39mgstatic[33m.[39mcom[33m/[39ms[33m/[39mgeist[33m/[39mv5[33m/[39mgyByhwUxId8gMEwcGFWNOITd[33m.[39mwoff2[33m%[39m[35m22[39m[33m,[39m[33m%[39m[35m22[39mpreload[33m%[39m[35m22[39m[33m:[39m[36mtrue[39m[33m,[39m[33m%[39m[35m22[39mhas_size_adjust[33m%[39m[35m22[39m[33m:[39m[36mtrue[39m}) format([32m'woff2'[39m)[33m;[39m
[31m[1m>[22m[39m[90m 359 |[39m   unicode[33m-[39mrange[33m:[39m [33mU[39m[33m+[39m[35m0000[39m[33m-[39m[35m00[39m[33mFF[39m[33m,[39m [33mU[39m[33m+[39m[35m0131[39m[33m,[39m [33mU[39m[33m+[39m[35m0152[39m[33m-[39m[35m0153[39m[33m,[39m [33mU[39m[33m+[39m[35m02[39m[33mBB[39m[33m-[39m[35m02[39m[33mBC[39m[33m,[39m [33mU[39m[33m+[39m[35m02[39m[33mC6[39m[33m,[39m [33mU[39m[33m+[39m[35m02[39m[33mDA[39m[33m,[39m [33mU[39m[33m+[39m[35m02[39m[33mDC[39m[33m,[39m [33mU[39m[33m+[39m[35m0304[39m[33m,[39m [33mU[39m[33m+[39m[35m0308[39m[33m,[39m [33mU[39m[33m+[39m[35m0329[39m[33m,[39m [33mU[39m[33m+[39m[35m2000[39m[33m-[39m[35m206[39m[33mF[39m[33m,[39m [33mU[39m[33m+[39m[35m20[39m[33mAC[39m[33m,[39m [33mU[39m[33m+[39m[35m2122[39m[33m,[39m [33mU[39m[33m+[39m[35m2191[39m[33m,[39m [33mU[39m[33m+[39m[35m2193[39m[33m,[39m [33mU[39m[33m+[39m[35m2212[39m[33m,[39m [33mU[39m[33m+[39m[35m2215[39m[33m,[39m [33mU[39m[33m+[39m[33mFEFF[39m[33m,[39m [33mU[39m[33m+[39m[33mFFFD[39m[33m;[39m
 [90m     |[39m         [31m[1m^[22m[39m
 [90m 360 |[39m }
 [90m 361 |[39m [90m/* cyrillic-ext */[39m
 [90m 362 |[39m [33m@[39mfont[33m-[39mface {[0m

Import map: Resolved by import map


Import trace:
  Server Component:
    [next]/internal/font/google/geist_6a5d6895.module.css
    [next]/internal/font/google/geist_6a5d6895.js
    ./Egale-Swift/Egale-Swift-Website/app/layout.tsx

https://nextjs.org/docs/messages/module-not-found


[next]/internal/font/google/geist_6a5d6895.module.css:368:9
Module not found: Can't resolve '@vercel/turbopack-next/internal/font/google/font'
[0m [90m 366 |[39m   font[33m-[39mdisplay[33m:[39m swap[33m;[39m
 [90m 367 |[39m   src[33m:[39m url([33m@[39mvercel[33m/[39mturbopack[33m-[39mnext[33m/[39minternal[33m/[39mfont[33m/[39mgoogle[35m/font?{%22url%22:%22https:/[39m[33m/[39mfonts[33m.[39mgstatic[33m.[39mcom[33m/[39ms[33m/[39mgeist[33m/[39mv5[33m/[39mgyByhwUxId8gMEwRGFWNOITddY4[33m.[39mwoff2[33m%[39m[35m22[39m[33m,[39m[33m%[39m[35m22[39mpreload[33m%[39m[35m22[39m[33m:[39m[36mfalse[39m[33m,[39m[33m%[39m[35m22[39mhas_size_adjust[33m%[39m[35m22[39m[33m:[39m[36mtrue[39m}) format([32m'woff2'[39m)[33m;[39m
[31m[1m>[22m[39m[90m 368 |[39m   unicode[33m-[39mrange[33m:[39m [33mU[39m[33m+[39m[35m0460[39m[33m-[39m[35m052[39m[33mF[39m[33m,[39m [33mU[39m[33m+[39m[35m1[39m[33mC80[39m[33m-[39m[35m1[39m[33mC8A[39m[33m,[39m [33mU[39m[33m+[39m[35m20[39m[33mB4[39m[33m,[39m [33mU[39m[33m+[39m[35m2[39m[33mDE0[39m[33m-[39m[35m2[39m[33mDFF[39m[33m,[39m [33mU[39m[33m+[39m[33mA640[39m[33m-[39m[33mA69F[39m[33m,[39m [33mU[39m[33m+[39m[33mFE2E[39m[33m-[39m[33mFE2F[39m[33m;[39m
 [90m     |[39m         [31m[1m^[22m[39m
 [90m 369 |[39m }
 [90m 370 |[39m [90m/* cyrillic */[39m
 [90m 371 |[39m [33m@[39mfont[33m-[39mface {[0m

Import map: Resolved by import map


Import trace:
  Server Component:
    [next]/internal/font/google/geist_6a5d6895.module.css
    [next]/internal/font/google/geist_6a5d6895.js
    ./Egale-Swift/Egale-Swift-Website/app/layout.tsx

https://nextjs.org/docs/messages/module-not-found


[next]/internal/font/google/geist_6a5d6895.module.css:377:9
Module not found: Can't resolve '@vercel/turbopack-next/internal/font/google/font'
[0m [90m 375 |[39m   font[33m-[39mdisplay[33m:[39m swap[33m;[39m
 [90m 376 |[39m   src[33m:[39m url([33m@[39mvercel[33m/[39mturbopack[33m-[39mnext[33m/[39minternal[33m/[39mfont[33m/[39mgoogle[35m/font?{%22url%22:%22https:/[39m[33m/[39mfonts[33m.[39mgstatic[33m.[39mcom[33m/[39ms[33m/[39mgeist[33m/[39mv5[33m/[39mgyByhwUxId8gMEwYGFWNOITddY4[33m.[39mwoff2[33m%[39m[35m22[39m[33m,[39m[33m%[39m[35m22[39mpreload[33m%[39m[35m22[39m[33m:[39m[36mfalse[39m[33m,[39m[33m%[39m[35m22[39mhas_size_adjust[33m%[39m[35m22[39m[33m:[39m[36mtrue[39m}) format([32m'woff2'[39m)[33m;[39m
[31m[1m>[22m[39m[90m 377 |[39m   unicode[33m-[39mrange[33m:[39m [33mU[39m[33m+[39m[35m0301[39m[33m,[39m [33mU[39m[33m+[39m[35m0400[39m[33m-[39m[35m045[39m[33mF[39m[33m,[39m [33mU[39m[33m+[39m[35m0490[39m[33m-[39m[35m0491[39m[33m,[39m [33mU[39m[33m+[39m[35m04[39m[33mB0[39m[33m-[39m[35m04[39m[33mB1[39m[33m,[39m [33mU[39m[33m+[39m[35m2116[39m[33m;[39m
 [90m     |[39m         [31m[1m^[22m[39m
 [90m 378 |[39m }
 [90m 379 |[39m [90m/* vietnamese */[39m
 [90m 380 |[39m [33m@[39mfont[33m-[39mface {[0m

Import map: Resolved by import map


Import trace:
  Server Component:
    [next]/internal/font/google/geist_6a5d6895.module.css
    [next]/internal/font/google/geist_6a5d6895.js
    ./Egale-Swift/Egale-Swift-Website/app/layout.tsx

https://nextjs.org/docs/messages/module-not-found


[next]/internal/font/google/geist_6a5d6895.module.css:386:9
Module not found: Can't resolve '@vercel/turbopack-next/internal/font/google/font'
[0m [90m 384 |[39m   font[33m-[39mdisplay[33m:[39m swap[33m;[39m
 [90m 385 |[39m   src[33m:[39m url([33m@[39mvercel[33m/[39mturbopack[33m-[39mnext[33m/[39minternal[33m/[39mfont[33m/[39mgoogle[35m/font?{%22url%22:%22https:/[39m[33m/[39mfonts[33m.[39mgstatic[33m.[39mcom[33m/[39ms[33m/[39mgeist[33m/[39mv5[33m/[39mgyByhwUxId8gMEwTGFWNOITddY4[33m.[39mwoff2[33m%[39m[35m22[39m[33m,[39m[33m%[39m[35m22[39mpreload[33m%[39m[35m22[39m[33m:[39m[36mfalse[39m[33m,[39m[33m%[39m[35m22[39mhas_size_adjust[33m%[39m[35m22[39m[33m:[39m[36mtrue[39m}) format([32m'woff2'[39m)[33m;[39m
[31m[1m>[22m[39m[90m 386 |[39m   unicode[33m-[39mrange[33m:[39m [33mU[39m[33m+[39m[35m0102[39m[33m-[39m[35m0103[39m[33m,[39m [33mU[39m[33m+[39m[35m0110[39m[33m-[39m[35m0111[39m[33m,[39m [33mU[39m[33m+[39m[35m0128[39m[33m-[39m[35m0129[39m[33m,[39m [33mU[39m[33m+[39m[35m0168[39m[33m-[39m[35m0169[39m[33m,[39m [33mU[39m[33m+[39m[35m01[39m[33mA0[39m[33m-[39m[35m01[39m[33mA1[39m[33m,[39m [33mU[39m[33m+[39m[35m01[39m[33mAF[39m[33m-[39m[35m01[39m[33mB0[39m[33m,[39m [33mU[39m[33m+[39m[35m0300[39m[33m-[39m[35m0301[39m[33m,[39m [33mU[39m[33m+[39m[35m0303[39m[33m-[39m[35m0304[39m[33m,[39m [33mU[39m[33m+[39m[35m0308[39m[33m-[39m[35m0309[39m[33m,[39m [33mU[39m[33m+[39m[35m0323[39m[33m,[39m [33mU[39m[33m+[39m[35m0329[39m[33m,[39m [33mU[39m[33m+[39m[35m1[39m[33mEA0[39m[33m-[39m[35m1[39m[33mEF9[39m[33m,[39m [33mU[39m[33m+[39m[35m20[39m[33mAB[39m[33m;[39m
 [90m     |[39m         [31m[1m^[22m[39m
 [90m 387 |[39m }
 [90m 388 |[39m [90m/* latin-ext */[39m
 [90m 389 |[39m [33m@[39mfont[33m-[39mface {[0m

Import map: Resolved by import map


Import trace:
  Server Component:
    [next]/internal/font/google/geist_6a5d6895.module.css
    [next]/internal/font/google/geist_6a5d6895.js
    ./Egale-Swift/Egale-Swift-Website/app/layout.tsx

https://nextjs.org/docs/messages/module-not-found


[next]/internal/font/google/geist_6a5d6895.module.css:395:9
Module not found: Can't resolve '@vercel/turbopack-next/internal/font/google/font'
[0m [90m 393 |[39m   font[33m-[39mdisplay[33m:[39m swap[33m;[39m
 [90m 394 |[39m   src[33m:[39m url([33m@[39mvercel[33m/[39mturbopack[33m-[39mnext[33m/[39minternal[33m/[39mfont[33m/[39mgoogle[35m/font?{%22url%22:%22https:/[39m[33m/[39mfonts[33m.[39mgstatic[33m.[39mcom[33m/[39ms[33m/[39mgeist[33m/[39mv5[33m/[39mgyByhwUxId8gMEwSGFWNOITddY4[33m.[39mwoff2[33m%[39m[35m22[39m[33m,[39m[33m%[39m[35m22[39mpreload[33m%[39m[35m22[39m[33m:[39m[36mfalse[39m[33m,[39m[33m%[39m[35m22[39mhas_size_adjust[33m%[39m[35m22[39m[33m:[39m[36mtrue[39m}) format([32m'woff2'[39m)[33m;[39m
[31m[1m>[22m[39m[90m 395 |[39m   unicode[33m-[39mrange[33m:[39m [33mU[39m[33m+[39m[35m0100[39m[33m-[39m[35m02[39m[33mBA[39m[33m,[39m [33mU[39m[33m+[39m[35m02[39m[33mBD[39m[33m-[39m[35m02[39m[33mC5[39m[33m,[39m [33mU[39m[33m+[39m[35m02[39m[33mC7[39m[33m-[39m[35m02[39m[33mCC[39m[33m,[39m [33mU[39m[33m+[39m[35m02[39m[33mCE[39m[33m-[39m[35m02[39m[33mD7[39m[33m,[39m [33mU[39m[33m+[39m[35m02[39m[33mDD[39m[33m-[39m[35m02[39m[33mFF[39m[33m,[39m [33mU[39m[33m+[39m[35m0304[39m[33m,[39m [33mU[39m[33m+[39m[35m0308[39m[33m,[39m [33mU[39m[33m+[39m[35m0329[39m[33m,[39m [33mU[39m[33m+[39m[35m1[39m[33mD00[39m[33m-[39m[35m1[39m[33mDBF[39m[33m,[39m [33mU[39m[33m+[39m[35m1E00[39m[33m-[39m[35m1E9[39m[33mF[39m[33m,[39m [33mU[39m[33m+[39m[35m1[39m[33mEF2[39m[33m-[39m[35m1[39m[33mEFF[39m[33m,[39m [33mU[39m[33m+[39m[35m2020[39m[33m,[39m [33mU[39m[33m+[39m[35m20[39m[33mA0[39m[33m-[39m[35m20[39m[33mAB[39m[33m,[39m [33mU[39m[33m+[39m[35m20[39m[33mAD[39m[33m-[39m[35m20[39m[33mC0[39m[33m,[39m [33mU[39m[33m+[39m[35m2113[39m[33m,[39m [33mU[39m[33m+[39m[35m2[39m[33mC60[39m[33m-[39m[35m2[39m[33mC7F[39m[33m,[39m [33mU[39m[33m+[39m[33mA720[39m[33m-[39m[33mA7FF[39m[33m;[39m
 [90m     |[39m         [31m[1m^[22m[39m
 [90m 396 |[39m }
 [90m 397 |[39m [90m/* latin */[39m
 [90m 398 |[39m [33m@[39mfont[33m-[39mface {[0m

Import map: Resolved by import map


Import trace:
  Server Component:
    [next]/internal/font/google/geist_6a5d6895.module.css
    [next]/internal/font/google/geist_6a5d6895.js
    ./Egale-Swift/Egale-Swift-Website/app/layout.tsx

https://nextjs.org/docs/messages/module-not-found


[next]/internal/font/google/geist_6a5d6895.module.css:404:9
Module not found: Can't resolve '@vercel/turbopack-next/internal/font/google/font'
[0m [90m 402 |[39m   font[33m-[39mdisplay[33m:[39m swap[33m;[39m
 [90m 403 |[39m   src[33m:[39m url([33m@[39mvercel[33m/[39mturbopack[33m-[39mnext[33m/[39minternal[33m/[39mfont[33m/[39mgoogle[35m/font?{%22url%22:%22https:/[39m[33m/[39mfonts[33m.[39mgstatic[33m.[39mcom[33m/[39ms[33m/[39mgeist[33m/[39mv5[33m/[39mgyByhwUxId8gMEwcGFWNOITd[33m.[39mwoff2[33m%[39m[35m22[39m[33m,[39m[33m%[39m[35m22[39mpreload[33m%[39m[35m22[39m[33m:[39m[36mtrue[39m[33m,[39m[33m%[39m[35m22[39mhas_size_adjust[33m%[39m[35m22[39m[33m:[39m[36mtrue[39m}) format([32m'woff2'[39m)[33m;[39m
[31m[1m>[22m[39m[90m 404 |[39m   unicode[33m-[39mrange[33m:[39m [33mU[39m[33m+[39m[35m0000[39m[33m-[39m[35m00[39m[33mFF[39m[33m,[39m [33mU[39m[33m+[39m[35m0131[39m[33m,[39m [33mU[39m[33m+[39m[35m0152[39m[33m-[39m[35m0153[39m[33m,[39m [33mU[39m[33m+[39m[35m02[39m[33mBB[39m[33m-[39m[35m02[39m[33mBC[39m[33m,[39m [33mU[39m[33m+[39m[35m02[39m[33mC6[39m[33m,[39m [33mU[39m[33m+[39m[35m02[39m[33mDA[39m[33m,[39m [33mU[39m[33m+[39m[35m02[39m[33mDC[39m[33m,[39m [33mU[39m[33m+[39m[35m0304[39m[33m,[39m [33mU[39m[33m+[39m[35m0308[39m[33m,[39m [33mU[39m[33m+[39m[35m0329[39m[33m,[39m [33mU[39m[33m+[39m[35m2000[39m[33m-[39m[35m206[39m[33mF[39m[33m,[39m [33mU[39m[33m+[39m[35m20[39m[33mAC[39m[33m,[39m [33mU[39m[33m+[39m[35m2122[39m[33m,[39m [33mU[39m[33m+[39m[35m2191[39m[33m,[39m [33mU[39m[33m+[39m[35m2193[39m[33m,[39m [33mU[39m[33m+[39m[35m2212[39m[33m,[39m [33mU[39m[33m+[39m[35m2215[39m[33m,[39m [33mU[39m[33m+[39m[33mFEFF[39m[33m,[39m [33mU[39m[33m+[39m[33mFFFD[39m[33m;[39m
 [90m     |[39m         [31m[1m^[22m[39m
 [90m 405 |[39m }
 [90m 406 |[39m [33m@[39mfont[33m-[39mface {
 [90m 407 |[39m     font[33m-[39mfamily[33m:[39m [32m'Geist Fallback'[39m[33m;[39m[0m

Import map: Resolved by import map


Import trace:
  Server Component:
    [next]/internal/font/google/geist_6a5d6895.module.css
    [next]/internal/font/google/geist_6a5d6895.js
    ./Egale-Swift/Egale-Swift-Website/app/layout.tsx

https://nextjs.org/docs/messages/module-not-found


[next]/internal/font/google/geist_mono_4695df1.module.css:8:9
Module not found: Can't resolve '@vercel/turbopack-next/internal/font/google/font'
[0m [90m  6 |[39m   font[33m-[39mdisplay[33m:[39m swap[33m;[39m
 [90m  7 |[39m   src[33m:[39m url([33m@[39mvercel[33m/[39mturbopack[33m-[39mnext[33m/[39minternal[33m/[39mfont[33m/[39mgoogle[35m/font?{%22url%22:%22https:/[39m[33m/[39mfonts[33m.[39mgstatic[33m.[39mcom[33m/[39ms[33m/[39mgeistmono[33m/[39mv5[33m/[39mor3nQ6H[33m-[39m[35m1[39m_WfwkMZI_qYFrodmhHkjkotbA[33m.[39mwoff2[33m%[39m[35m22[39m[33m,[39m[33m%[39m[35m22[39mpreload[33m%[39m[35m22[39m[33m:[39m[36mfalse[39m[33m,[39m[33m%[39m[35m22[39mhas_size_adjust[33m%[39m[35m22[39m[33m:[39m[36mtrue[39m}) format([32m'woff2'[39m)[33m;[39m
[31m[1m>[22m[39m[90m  8 |[39m   unicode[33m-[39mrange[33m:[39m [33mU[39m[33m+[39m[35m0460[39m[33m-[39m[35m052[39m[33mF[39m[33m,[39m [33mU[39m[33m+[39m[35m1[39m[33mC80[39m[33m-[39m[35m1[39m[33mC8A[39m[33m,[39m [33mU[39m[33m+[39m[35m20[39m[33mB4[39m[33m,[39m [33mU[39m[33m+[39m[35m2[39m[33mDE0[39m[33m-[39m[35m2[39m[33mDFF[39m[33m,[39m [33mU[39m[33m+[39m[33mA640[39m[33m-[39m[33mA69F[39m[33m,[39m [33mU[39m[33m+[39m[33mFE2E[39m[33m-[39m[33mFE2F[39m[33m;[39m
 [90m    |[39m         [31m[1m^[22m[39m
 [90m  9 |[39m }
 [90m 10 |[39m [90m/* cyrillic */[39m
 [90m 11 |[39m [33m@[39mfont[33m-[39mface {[0m

Import map: Resolved by import map


Import trace:
  Server Component:
    [next]/internal/font/google/geist_mono_4695df1.module.css
    [next]/internal/font/google/geist_mono_4695df1.js
    ./Egale-Swift/Egale-Swift-Website/app/layout.tsx

https://nextjs.org/docs/messages/module-not-found


[next]/internal/font/google/geist_mono_4695df1.module.css:17:9
Module not found: Can't resolve '@vercel/turbopack-next/internal/font/google/font'
[0m [90m 15 |[39m   font[33m-[39mdisplay[33m:[39m swap[33m;[39m
 [90m 16 |[39m   src[33m:[39m url([33m@[39mvercel[33m/[39mturbopack[33m-[39mnext[33m/[39minternal[33m/[39mfont[33m/[39mgoogle[35m/font?{%22url%22:%22https:/[39m[33m/[39mfonts[33m.[39mgstatic[33m.[39mcom[33m/[39ms[33m/[39mgeistmono[33m/[39mv5[33m/[39mor3nQ6H[33m-[39m[35m1[39m_WfwkMZI_qYFrMdmhHkjkotbA[33m.[39mwoff2[33m%[39m[35m22[39m[33m,[39m[33m%[39m[35m22[39mpreload[33m%[39m[35m22[39m[33m:[39m[36mfalse[39m[33m,[39m[33m%[39m[35m22[39mhas_size_adjust[33m%[39m[35m22[39m[33m:[39m[36mtrue[39m}) format([32m'woff2'[39m)[33m;[39m
[31m[1m>[22m[39m[90m 17 |[39m   unicode[33m-[39mrange[33m:[39m [33mU[39m[33m+[39m[35m0301[39m[33m,[39m [33mU[39m[33m+[39m[35m0400[39m[33m-[39m[35m045[39m[33mF[39m[33m,[39m [33mU[39m[33m+[39m[35m0490[39m[33m-[39m[35m0491[39m[33m,[39m [33mU[39m[33m+[39m[35m04[39m[33mB0[39m[33m-[39m[35m04[39m[33mB1[39m[33m,[39m [33mU[39m[33m+[39m[35m2116[39m[33m;[39m
 [90m    |[39m         [31m[1m^[22m[39m
 [90m 18 |[39m }
 [90m 19 |[39m [90m/* symbols2 */[39m
 [90m 20 |[39m [33m@[39mfont[33m-[39mface {[0m

Import map: Resolved by import map


Import trace:
  Server Component:
    [next]/internal/font/google/geist_mono_4695df1.module.css
    [next]/internal/font/google/geist_mono_4695df1.js
    ./Egale-Swift/Egale-Swift-Website/app/layout.tsx

https://nextjs.org/docs/messages/module-not-found


[next]/internal/font/google/geist_mono_4695df1.module.css:26:9
Module not found: Can't resolve '@vercel/turbopack-next/internal/font/google/font'
[0m [90m 24 |[39m   font[33m-[39mdisplay[33m:[39m swap[33m;[39m
 [90m 25 |[39m   src[33m:[39m url([33m@[39mvercel[33m/[39mturbopack[33m-[39mnext[33m/[39minternal[33m/[39mfont[33m/[39mgoogle[35m/font?{%22url%22:%22https:/[39m[33m/[39mfonts[33m.[39mgstatic[33m.[39mcom[33m/[39ms[33m/[39mgeistmono[33m/[39mv5[33m/[39mor3nQ6H[33m-[39m[35m1[39m_WfwkMZI_qYFg08vz7MhEIVVeA[33m.[39mwoff2[33m%[39m[35m22[39m[33m,[39m[33m%[39m[35m22[39mpreload[33m%[39m[35m22[39m[33m:[39m[36mfalse[39m[33m,[39m[33m%[39m[35m22[39mhas_size_adjust[33m%[39m[35m22[39m[33m:[39m[36mtrue[39m}) format([32m'woff2'[39m)[33m;[39m
[31m[1m>[22m[39m[90m 26 |[39m   unicode[33m-[39mrange[33m:[39m [33mU[39m[33m+[39m[35m2000[39m[33m-[39m[35m2001[39m[33m,[39m [33mU[39m[33m+[39m[35m2004[39m[33m-[39m[35m2008[39m[33m,[39m [33mU[39m[33m+[39m[35m200[39m[33mA[39m[33m,[39m [33mU[39m[33m+[39m[35m23[39m[33mB8[39m[33m-[39m[35m23[39m[33mBD[39m[33m,[39m [33mU[39m[33m+[39m[35m2500[39m[33m-[39m[35m259[39m[33mF[39m[33m;[39m
 [90m    |[39m         [31m[1m^[22m[39m
 [90m 27 |[39m }
 [90m 28 |[39m [90m/* vietnamese */[39m
 [90m 29 |[39m [33m@[39mfont[33m-[39mface {[0m

Import map: Resolved by import map


Import trace:
  Server Component:
    [next]/internal/font/google/geist_mono_4695df1.module.css
    [next]/internal/font/google/geist_mono_4695df1.js
    ./Egale-Swift/Egale-Swift-Website/app/layout.tsx

https://nextjs.org/docs/messages/module-not-found


[next]/internal/font/google/geist_mono_4695df1.module.css:35:9
Module not found: Can't resolve '@vercel/turbopack-next/internal/font/google/font'
[0m [90m 33 |[39m   font[33m-[39mdisplay[33m:[39m swap[33m;[39m
 [90m 34 |[39m   src[33m:[39m url([33m@[39mvercel[33m/[39mturbopack[33m-[39mnext[33m/[39minternal[33m/[39mfont[33m/[39mgoogle[35m/font?{%22url%22:%22https:/[39m[33m/[39mfonts[33m.[39mgstatic[33m.[39mcom[33m/[39ms[33m/[39mgeistmono[33m/[39mv5[33m/[39mor3nQ6H[33m-[39m[35m1[39m_WfwkMZI_qYFrgdmhHkjkotbA[33m.[39mwoff2[33m%[39m[35m22[39m[33m,[39m[33m%[39m[35m22[39mpreload[33m%[39m[35m22[39m[33m:[39m[36mfalse[39m[33m,[39m[33m%[39m[35m22[39mhas_size_adjust[33m%[39m[35m22[39m[33m:[39m[36mtrue[39m}) format([32m'woff2'[39m)[33m;[39m
[31m[1m>[22m[39m[90m 35 |[39m   unicode[33m-[39mrange[33m:[39m [33mU[39m[33m+[39m[35m0102[39m[33m-[39m[35m0103[39m[33m,[39m [33mU[39m[33m+[39m[35m0110[39m[33m-[39m[35m0111[39m[33m,[39m [33mU[39m[33m+[39m[35m0128[39m[33m-[39m[35m0129[39m[33m,[39m [33mU[39m[33m+[39m[35m0168[39m[33m-[39m[35m0169[39m[33m,[39m [33mU[39m[33m+[39m[35m01[39m[33mA0[39m[33m-[39m[35m01[39m[33mA1[39m[33m,[39m [33mU[39m[33m+[39m[35m01[39m[33mAF[39m[33m-[39m[35m01[39m[33mB0[39m[33m,[39m [33mU[39m[33m+[39m[35m0300[39m[33m-[39m[35m0301[39m[33m,[39m [33mU[39m[33m+[39m[35m0303[39m[33m-[39m[35m0304[39m[33m,[39m [33mU[39m[33m+[39m[35m0308[39m[33m-[39m[35m0309[39m[33m,[39m [33mU[39m[33m+[39m[35m0323[39m[33m,[39m [33mU[39m[33m+[39m[35m0329[39m[33m,[39m [33mU[39m[33m+[39m[35m1[39m[33mEA0[39m[33m-[39m[35m1[39m[33mEF9[39m[33m,[39m [33mU[39m[33m+[39m[35m20[39m[33mAB[39m[33m;[39m
 [90m    |[39m         [31m[1m^[22m[39m
 [90m 36 |[39m }
 [90m 37 |[39m [90m/* latin-ext */[39m
 [90m 38 |[39m [33m@[39mfont[33m-[39mface {[0m

Import map: Resolved by import map


Import trace:
  Server Component:
    [next]/internal/font/google/geist_mono_4695df1.module.css
    [next]/internal/font/google/geist_mono_4695df1.js
    ./Egale-Swift/Egale-Swift-Website/app/layout.tsx

https://nextjs.org/docs/messages/module-not-found


[next]/internal/font/google/geist_mono_4695df1.module.css:44:9
Module not found: Can't resolve '@vercel/turbopack-next/internal/font/google/font'
[0m [90m 42 |[39m   font[33m-[39mdisplay[33m:[39m swap[33m;[39m
 [90m 43 |[39m   src[33m:[39m url([33m@[39mvercel[33m/[39mturbopack[33m-[39mnext[33m/[39minternal[33m/[39mfont[33m/[39mgoogle[35m/font?{%22url%22:%22https:/[39m[33m/[39mfonts[33m.[39mgstatic[33m.[39mcom[33m/[39ms[33m/[39mgeistmono[33m/[39mv5[33m/[39mor3nQ6H[33m-[39m[35m1[39m_WfwkMZI_qYFrkdmhHkjkotbA[33m.[39mwoff2[33m%[39m[35m22[39m[33m,[39m[33m%[39m[35m22[39mpreload[33m%[39m[35m22[39m[33m:[39m[36mfalse[39m[33m,[39m[33m%[39m[35m22[39mhas_size_adjust[33m%[39m[35m22[39m[33m:[39m[36mtrue[39m}) format([32m'woff2'[39m)[33m;[39m
[31m[1m>[22m[39m[90m 44 |[39m   unicode[33m-[39mrange[33m:[39m [33mU[39m[33m+[39m[35m0100[39m[33m-[39m[35m02[39m[33mBA[39m[33m,[39m [33mU[39m[33m+[39m[35m02[39m[33mBD[39m[33m-[39m[35m02[39m[33mC5[39m[33m,[39m [33mU[39m[33m+[39m[35m02[39m[33mC7[39m[33m-[39m[35m02[39m[33mCC[39m[33m,[39m [33mU[39m[33m+[39m[35m02[39m[33mCE[39m[33m-[39m[35m02[39m[33mD7[39m[33m,[39m [33mU[39m[33m+[39m[35m02[39m[33mDD[39m[33m-[39m[35m02[39m[33mFF[39m[33m,[39m [33mU[39m[33m+[39m[35m0304[39m[33m,[39m [33mU[39m[33m+[39m[35m0308[39m[33m,[39m [33mU[39m[33m+[39m[35m0329[39m[33m,[39m [33mU[39m[33m+[39m[35m1[39m[33mD00[39m[33m-[39m[35m1[39m[33mDBF[39m[33m,[39m [33mU[39m[33m+[39m[35m1E00[39m[33m-[39m[35m1E9[39m[33mF[39m[33m,[39m [33mU[39m[33m+[39m[35m1[39m[33mEF2[39m[33m-[39m[35m1[39m[33mEFF[39m[33m,[39m [33mU[39m[33m+[39m[35m2020[39m[33m,[39m [33mU[39m[33m+[39m[35m20[39m[33mA0[39m[33m-[39m[35m20[39m[33mAB[39m[33m,[39m [33mU[39m[33m+[39m[35m20[39m[33mAD[39m[33m-[39m[35m20[39m[33mC0[39m[33m,[39m [33mU[39m[33m+[39m[35m2113[39m[33m,[39m [33mU[39m[33m+[39m[35m2[39m[33mC60[39m[33m-[39m[35m2[39m[33mC7F[39m[33m,[39m [33mU[39m[33m+[39m[33mA720[39m[33m-[39m[33mA7FF[39m[33m;[39m
 [90m    |[39m         [31m[1m^[22m[39m
 [90m 45 |[39m }
 [90m 46 |[39m [90m/* latin */[39m
 [90m 47 |[39m [33m@[39mfont[33m-[39mface {[0m

Import map: Resolved by import map


Import trace:
  Server Component:
    [next]/internal/font/google/geist_mono_4695df1.module.css
    [next]/internal/font/google/geist_mono_4695df1.js
    ./Egale-Swift/Egale-Swift-Website/app/layout.tsx

https://nextjs.org/docs/messages/module-not-found


[next]/internal/font/google/geist_mono_4695df1.module.css:53:9
Module not found: Can't resolve '@vercel/turbopack-next/internal/font/google/font'
[0m [90m 51 |[39m   font[33m-[39mdisplay[33m:[39m swap[33m;[39m
 [90m 52 |[39m   src[33m:[39m url([33m@[39mvercel[33m/[39mturbopack[33m-[39mnext[33m/[39minternal[33m/[39mfont[33m/[39mgoogle[35m/font?{%22url%22:%22https:/[39m[33m/[39mfonts[33m.[39mgstatic[33m.[39mcom[33m/[39ms[33m/[39mgeistmono[33m/[39mv5[33m/[39mor3nQ6H[33m-[39m[35m1[39m_WfwkMZI_qYFrcdmhHkjko[33m.[39mwoff2[33m%[39m[35m22[39m[33m,[39m[33m%[39m[35m22[39mpreload[33m%[39m[35m22[39m[33m:[39m[36mtrue[39m[33m,[39m[33m%[39m[35m22[39mhas_size_adjust[33m%[39m[35m22[39m[33m:[39m[36mtrue[39m}) format([32m'woff2'[39m)[33m;[39m
[31m[1m>[22m[39m[90m 53 |[39m   unicode[33m-[39mrange[33m:[39m [33mU[39m[33m+[39m[35m0000[39m[33m-[39m[35m00[39m[33mFF[39m[33m,[39m [33mU[39m[33m+[39m[35m0131[39m[33m,[39m [33mU[39m[33m+[39m[35m0152[39m[33m-[39m[35m0153[39m[33m,[39m [33mU[39m[33m+[39m[35m02[39m[33mBB[39m[33m-[39m[35m02[39m[33mBC[39m[33m,[39m [33mU[39m[33m+[39m[35m02[39m[33mC6[39m[33m,[39m [33mU[39m[33m+[39m[35m02[39m[33mDA[39m[33m,[39m [33mU[39m[33m+[39m[35m02[39m[33mDC[39m[33m,[39m [33mU[39m[33m+[39m[35m0304[39m[33m,[39m [33mU[39m[33m+[39m[35m0308[39m[33m,[39m [33mU[39m[33m+[39m[35m0329[39m[33m,[39m [33mU[39m[33m+[39m[35m2000[39m[33m-[39m[35m206[39m[33mF[39m[33m,[39m [33mU[39m[33m+[39m[35m20[39m[33mAC[39m[33m,[39m [33mU[39m[33m+[39m[35m2122[39m[33m,[39m [33mU[39m[33m+[39m[35m2191[39m[33m,[39m [33mU[39m[33m+[39m[35m2193[39m[33m,[39m [33mU[39m[33m+[39m[35m2212[39m[33m,[39m [33mU[39m[33m+[39m[35m2215[39m[33m,[39m [33mU[39m[33m+[39m[33mFEFF[39m[33m,[39m [33mU[39m[33m+[39m[33mFFFD[39m[33m;[39m
 [90m    |[39m         [31m[1m^[22m[39m
 [90m 54 |[39m }
 [90m 55 |[39m [90m/* cyrillic-ext */[39m
 [90m 56 |[39m [33m@[39mfont[33m-[39mface {[0m

Import map: Resolved by import map


Import trace:
  Server Component:
    [next]/internal/font/google/geist_mono_4695df1.module.css
    [next]/internal/font/google/geist_mono_4695df1.js
    ./Egale-Swift/Egale-Swift-Website/app/layout.tsx

https://nextjs.org/docs/messages/module-not-found


[next]/internal/font/google/geist_mono_4695df1.module.css:62:9
Module not found: Can't resolve '@vercel/turbopack-next/internal/font/google/font'
[0m [90m 60 |[39m   font[33m-[39mdisplay[33m:[39m swap[33m;[39m
 [90m 61 |[39m   src[33m:[39m url([33m@[39mvercel[33m/[39mturbopack[33m-[39mnext[33m/[39minternal[33m/[39mfont[33m/[39mgoogle[35m/font?{%22url%22:%22https:/[39m[33m/[39mfonts[33m.[39mgstatic[33m.[39mcom[33m/[39ms[33m/[39mgeistmono[33m/[39mv5[33m/[39mor3nQ6H[33m-[39m[35m1[39m_WfwkMZI_qYFrodmhHkjkotbA[33m.[39mwoff2[33m%[39m[35m22[39m[33m,[39m[33m%[39m[35m22[39mpreload[33m%[39m[35m22[39m[33m:[39m[36mfalse[39m[33m,[39m[33m%[39m[35m22[39mhas_size_adjust[33m%[39m[35m22[39m[33m:[39m[36mtrue[39m}) format([32m'woff2'[39m)[33m;[39m
[31m[1m>[22m[39m[90m 62 |[39m   unicode[33m-[39mrange[33m:[39m [33mU[39m[33m+[39m[35m0460[39m[33m-[39m[35m052[39m[33mF[39m[33m,[39m [33mU[39m[33m+[39m[35m1[39m[33mC80[39m[33m-[39m[35m1[39m[33mC8A[39m[33m,[39m [33mU[39m[33m+[39m[35m20[39m[33mB4[39m[33m,[39m [33mU[39m[33m+[39m[35m2[39m[33mDE0[39m[33m-[39m[35m2[39m[33mDFF[39m[33m,[39m [33mU[39m[33m+[39m[33mA640[39m[33m-[39m[33mA69F[39m[33m,[39m [33mU[39m[33m+[39m[33mFE2E[39m[33m-[39m[33mFE2F[39m[33m;[39m
 [90m    |[39m         [31m[1m^[22m[39m
 [90m 63 |[39m }
 [90m 64 |[39m [90m/* cyrillic */[39m
 [90m 65 |[39m [33m@[39mfont[33m-[39mface {[0m

Import map: Resolved by import map


Import trace:
  Server Component:
    [next]/internal/font/google/geist_mono_4695df1.module.css
    [next]/internal/font/google/geist_mono_4695df1.js
    ./Egale-Swift/Egale-Swift-Website/app/layout.tsx

https://nextjs.org/docs/messages/module-not-found


[next]/internal/font/google/geist_mono_4695df1.module.css:71:9
Module not found: Can't resolve '@vercel/turbopack-next/internal/font/google/font'
[0m [90m 69 |[39m   font[33m-[39mdisplay[33m:[39m swap[33m;[39m
 [90m 70 |[39m   src[33m:[39m url([33m@[39mvercel[33m/[39mturbopack[33m-[39mnext[33m/[39minternal[33m/[39mfont[33m/[39mgoogle[35m/font?{%22url%22:%22https:/[39m[33m/[39mfonts[33m.[39mgstatic[33m.[39mcom[33m/[39ms[33m/[39mgeistmono[33m/[39mv5[33m/[39mor3nQ6H[33m-[39m[35m1[39m_WfwkMZI_qYFrMdmhHkjkotbA[33m.[39mwoff2[33m%[39m[35m22[39m[33m,[39m[33m%[39m[35m22[39mpreload[33m%[39m[35m22[39m[33m:[39m[36mfalse[39m[33m,[39m[33m%[39m[35m22[39mhas_size_adjust[33m%[39m[35m22[39m[33m:[39m[36mtrue[39m}) format([32m'woff2'[39m)[33m;[39m
[31m[1m>[22m[39m[90m 71 |[39m   unicode[33m-[39mrange[33m:[39m [33mU[39m[33m+[39m[35m0301[39m[33m,[39m [33mU[39m[33m+[39m[35m0400[39m[33m-[39m[35m045[39m[33mF[39m[33m,[39m [33mU[39m[33m+[39m[35m0490[39m[33m-[39m[35m0491[39m[33m,[39m [33mU[39m[33m+[39m[35m04[39m[33mB0[39m[33m-[39m[35m04[39m[33mB1[39m[33m,[39m [33mU[39m[33m+[39m[35m2116[39m[33m;[39m
 [90m    |[39m         [31m[1m^[22m[39m
 [90m 72 |[39m }
 [90m 73 |[39m [90m/* symbols2 */[39m
 [90m 74 |[39m [33m@[39mfont[33m-[39mface {[0m

Import map: Resolved by import map


Import trace:
  Server Component:
    [next]/internal/font/google/geist_mono_4695df1.module.css
    [next]/internal/font/google/geist_mono_4695df1.js
    ./Egale-Swift/Egale-Swift-Website/app/layout.tsx

https://nextjs.org/docs/messages/module-not-found


[next]/internal/font/google/geist_mono_4695df1.module.css:80:9
Module not found: Can't resolve '@vercel/turbopack-next/internal/font/google/font'
[0m [90m 78 |[39m   font[33m-[39mdisplay[33m:[39m swap[33m;[39m
 [90m 79 |[39m   src[33m:[39m url([33m@[39mvercel[33m/[39mturbopack[33m-[39mnext[33m/[39minternal[33m/[39mfont[33m/[39mgoogle[35m/font?{%22url%22:%22https:/[39m[33m/[39mfonts[33m.[39mgstatic[33m.[39mcom[33m/[39ms[33m/[39mgeistmono[33m/[39mv5[33m/[39mor3nQ6H[33m-[39m[35m1[39m_WfwkMZI_qYFg08vz7MhEIVVeA[33m.[39mwoff2[33m%[39m[35m22[39m[33m,[39m[33m%[39m[35m22[39mpreload[33m%[39m[35m22[39m[33m:[39m[36mfalse[39m[33m,[39m[33m%[39m[35m22[39mhas_size_adjust[33m%[39m[35m22[39m[33m:[39m[36mtrue[39m}) format([32m'woff2'[39m)[33m;[39m
[31m[1m>[22m[39m[90m 80 |[39m   unicode[33m-[39mrange[33m:[39m [33mU[39m[33m+[39m[35m2000[39m[33m-[39m[35m2001[39m[33m,[39m [33mU[39m[33m+[39m[35m2004[39m[33m-[39m[35m2008[39m[33m,[39m [33mU[39m[33m+[39m[35m200[39m[33mA[39m[33m,[39m [33mU[39m[33m+[39m[35m23[39m[33mB8[39m[33m-[39m[35m23[39m[33mBD[39m[33m,[39m [33mU[39m[33m+[39m[35m2500[39m[33m-[39m[35m259[39m[33mF[39m[33m;[39m
 [90m    |[39m         [31m[1m^[22m[39m
 [90m 81 |[39m }
 [90m 82 |[39m [90m/* vietnamese */[39m
 [90m 83 |[39m [33m@[39mfont[33m-[39mface {[0m

Import map: Resolved by import map


Import trace:
  Server Component:
    [next]/internal/font/google/geist_mono_4695df1.module.css
    [next]/internal/font/google/geist_mono_4695df1.js
    ./Egale-Swift/Egale-Swift-Website/app/layout.tsx

https://nextjs.org/docs/messages/module-not-found


[next]/internal/font/google/geist_mono_4695df1.module.css:89:9
Module not found: Can't resolve '@vercel/turbopack-next/internal/font/google/font'
[0m [90m 87 |[39m   font[33m-[39mdisplay[33m:[39m swap[33m;[39m
 [90m 88 |[39m   src[33m:[39m url([33m@[39mvercel[33m/[39mturbopack[33m-[39mnext[33m/[39minternal[33m/[39mfont[33m/[39mgoogle[35m/font?{%22url%22:%22https:/[39m[33m/[39mfonts[33m.[39mgstatic[33m.[39mcom[33m/[39ms[33m/[39mgeistmono[33m/[39mv5[33m/[39mor3nQ6H[33m-[39m[35m1[39m_WfwkMZI_qYFrgdmhHkjkotbA[33m.[39mwoff2[33m%[39m[35m22[39m[33m,[39m[33m%[39m[35m22[39mpreload[33m%[39m[35m22[39m[33m:[39m[36mfalse[39m[33m,[39m[33m%[39m[35m22[39mhas_size_adjust[33m%[39m[35m22[39m[33m:[39m[36mtrue[39m}) format([32m'woff2'[39m)[33m;[39m
[31m[1m>[22m[39m[90m 89 |[39m   unicode[33m-[39mrange[33m:[39m [33mU[39m[33m+[39m[35m0102[39m[33m-[39m[35m0103[39m[33m,[39m [33mU[39m[33m+[39m[35m0110[39m[33m-[39m[35m0111[39m[33m,[39m [33mU[39m[33m+[39m[35m0128[39m[33m-[39m[35m0129[39m[33m,[39m [33mU[39m[33m+[39m[35m0168[39m[33m-[39m[35m0169[39m[33m,[39m [33mU[39m[33m+[39m[35m01[39m[33mA0[39m[33m-[39m[35m01[39m[33mA1[39m[33m,[39m [33mU[39m[33m+[39m[35m01[39m[33mAF[39m[33m-[39m[35m01[39m[33mB0[39m[33m,[39m [33mU[39m[33m+[39m[35m0300[39m[33m-[39m[35m0301[39m[33m,[39m [33mU[39m[33m+[39m[35m0303[39m[33m-[39m[35m0304[39m[33m,[39m [33mU[39m[33m+[39m[35m0308[39m[33m-[39m[35m0309[39m[33m,[39m [33mU[39m[33m+[39m[35m0323[39m[33m,[39m [33mU[39m[33m+[39m[35m0329[39m[33m,[39m [33mU[39m[33m+[39m[35m1[39m[33mEA0[39m[33m-[39m[35m1[39m[33mEF9[39m[33m,[39m [33mU[39m[33m+[39m[35m20[39m[33mAB[39m[33m;[39m
 [90m    |[39m         [31m[1m^[22m[39m
 [90m 90 |[39m }
 [90m 91 |[39m [90m/* latin-ext */[39m
 [90m 92 |[39m [33m@[39mfont[33m-[39mface {[0m

Import map: Resolved by import map


Import trace:
  Server Component:
    [next]/internal/font/google/geist_mono_4695df1.module.css
    [next]/internal/font/google/geist_mono_4695df1.js
    ./Egale-Swift/Egale-Swift-Website/app/layout.tsx

https://nextjs.org/docs/messages/module-not-found


[next]/internal/font/google/geist_mono_4695df1.module.css:98:9
Module not found: Can't resolve '@vercel/turbopack-next/internal/font/google/font'
[0m [90m  96 |[39m   font[33m-[39mdisplay[33m:[39m swap[33m;[39m
 [90m  97 |[39m   src[33m:[39m url([33m@[39mvercel[33m/[39mturbopack[33m-[39mnext[33m/[39minternal[33m/[39mfont[33m/[39mgoogle[35m/font?{%22url%22:%22https:/[39m[33m/[39mfonts[33m.[39mgstatic[33m.[39mcom[33m/[39ms[33m/[39mgeistmono[33m/[39mv5[33m/[39mor3nQ6H[33m-[39m[35m1[39m_WfwkMZI_qYFrkdmhHkjkotbA[33m.[39mwoff2[33m%[39m[35m22[39m[33m,[39m[33m%[39m[35m22[39mpreload[33m%[39m[35m22[39m[33m:[39m[36mfalse[39m[33m,[39m[33m%[39m[35m22[39mhas_size_adjust[33m%[39m[35m22[39m[33m:[39m[36mtrue[39m}) format([32m'woff2'[39m)[33m;[39m
[31m[1m>[22m[39m[90m  98 |[39m   unicode[33m-[39mrange[33m:[39m [33mU[39m[33m+[39m[35m0100[39m[33m-[39m[35m02[39m[33mBA[39m[33m,[39m [33mU[39m[33m+[39m[35m02[39m[33mBD[39m[33m-[39m[35m02[39m[33mC5[39m[33m,[39m [33mU[39m[33m+[39m[35m02[39m[33mC7[39m[33m-[39m[35m02[39m[33mCC[39m[33m,[39m [33mU[39m[33m+[39m[35m02[39m[33mCE[39m[33m-[39m[35m02[39m[33mD7[39m[33m,[39m [33mU[39m[33m+[39m[35m02[39m[33mDD[39m[33m-[39m[35m02[39m[33mFF[39m[33m,[39m [33mU[39m[33m+[39m[35m0304[39m[33m,[39m [33mU[39m[33m+[39m[35m0308[39m[33m,[39m [33mU[39m[33m+[39m[35m0329[39m[33m,[39m [33mU[39m[33m+[39m[35m1[39m[33mD00[39m[33m-[39m[35m1[39m[33mDBF[39m[33m,[39m [33mU[39m[33m+[39m[35m1E00[39m[33m-[39m[35m1E9[39m[33mF[39m[33m,[39m [33mU[39m[33m+[39m[35m1[39m[33mEF2[39m[33m-[39m[35m1[39m[33mEFF[39m[33m,[39m [33mU[39m[33m+[39m[35m2020[39m[33m,[39m [33mU[39m[33m+[39m[35m20[39m[33mA0[39m[33m-[39m[35m20[39m[33mAB[39m[33m,[39m [33mU[39m[33m+[39m[35m20[39m[33mAD[39m[33m-[39m[35m20[39m[33mC0[39m[33m,[39m [33mU[39m[33m+[39m[35m2113[39m[33m,[39m [33mU[39m[33m+[39m[35m2[39m[33mC60[39m[33m-[39m[35m2[39m[33mC7F[39m[33m,[39m [33mU[39m[33m+[39m[33mA720[39m[33m-[39m[33mA7FF[39m[33m;[39m
 [90m     |[39m         [31m[1m^[22m[39m
 [90m  99 |[39m }
 [90m 100 |[39m [90m/* latin */[39m
 [90m 101 |[39m [33m@[39mfont[33m-[39mface {[0m

Import map: Resolved by import map


Import trace:
  Server Component:
    [next]/internal/font/google/geist_mono_4695df1.module.css
    [next]/internal/font/google/geist_mono_4695df1.js
    ./Egale-Swift/Egale-Swift-Website/app/layout.tsx

https://nextjs.org/docs/messages/module-not-found


[next]/internal/font/google/geist_mono_4695df1.module.css:107:9
Module not found: Can't resolve '@vercel/turbopack-next/internal/font/google/font'
[0m [90m 105 |[39m   font[33m-[39mdisplay[33m:[39m swap[33m;[39m
 [90m 106 |[39m   src[33m:[39m url([33m@[39mvercel[33m/[39mturbopack[33m-[39mnext[33m/[39minternal[33m/[39mfont[33m/[39mgoogle[35m/font?{%22url%22:%22https:/[39m[33m/[39mfonts[33m.[39mgstatic[33m.[39mcom[33m/[39ms[33m/[39mgeistmono[33m/[39mv5[33m/[39mor3nQ6H[33m-[39m[35m1[39m_WfwkMZI_qYFrcdmhHkjko[33m.[39mwoff2[33m%[39m[35m22[39m[33m,[39m[33m%[39m[35m22[39mpreload[33m%[39m[35m22[39m[33m:[39m[36mtrue[39m[33m,[39m[33m%[39m[35m22[39mhas_size_adjust[33m%[39m[35m22[39m[33m:[39m[36mtrue[39m}) format([32m'woff2'[39m)[33m;[39m
[31m[1m>[22m[39m[90m 107 |[39m   unicode[33m-[39mrange[33m:[39m [33mU[39m[33m+[39m[35m0000[39m[33m-[39m[35m00[39m[33mFF[39m[33m,[39m [33mU[39m[33m+[39m[35m0131[39m[33m,[39m [33mU[39m[33m+[39m[35m0152[39m[33m-[39m[35m0153[39m[33m,[39m [33mU[39m[33m+[39m[35m02[39m[33mBB[39m[33m-[39m[35m02[39m[33mBC[39m[33m,[39m [33mU[39m[33m+[39m[35m02[39m[33mC6[39m[33m,[39m [33mU[39m[33m+[39m[35m02[39m[33mDA[39m[33m,[39m [33mU[39m[33m+[39m[35m02[39m[33mDC[39m[33m,[39m [33mU[39m[33m+[39m[35m0304[39m[33m,[39m [33mU[39m[33m+[39m[35m0308[39m[33m,[39m [33mU[39m[33m+[39m[35m0329[39m[33m,[39m [33mU[39m[33m+[39m[35m2000[39m[33m-[39m[35m206[39m[33mF[39m[33m,[39m [33mU[39m[33m+[39m[35m20[39m[33mAC[39m[33m,[39m [33mU[39m[33m+[39m[35m2122[39m[33m,[39m [33mU[39m[33m+[39m[35m2191[39m[33m,[39m [33mU[39m[33m+[39m[35m2193[39m[33m,[39m [33mU[39m[33m+[39m[35m2212[39m[33m,[39m [33mU[39m[33m+[39m[35m2215[39m[33m,[39m [33mU[39m[33m+[39m[33mFEFF[39m[33m,[39m [33mU[39m[33m+[39m[33mFFFD[39m[33m;[39m
 [90m     |[39m         [31m[1m^[22m[39m
 [90m 108 |[39m }
 [90m 109 |[39m [90m/* cyrillic-ext */[39m
 [90m 110 |[39m [33m@[39mfont[33m-[39mface {[0m

Import map: Resolved by import map


Import trace:
  Server Component:
    [next]/internal/font/google/geist_mono_4695df1.module.css
    [next]/internal/font/google/geist_mono_4695df1.js
    ./Egale-Swift/Egale-Swift-Website/app/layout.tsx

https://nextjs.org/docs/messages/module-not-found


[next]/internal/font/google/geist_mono_4695df1.module.css:116:9
Module not found: Can't resolve '@vercel/turbopack-next/internal/font/google/font'
[0m [90m 114 |[39m   font[33m-[39mdisplay[33m:[39m swap[33m;[39m
 [90m 115 |[39m   src[33m:[39m url([33m@[39mvercel[33m/[39mturbopack[33m-[39mnext[33m/[39minternal[33m/[39mfont[33m/[39mgoogle[35m/font?{%22url%22:%22https:/[39m[33m/[39mfonts[33m.[39mgstatic[33m.[39mcom[33m/[39ms[33m/[39mgeistmono[33m/[39mv5[33m/[39mor3nQ6H[33m-[39m[35m1[39m_WfwkMZI_qYFrodmhHkjkotbA[33m.[39mwoff2[33m%[39m[35m22[39m[33m,[39m[33m%[39m[35m22[39mpreload[33m%[39m[35m22[39m[33m:[39m[36mfalse[39m[33m,[39m[33m%[39m[35m22[39mhas_size_adjust[33m%[39m[35m22[39m[33m:[39m[36mtrue[39m}) format([32m'woff2'[39m)[33m;[39m
[31m[1m>[22m[39m[90m 116 |[39m   unicode[33m-[39mrange[33m:[39m [33mU[39m[33m+[39m[35m0460[39m[33m-[39m[35m052[39m[33mF[39m[33m,[39m [33mU[39m[33m+[39m[35m1[39m[33mC80[39m[33m-[39m[35m1[39m[33mC8A[39m[33m,[39m [33mU[39m[33m+[39m[35m20[39m[33mB4[39m[33m,[39m [33mU[39m[33m+[39m[35m2[39m[33mDE0[39m[33m-[39m[35m2[39m[33mDFF[39m[33m,[39m [33mU[39m[33m+[39m[33mA640[39m[33m-[39m[33mA69F[39m[33m,[39m [33mU[39m[33m+[39m[33mFE2E[39m[33m-[39m[33mFE2F[39m[33m;[39m
 [90m     |[39m         [31m[1m^[22m[39m
 [90m 117 |[39m }
 [90m 118 |[39m [90m/* cyrillic */[39m
 [90m 119 |[39m [33m@[39mfont[33m-[39mface {[0m

Import map: Resolved by import map


Import trace:
  Server Component:
    [next]/internal/font/google/geist_mono_4695df1.module.css
    [next]/internal/font/google/geist_mono_4695df1.js
    ./Egale-Swift/Egale-Swift-Website/app/layout.tsx

https://nextjs.org/docs/messages/module-not-found


[next]/internal/font/google/geist_mono_4695df1.module.css:125:9
Module not found: Can't resolve '@vercel/turbopack-next/internal/font/google/font'
[0m [90m 123 |[39m   font[33m-[39mdisplay[33m:[39m swap[33m;[39m
 [90m 124 |[39m   src[33m:[39m url([33m@[39mvercel[33m/[39mturbopack[33m-[39mnext[33m/[39minternal[33m/[39mfont[33m/[39mgoogle[35m/font?{%22url%22:%22https:/[39m[33m/[39mfonts[33m.[39mgstatic[33m.[39mcom[33m/[39ms[33m/[39mgeistmono[33m/[39mv5[33m/[39mor3nQ6H[33m-[39m[35m1[39m_WfwkMZI_qYFrMdmhHkjkotbA[33m.[39mwoff2[33m%[39m[35m22[39m[33m,[39m[33m%[39m[35m22[39mpreload[33m%[39m[35m22[39m[33m:[39m[36mfalse[39m[33m,[39m[33m%[39m[35m22[39mhas_size_adjust[33m%[39m[35m22[39m[33m:[39m[36mtrue[39m}) format([32m'woff2'[39m)[33m;[39m
[31m[1m>[22m[39m[90m 125 |[39m   unicode[33m-[39mrange[33m:[39m [33mU[39m[33m+[39m[35m0301[39m[33m,[39m [33mU[39m[33m+[39m[35m0400[39m[33m-[39m[35m045[39m[33mF[39m[33m,[39m [33mU[39m[33m+[39m[35m0490[39m[33m-[39m[35m0491[39m[33m,[39m [33mU[39m[33m+[39m[35m04[39m[33mB0[39m[33m-[39m[35m04[39m[33mB1[39m[33m,[39m [33mU[39m[33m+[39m[35m2116[39m[33m;[39m
 [90m     |[39m         [31m[1m^[22m[39m
 [90m 126 |[39m }
 [90m 127 |[39m [90m/* symbols2 */[39m
 [90m 128 |[39m [33m@[39mfont[33m-[39mface {[0m

Import map: Resolved by import map


Import trace:
  Server Component:
    [next]/internal/font/google/geist_mono_4695df1.module.css
    [next]/internal/font/google/geist_mono_4695df1.js
    ./Egale-Swift/Egale-Swift-Website/app/layout.tsx

https://nextjs.org/docs/messages/module-not-found


[next]/internal/font/google/geist_mono_4695df1.module.css:134:9
Module not found: Can't resolve '@vercel/turbopack-next/internal/font/google/font'
[0m [90m 132 |[39m   font[33m-[39mdisplay[33m:[39m swap[33m;[39m
 [90m 133 |[39m   src[33m:[39m url([33m@[39mvercel[33m/[39mturbopack[33m-[39mnext[33m/[39minternal[33m/[39mfont[33m/[39mgoogle[35m/font?{%22url%22:%22https:/[39m[33m/[39mfonts[33m.[39mgstatic[33m.[39mcom[33m/[39ms[33m/[39mgeistmono[33m/[39mv5[33m/[39mor3nQ6H[33m-[39m[35m1[39m_WfwkMZI_qYFg08vz7MhEIVVeA[33m.[39mwoff2[33m%[39m[35m22[39m[33m,[39m[33m%[39m[35m22[39mpreload[33m%[39m[35m22[39m[33m:[39m[36mfalse[39m[33m,[39m[33m%[39m[35m22[39mhas_size_adjust[33m%[39m[35m22[39m[33m:[39m[36mtrue[39m}) format([32m'woff2'[39m)[33m;[39m
[31m[1m>[22m[39m[90m 134 |[39m   unicode[33m-[39mrange[33m:[39m [33mU[39m[33m+[39m[35m2000[39m[33m-[39m[35m2001[39m[33m,[39m [33mU[39m[33m+[39m[35m2004[39m[33m-[39m[35m2008[39m[33m,[39m [33mU[39m[33m+[39m[35m200[39m[33mA[39m[33m,[39m [33mU[39m[33m+[39m[35m23[39m[33mB8[39m[33m-[39m[35m23[39m[33mBD[39m[33m,[39m [33mU[39m[33m+[39m[35m2500[39m[33m-[39m[35m259[39m[33mF[39m[33m;[39m
 [90m     |[39m         [31m[1m^[22m[39m
 [90m 135 |[39m }
 [90m 136 |[39m [90m/* vietnamese */[39m
 [90m 137 |[39m [33m@[39mfont[33m-[39mface {[0m

Import map: Resolved by import map


Import trace:
  Server Component:
    [next]/internal/font/google/geist_mono_4695df1.module.css
    [next]/internal/font/google/geist_mono_4695df1.js
    ./Egale-Swift/Egale-Swift-Website/app/layout.tsx

https://nextjs.org/docs/messages/module-not-found


[next]/internal/font/google/geist_mono_4695df1.module.css:143:9
Module not found: Can't resolve '@vercel/turbopack-next/internal/font/google/font'
[0m [90m 141 |[39m   font[33m-[39mdisplay[33m:[39m swap[33m;[39m
 [90m 142 |[39m   src[33m:[39m url([33m@[39mvercel[33m/[39mturbopack[33m-[39mnext[33m/[39minternal[33m/[39mfont[33m/[39mgoogle[35m/font?{%22url%22:%22https:/[39m[33m/[39mfonts[33m.[39mgstatic[33m.[39mcom[33m/[39ms[33m/[39mgeistmono[33m/[39mv5[33m/[39mor3nQ6H[33m-[39m[35m1[39m_WfwkMZI_qYFrgdmhHkjkotbA[33m.[39mwoff2[33m%[39m[35m22[39m[33m,[39m[33m%[39m[35m22[39mpreload[33m%[39m[35m22[39m[33m:[39m[36mfalse[39m[33m,[39m[33m%[39m[35m22[39mhas_size_adjust[33m%[39m[35m22[39m[33m:[39m[36mtrue[39m}) format([32m'woff2'[39m)[33m;[39m
[31m[1m>[22m[39m[90m 143 |[39m   unicode[33m-[39mrange[33m:[39m [33mU[39m[33m+[39m[35m0102[39m[33m-[39m[35m0103[39m[33m,[39m [33mU[39m[33m+[39m[35m0110[39m[33m-[39m[35m0111[39m[33m,[39m [33mU[39m[33m+[39m[35m0128[39m[33m-[39m[35m0129[39m[33m,[39m [33mU[39m[33m+[39m[35m0168[39m[33m-[39m[35m0169[39m[33m,[39m [33mU[39m[33m+[39m[35m01[39m[33mA0[39m[33m-[39m[35m01[39m[33mA1[39m[33m,[39m [33mU[39m[33m+[39m[35m01[39m[33mAF[39m[33m-[39m[35m01[39m[33mB0[39m[33m,[39m [33mU[39m[33m+[39m[35m0300[39m[33m-[39m[35m0301[39m[33m,[39m [33mU[39m[33m+[39m[35m0303[39m[33m-[39m[35m0304[39m[33m,[39m [33mU[39m[33m+[39m[35m0308[39m[33m-[39m[35m0309[39m[33m,[39m [33mU[39m[33m+[39m[35m0323[39m[33m,[39m [33mU[39m[33m+[39m[35m0329[39m[33m,[39m [33mU[39m[33m+[39m[35m1[39m[33mEA0[39m[33m-[39m[35m1[39m[33mEF9[39m[33m,[39m [33mU[39m[33m+[39m[35m20[39m[33mAB[39m[33m;[39m
 [90m     |[39m         [31m[1m^[22m[39m
 [90m 144 |[39m }
 [90m 145 |[39m [90m/* latin-ext */[39m
 [90m 146 |[39m [33m@[39mfont[33m-[39mface {[0m

Import map: Resolved by import map


Import trace:
  Server Component:
    [next]/internal/font/google/geist_mono_4695df1.module.css
    [next]/internal/font/google/geist_mono_4695df1.js
    ./Egale-Swift/Egale-Swift-Website/app/layout.tsx

https://nextjs.org/docs/messages/module-not-found


[next]/internal/font/google/geist_mono_4695df1.module.css:152:9
Module not found: Can't resolve '@vercel/turbopack-next/internal/font/google/font'
[0m [90m 150 |[39m   font[33m-[39mdisplay[33m:[39m swap[33m;[39m
 [90m 151 |[39m   src[33m:[39m url([33m@[39mvercel[33m/[39mturbopack[33m-[39mnext[33m/[39minternal[33m/[39mfont[33m/[39mgoogle[35m/font?{%22url%22:%22https:/[39m[33m/[39mfonts[33m.[39mgstatic[33m.[39mcom[33m/[39ms[33m/[39mgeistmono[33m/[39mv5[33m/[39mor3nQ6H[33m-[39m[35m1[39m_WfwkMZI_qYFrkdmhHkjkotbA[33m.[39mwoff2[33m%[39m[35m22[39m[33m,[39m[33m%[39m[35m22[39mpreload[33m%[39m[35m22[39m[33m:[39m[36mfalse[39m[33m,[39m[33m%[39m[35m22[39mhas_size_adjust[33m%[39m[35m22[39m[33m:[39m[36mtrue[39m}) format([32m'woff2'[39m)[33m;[39m
[31m[1m>[22m[39m[90m 152 |[39m   unicode[33m-[39mrange[33m:[39m [33mU[39m[33m+[39m[35m0100[39m[33m-[39m[35m02[39m[33mBA[39m[33m,[39m [33mU[39m[33m+[39m[35m02[39m[33mBD[39m[33m-[39m[35m02[39m[33mC5[39m[33m,[39m [33mU[39m[33m+[39m[35m02[39m[33mC7[39m[33m-[39m[35m02[39m[33mCC[39m[33m,[39m [33mU[39m[33m+[39m[35m02[39m[33mCE[39m[33m-[39m[35m02[39m[33mD7[39m[33m,[39m [33mU[39m[33m+[39m[35m02[39m[33mDD[39m[33m-[39m[35m02[39m[33mFF[39m[33m,[39m [33mU[39m[33m+[39m[35m0304[39m[33m,[39m [33mU[39m[33m+[39m[35m0308[39m[33m,[39m [33mU[39m[33m+[39m[35m0329[39m[33m,[39m [33mU[39m[33m+[39m[35m1[39m[33mD00[39m[33m-[39m[35m1[39m[33mDBF[39m[33m,[39m [33mU[39m[33m+[39m[35m1E00[39m[33m-[39m[35m1E9[39m[33mF[39m[33m,[39m [33mU[39m[33m+[39m[35m1[39m[33mEF2[39m[33m-[39m[35m1[39m[33mEFF[39m[33m,[39m [33mU[39m[33m+[39m[35m2020[39m[33m,[39m [33mU[39m[33m+[39m[35m20[39m[33mA0[39m[33m-[39m[35m20[39m[33mAB[39m[33m,[39m [33mU[39m[33m+[39m[35m20[39m[33mAD[39m[33m-[39m[35m20[39m[33mC0[39m[33m,[39m [33mU[39m[33m+[39m[35m2113[39m[33m,[39m [33mU[39m[33m+[39m[35m2[39m[33mC60[39m[33m-[39m[35m2[39m[33mC7F[39m[33m,[39m [33mU[39m[33m+[39m[33mA720[39m[33m-[39m[33mA7FF[39m[33m;[39m
 [90m     |[39m         [31m[1m^[22m[39m
 [90m 153 |[39m }
 [90m 154 |[39m [90m/* latin */[39m
 [90m 155 |[39m [33m@[39mfont[33m-[39mface {[0m

Import map: Resolved by import map


Import trace:
  Server Component:
    [next]/internal/font/google/geist_mono_4695df1.module.css
    [next]/internal/font/google/geist_mono_4695df1.js
    ./Egale-Swift/Egale-Swift-Website/app/layout.tsx

https://nextjs.org/docs/messages/module-not-found


[next]/internal/font/google/geist_mono_4695df1.module.css:161:9
Module not found: Can't resolve '@vercel/turbopack-next/internal/font/google/font'
[0m [90m 159 |[39m   font[33m-[39mdisplay[33m:[39m swap[33m;[39m
 [90m 160 |[39m   src[33m:[39m url([33m@[39mvercel[33m/[39mturbopack[33m-[39mnext[33m/[39minternal[33m/[39mfont[33m/[39mgoogle[35m/font?{%22url%22:%22https:/[39m[33m/[39mfonts[33m.[39mgstatic[33m.[39mcom[33m/[39ms[33m/[39mgeistmono[33m/[39mv5[33m/[39mor3nQ6H[33m-[39m[35m1[39m_WfwkMZI_qYFrcdmhHkjko[33m.[39mwoff2[33m%[39m[35m22[39m[33m,[39m[33m%[39m[35m22[39mpreload[33m%[39m[35m22[39m[33m:[39m[36mtrue[39m[33m,[39m[33m%[39m[35m22[39mhas_size_adjust[33m%[39m[35m22[39m[33m:[39m[36mtrue[39m}) format([32m'woff2'[39m)[33m;[39m
[31m[1m>[22m[39m[90m 161 |[39m   unicode[33m-[39mrange[33m:[39m [33mU[39m[33m+[39m[35m0000[39m[33m-[39m[35m00[39m[33mFF[39m[33m,[39m [33mU[39m[33m+[39m[35m0131[39m[33m,[39m [33mU[39m[33m+[39m[35m0152[39m[33m-[39m[35m0153[39m[33m,[39m [33mU[39m[33m+[39m[35m02[39m[33mBB[39m[33m-[39m[35m02[39m[33mBC[39m[33m,[39m [33mU[39m[33m+[39m[35m02[39m[33mC6[39m[33m,[39m [33mU[39m[33m+[39m[35m02[39m[33mDA[39m[33m,[39m [33mU[39m[33m+[39m[35m02[39m[33mDC[39m[33m,[39m [33mU[39m[33m+[39m[35m0304[39m[33m,[39m [33mU[39m[33m+[39m[35m0308[39m[33m,[39m [33mU[39m[33m+[39m[35m0329[39m[33m,[39m [33mU[39m[33m+[39m[35m2000[39m[33m-[39m[35m206[39m[33mF[39m[33m,[39m [33mU[39m[33m+[39m[35m20[39m[33mAC[39m[33m,[39m [33mU[39m[33m+[39m[35m2122[39m[33m,[39m [33mU[39m[33m+[39m[35m2191[39m[33m,[39m [33mU[39m[33m+[39m[35m2193[39m[33m,[39m [33mU[39m[33m+[39m[35m2212[39m[33m,[39m [33mU[39m[33m+[39m[35m2215[39m[33m,[39m [33mU[39m[33m+[39m[33mFEFF[39m[33m,[39m [33mU[39m[33m+[39m[33mFFFD[39m[33m;[39m
 [90m     |[39m         [31m[1m^[22m[39m
 [90m 162 |[39m }
 [90m 163 |[39m [90m/* cyrillic-ext */[39m
 [90m 164 |[39m [33m@[39mfont[33m-[39mface {[0m

Import map: Resolved by import map


Import trace:
  Server Component:
    [next]/internal/font/google/geist_mono_4695df1.module.css
    [next]/internal/font/google/geist_mono_4695df1.js
    ./Egale-Swift/Egale-Swift-Website/app/layout.tsx

https://nextjs.org/docs/messages/module-not-found


[next]/internal/font/google/geist_mono_4695df1.module.css:170:9
Module not found: Can't resolve '@vercel/turbopack-next/internal/font/google/font'
[0m [90m 168 |[39m   font[33m-[39mdisplay[33m:[39m swap[33m;[39m
 [90m 169 |[39m   src[33m:[39m url([33m@[39mvercel[33m/[39mturbopack[33m-[39mnext[33m/[39minternal[33m/[39mfont[33m/[39mgoogle[35m/font?{%22url%22:%22https:/[39m[33m/[39mfonts[33m.[39mgstatic[33m.[39mcom[33m/[39ms[33m/[39mgeistmono[33m/[39mv5[33m/[39mor3nQ6H[33m-[39m[35m1[39m_WfwkMZI_qYFrodmhHkjkotbA[33m.[39mwoff2[33m%[39m[35m22[39m[33m,[39m[33m%[39m[35m22[39mpreload[33m%[39m[35m22[39m[33m:[39m[36mfalse[39m[33m,[39m[33m%[39m[35m22[39mhas_size_adjust[33m%[39m[35m22[39m[33m:[39m[36mtrue[39m}) format([32m'woff2'[39m)[33m;[39m
[31m[1m>[22m[39m[90m 170 |[39m   unicode[33m-[39mrange[33m:[39m [33mU[39m[33m+[39m[35m0460[39m[33m-[39m[35m052[39m[33mF[39m[33m,[39m [33mU[39m[33m+[39m[35m1[39m[33mC80[39m[33m-[39m[35m1[39m[33mC8A[39m[33m,[39m [33mU[39m[33m+[39m[35m20[39m[33mB4[39m[33m,[39m [33mU[39m[33m+[39m[35m2[39m[33mDE0[39m[33m-[39m[35m2[39m[33mDFF[39m[33m,[39m [33mU[39m[33m+[39m[33mA640[39m[33m-[39m[33mA69F[39m[33m,[39m [33mU[39m[33m+[39m[33mFE2E[39m[33m-[39m[33mFE2F[39m[33m;[39m
 [90m     |[39m         [31m[1m^[22m[39m
 [90m 171 |[39m }
 [90m 172 |[39m [90m/* cyrillic */[39m
 [90m 173 |[39m [33m@[39mfont[33m-[39mface {[0m

Import map: Resolved by import map


Import trace:
  Server Component:
    [next]/internal/font/google/geist_mono_4695df1.module.css
    [next]/internal/font/google/geist_mono_4695df1.js
    ./Egale-Swift/Egale-Swift-Website/app/layout.tsx

https://nextjs.org/docs/messages/module-not-found


[next]/internal/font/google/geist_mono_4695df1.module.css:179:9
Module not found: Can't resolve '@vercel/turbopack-next/internal/font/google/font'
[0m [90m 177 |[39m   font[33m-[39mdisplay[33m:[39m swap[33m;[39m
 [90m 178 |[39m   src[33m:[39m url([33m@[39mvercel[33m/[39mturbopack[33m-[39mnext[33m/[39minternal[33m/[39mfont[33m/[39mgoogle[35m/font?{%22url%22:%22https:/[39m[33m/[39mfonts[33m.[39mgstatic[33m.[39mcom[33m/[39ms[33m/[39mgeistmono[33m/[39mv5[33m/[39mor3nQ6H[33m-[39m[35m1[39m_WfwkMZI_qYFrMdmhHkjkotbA[33m.[39mwoff2[33m%[39m[35m22[39m[33m,[39m[33m%[39m[35m22[39mpreload[33m%[39m[35m22[39m[33m:[39m[36mfalse[39m[33m,[39m[33m%[39m[35m22[39mhas_size_adjust[33m%[39m[35m22[39m[33m:[39m[36mtrue[39m}) format([32m'woff2'[39m)[33m;[39m
[31m[1m>[22m[39m[90m 179 |[39m   unicode[33m-[39mrange[33m:[39m [33mU[39m[33m+[39m[35m0301[39m[33m,[39m [33mU[39m[33m+[39m[35m0400[39m[33m-[39m[35m045[39m[33mF[39m[33m,[39m [33mU[39m[33m+[39m[35m0490[39m[33m-[39m[35m0491[39m[33m,[39m [33mU[39m[33m+[39m[35m04[39m[33mB0[39m[33m-[39m[35m04[39m[33mB1[39m[33m,[39m [33mU[39m[33m+[39m[35m2116[39m[33m;[39m
 [90m     |[39m         [31m[1m^[22m[39m
 [90m 180 |[39m }
 [90m 181 |[39m [90m/* symbols2 */[39m
 [90m 182 |[39m [33m@[39mfont[33m-[39mface {[0m

Import map: Resolved by import map


Import trace:
  Server Component:
    [next]/internal/font/google/geist_mono_4695df1.module.css
    [next]/internal/font/google/geist_mono_4695df1.js
    ./Egale-Swift/Egale-Swift-Website/app/layout.tsx

https://nextjs.org/docs/messages/module-not-found


[next]/internal/font/google/geist_mono_4695df1.module.css:188:9
Module not found: Can't resolve '@vercel/turbopack-next/internal/font/google/font'
[0m [90m 186 |[39m   font[33m-[39mdisplay[33m:[39m swap[33m;[39m
 [90m 187 |[39m   src[33m:[39m url([33m@[39mvercel[33m/[39mturbopack[33m-[39mnext[33m/[39minternal[33m/[39mfont[33m/[39mgoogle[35m/font?{%22url%22:%22https:/[39m[33m/[39mfonts[33m.[39mgstatic[33m.[39mcom[33m/[39ms[33m/[39mgeistmono[33m/[39mv5[33m/[39mor3nQ6H[33m-[39m[35m1[39m_WfwkMZI_qYFg08vz7MhEIVVeA[33m.[39mwoff2[33m%[39m[35m22[39m[33m,[39m[33m%[39m[35m22[39mpreload[33m%[39m[35m22[39m[33m:[39m[36mfalse[39m[33m,[39m[33m%[39m[35m22[39mhas_size_adjust[33m%[39m[35m22[39m[33m:[39m[36mtrue[39m}) format([32m'woff2'[39m)[33m;[39m
[31m[1m>[22m[39m[90m 188 |[39m   unicode[33m-[39mrange[33m:[39m [33mU[39m[33m+[39m[35m2000[39m[33m-[39m[35m2001[39m[33m,[39m [33mU[39m[33m+[39m[35m2004[39m[33m-[39m[35m2008[39m[33m,[39m [33mU[39m[33m+[39m[35m200[39m[33mA[39m[33m,[39m [33mU[39m[33m+[39m[35m23[39m[33mB8[39m[33m-[39m[35m23[39m[33mBD[39m[33m,[39m [33mU[39m[33m+[39m[35m2500[39m[33m-[39m[35m259[39m[33mF[39m[33m;[39m
 [90m     |[39m         [31m[1m^[22m[39m
 [90m 189 |[39m }
 [90m 190 |[39m [90m/* vietnamese */[39m
 [90m 191 |[39m [33m@[39mfont[33m-[39mface {[0m

Import map: Resolved by import map


Import trace:
  Server Component:
    [next]/internal/font/google/geist_mono_4695df1.module.css
    [next]/internal/font/google/geist_mono_4695df1.js
    ./Egale-Swift/Egale-Swift-Website/app/layout.tsx

https://nextjs.org/docs/messages/module-not-found


[next]/internal/font/google/geist_mono_4695df1.module.css:197:9
Module not found: Can't resolve '@vercel/turbopack-next/internal/font/google/font'
[0m [90m 195 |[39m   font[33m-[39mdisplay[33m:[39m swap[33m;[39m
 [90m 196 |[39m   src[33m:[39m url([33m@[39mvercel[33m/[39mturbopack[33m-[39mnext[33m/[39minternal[33m/[39mfont[33m/[39mgoogle[35m/font?{%22url%22:%22https:/[39m[33m/[39mfonts[33m.[39mgstatic[33m.[39mcom[33m/[39ms[33m/[39mgeistmono[33m/[39mv5[33m/[39mor3nQ6H[33m-[39m[35m1[39m_WfwkMZI_qYFrgdmhHkjkotbA[33m.[39mwoff2[33m%[39m[35m22[39m[33m,[39m[33m%[39m[35m22[39mpreload[33m%[39m[35m22[39m[33m:[39m[36mfalse[39m[33m,[39m[33m%[39m[35m22[39mhas_size_adjust[33m%[39m[35m22[39m[33m:[39m[36mtrue[39m}) format([32m'woff2'[39m)[33m;[39m
[31m[1m>[22m[39m[90m 197 |[39m   unicode[33m-[39mrange[33m:[39m [33mU[39m[33m+[39m[35m0102[39m[33m-[39m[35m0103[39m[33m,[39m [33mU[39m[33m+[39m[35m0110[39m[33m-[39m[35m0111[39m[33m,[39m [33mU[39m[33m+[39m[35m0128[39m[33m-[39m[35m0129[39m[33m,[39m [33mU[39m[33m+[39m[35m0168[39m[33m-[39m[35m0169[39m[33m,[39m [33mU[39m[33m+[39m[35m01[39m[33mA0[39m[33m-[39m[35m01[39m[33mA1[39m[33m,[39m [33mU[39m[33m+[39m[35m01[39m[33mAF[39m[33m-[39m[35m01[39m[33mB0[39m[33m,[39m [33mU[39m[33m+[39m[35m0300[39m[33m-[39m[35m0301[39m[33m,[39m [33mU[39m[33m+[39m[35m0303[39m[33m-[39m[35m0304[39m[33m,[39m [33mU[39m[33m+[39m[35m0308[39m[33m-[39m[35m0309[39m[33m,[39m [33mU[39m[33m+[39m[35m0323[39m[33m,[39m [33mU[39m[33m+[39m[35m0329[39m[33m,[39m [33mU[39m[33m+[39m[35m1[39m[33mEA0[39m[33m-[39m[35m1[39m[33mEF9[39m[33m,[39m [33mU[39m[33m+[39m[35m20[39m[33mAB[39m[33m;[39m
 [90m     |[39m         [31m[1m^[22m[39m
 [90m 198 |[39m }
 [90m 199 |[39m [90m/* latin-ext */[39m
 [90m 200 |[39m [33m@[39mfont[33m-[39mface {[0m

Import map: Resolved by import map


Import trace:
  Server Component:
    [next]/internal/font/google/geist_mono_4695df1.module.css
    [next]/internal/font/google/geist_mono_4695df1.js
    ./Egale-Swift/Egale-Swift-Website/app/layout.tsx

https://nextjs.org/docs/messages/module-not-found


[next]/internal/font/google/geist_mono_4695df1.module.css:206:9
Module not found: Can't resolve '@vercel/turbopack-next/internal/font/google/font'
[0m [90m 204 |[39m   font[33m-[39mdisplay[33m:[39m swap[33m;[39m
 [90m 205 |[39m   src[33m:[39m url([33m@[39mvercel[33m/[39mturbopack[33m-[39mnext[33m/[39minternal[33m/[39mfont[33m/[39mgoogle[35m/font?{%22url%22:%22https:/[39m[33m/[39mfonts[33m.[39mgstatic[33m.[39mcom[33m/[39ms[33m/[39mgeistmono[33m/[39mv5[33m/[39mor3nQ6H[33m-[39m[35m1[39m_WfwkMZI_qYFrkdmhHkjkotbA[33m.[39mwoff2[33m%[39m[35m22[39m[33m,[39m[33m%[39m[35m22[39mpreload[33m%[39m[35m22[39m[33m:[39m[36mfalse[39m[33m,[39m[33m%[39m[35m22[39mhas_size_adjust[33m%[39m[35m22[39m[33m:[39m[36mtrue[39m}) format([32m'woff2'[39m)[33m;[39m
[31m[1m>[22m[39m[90m 206 |[39m   unicode[33m-[39mrange[33m:[39m [33mU[39m[33m+[39m[35m0100[39m[33m-[39m[35m02[39m[33mBA[39m[33m,[39m [33mU[39m[33m+[39m[35m02[39m[33mBD[39m[33m-[39m[35m02[39m[33mC5[39m[33m,[39m [33mU[39m[33m+[39m[35m02[39m[33mC7[39m[33m-[39m[35m02[39m[33mCC[39m[33m,[39m [33mU[39m[33m+[39m[35m02[39m[33mCE[39m[33m-[39m[35m02[39m[33mD7[39m[33m,[39m [33mU[39m[33m+[39m[35m02[39m[33mDD[39m[33m-[39m[35m02[39m[33mFF[39m[33m,[39m [33mU[39m[33m+[39m[35m0304[39m[33m,[39m [33mU[39m[33m+[39m[35m0308[39m[33m,[39m [33mU[39m[33m+[39m[35m0329[39m[33m,[39m [33mU[39m[33m+[39m[35m1[39m[33mD00[39m[33m-[39m[35m1[39m[33mDBF[39m[33m,[39m [33mU[39m[33m+[39m[35m1E00[39m[33m-[39m[35m1E9[39m[33mF[39m[33m,[39m [33mU[39m[33m+[39m[35m1[39m[33mEF2[39m[33m-[39m[35m1[39m[33mEFF[39m[33m,[39m [33mU[39m[33m+[39m[35m2020[39m[33m,[39m [33mU[39m[33m+[39m[35m20[39m[33mA0[39m[33m-[39m[35m20[39m[33mAB[39m[33m,[39m [33mU[39m[33m+[39m[35m20[39m[33mAD[39m[33m-[39m[35m20[39m[33mC0[39m[33m,[39m [33mU[39m[33m+[39m[35m2113[39m[33m,[39m [33mU[39m[33m+[39m[35m2[39m[33mC60[39m[33m-[39m[35m2[39m[33mC7F[39m[33m,[39m [33mU[39m[33m+[39m[33mA720[39m[33m-[39m[33mA7FF[39m[33m;[39m
 [90m     |[39m         [31m[1m^[22m[39m
 [90m 207 |[39m }
 [90m 208 |[39m [90m/* latin */[39m
 [90m 209 |[39m [33m@[39mfont[33m-[39mface {[0m

Import map: Resolved by import map


Import trace:
  Server Component:
    [next]/internal/font/google/geist_mono_4695df1.module.css
    [next]/internal/font/google/geist_mono_4695df1.js
    ./Egale-Swift/Egale-Swift-Website/app/layout.tsx

https://nextjs.org/docs/messages/module-not-found


[next]/internal/font/google/geist_mono_4695df1.module.css:215:9
Module not found: Can't resolve '@vercel/turbopack-next/internal/font/google/font'
[0m [90m 213 |[39m   font[33m-[39mdisplay[33m:[39m swap[33m;[39m
 [90m 214 |[39m   src[33m:[39m url([33m@[39mvercel[33m/[39mturbopack[33m-[39mnext[33m/[39minternal[33m/[39mfont[33m/[39mgoogle[35m/font?{%22url%22:%22https:/[39m[33m/[39mfonts[33m.[39mgstatic[33m.[39mcom[33m/[39ms[33m/[39mgeistmono[33m/[39mv5[33m/[39mor3nQ6H[33m-[39m[35m1[39m_WfwkMZI_qYFrcdmhHkjko[33m.[39mwoff2[33m%[39m[35m22[39m[33m,[39m[33m%[39m[35m22[39mpreload[33m%[39m[35m22[39m[33m:[39m[36mtrue[39m[33m,[39m[33m%[39m[35m22[39mhas_size_adjust[33m%[39m[35m22[39m[33m:[39m[36mtrue[39m}) format([32m'woff2'[39m)[33m;[39m
[31m[1m>[22m[39m[90m 215 |[39m   unicode[33m-[39mrange[33m:[39m [33mU[39m[33m+[39m[35m0000[39m[33m-[39m[35m00[39m[33mFF[39m[33m,[39m [33mU[39m[33m+[39m[35m0131[39m[33m,[39m [33mU[39m[33m+[39m[35m0152[39m[33m-[39m[35m0153[39m[33m,[39m [33mU[39m[33m+[39m[35m02[39m[33mBB[39m[33m-[39m[35m02[39m[33mBC[39m[33m,[39m [33mU[39m[33m+[39m[35m02[39m[33mC6[39m[33m,[39m [33mU[39m[33m+[39m[35m02[39m[33mDA[39m[33m,[39m [33mU[39m[33m+[39m[35m02[39m[33mDC[39m[33m,[39m [33mU[39m[33m+[39m[35m0304[39m[33m,[39m [33mU[39m[33m+[39m[35m0308[39m[33m,[39m [33mU[39m[33m+[39m[35m0329[39m[33m,[39m [33mU[39m[33m+[39m[35m2000[39m[33m-[39m[35m206[39m[33mF[39m[33m,[39m [33mU[39m[33m+[39m[35m20[39m[33mAC[39m[33m,[39m [33mU[39m[33m+[39m[35m2122[39m[33m,[39m [33mU[39m[33m+[39m[35m2191[39m[33m,[39m [33mU[39m[33m+[39m[35m2193[39m[33m,[39m [33mU[39m[33m+[39m[35m2212[39m[33m,[39m [33mU[39m[33m+[39m[35m2215[39m[33m,[39m [33mU[39m[33m+[39m[33mFEFF[39m[33m,[39m [33mU[39m[33m+[39m[33mFFFD[39m[33m;[39m
 [90m     |[39m         [31m[1m^[22m[39m
 [90m 216 |[39m }
 [90m 217 |[39m [90m/* cyrillic-ext */[39m
 [90m 218 |[39m [33m@[39mfont[33m-[39mface {[0m

Import map: Resolved by import map


Import trace:
  Server Component:
    [next]/internal/font/google/geist_mono_4695df1.module.css
    [next]/internal/font/google/geist_mono_4695df1.js
    ./Egale-Swift/Egale-Swift-Website/app/layout.tsx

https://nextjs.org/docs/messages/module-not-found


[next]/internal/font/google/geist_mono_4695df1.module.css:224:9
Module not found: Can't resolve '@vercel/turbopack-next/internal/font/google/font'
[0m [90m 222 |[39m   font[33m-[39mdisplay[33m:[39m swap[33m;[39m
 [90m 223 |[39m   src[33m:[39m url([33m@[39mvercel[33m/[39mturbopack[33m-[39mnext[33m/[39minternal[33m/[39mfont[33m/[39mgoogle[35m/font?{%22url%22:%22https:/[39m[33m/[39mfonts[33m.[39mgstatic[33m.[39mcom[33m/[39ms[33m/[39mgeistmono[33m/[39mv5[33m/[39mor3nQ6H[33m-[39m[35m1[39m_WfwkMZI_qYFrodmhHkjkotbA[33m.[39mwoff2[33m%[39m[35m22[39m[33m,[39m[33m%[39m[35m22[39mpreload[33m%[39m[35m22[39m[33m:[39m[36mfalse[39m[33m,[39m[33m%[39m[35m22[39mhas_size_adjust[33m%[39m[35m22[39m[33m:[39m[36mtrue[39m}) format([32m'woff2'[39m)[33m;[39m
[31m[1m>[22m[39m[90m 224 |[39m   unicode[33m-[39mrange[33m:[39m [33mU[39m[33m+[39m[35m0460[39m[33m-[39m[35m052[39m[33mF[39m[33m,[39m [33mU[39m[33m+[39m[35m1[39m[33mC80[39m[33m-[39m[35m1[39m[33mC8A[39m[33m,[39m [33mU[39m[33m+[39m[35m20[39m[33mB4[39m[33m,[39m [33mU[39m[33m+[39m[35m2[39m[33mDE0[39m[33m-[39m[35m2[39m[33mDFF[39m[33m,[39m [33mU[39m[33m+[39m[33mA640[39m[33m-[39m[33mA69F[39m[33m,[39m [33mU[39m[33m+[39m[33mFE2E[39m[33m-[39m[33mFE2F[39m[33m;[39m
 [90m     |[39m         [31m[1m^[22m[39m
 [90m 225 |[39m }
 [90m 226 |[39m [90m/* cyrillic */[39m
 [90m 227 |[39m [33m@[39mfont[33m-[39mface {[0m

Import map: Resolved by import map


Import trace:
  Server Component:
    [next]/internal/font/google/geist_mono_4695df1.module.css
    [next]/internal/font/google/geist_mono_4695df1.js
    ./Egale-Swift/Egale-Swift-Website/app/layout.tsx

https://nextjs.org/docs/messages/module-not-found


[next]/internal/font/google/geist_mono_4695df1.module.css:233:9
Module not found: Can't resolve '@vercel/turbopack-next/internal/font/google/font'
[0m [90m 231 |[39m   font[33m-[39mdisplay[33m:[39m swap[33m;[39m
 [90m 232 |[39m   src[33m:[39m url([33m@[39mvercel[33m/[39mturbopack[33m-[39mnext[33m/[39minternal[33m/[39mfont[33m/[39mgoogle[35m/font?{%22url%22:%22https:/[39m[33m/[39mfonts[33m.[39mgstatic[33m.[39mcom[33m/[39ms[33m/[39mgeistmono[33m/[39mv5[33m/[39mor3nQ6H[33m-[39m[35m1[39m_WfwkMZI_qYFrMdmhHkjkotbA[33m.[39mwoff2[33m%[39m[35m22[39m[33m,[39m[33m%[39m[35m22[39mpreload[33m%[39m[35m22[39m[33m:[39m[36mfalse[39m[33m,[39m[33m%[39m[35m22[39mhas_size_adjust[33m%[39m[35m22[39m[33m:[39m[36mtrue[39m}) format([32m'woff2'[39m)[33m;[39m
[31m[1m>[22m[39m[90m 233 |[39m   unicode[33m-[39mrange[33m:[39m [33mU[39m[33m+[39m[35m0301[39m[33m,[39m [33mU[39m[33m+[39m[35m0400[39m[33m-[39m[35m045[39m[33mF[39m[33m,[39m [33mU[39m[33m+[39m[35m0490[39m[33m-[39m[35m0491[39m[33m,[39m [33mU[39m[33m+[39m[35m04[39m[33mB0[39m[33m-[39m[35m04[39m[33mB1[39m[33m,[39m [33mU[39m[33m+[39m[35m2116[39m[33m;[39m
 [90m     |[39m         [31m[1m^[22m[39m
 [90m 234 |[39m }
 [90m 235 |[39m [90m/* symbols2 */[39m
 [90m 236 |[39m [33m@[39mfont[33m-[39mface {[0m

Import map: Resolved by import map


Import trace:
  Server Component:
    [next]/internal/font/google/geist_mono_4695df1.module.css
    [next]/internal/font/google/geist_mono_4695df1.js
    ./Egale-Swift/Egale-Swift-Website/app/layout.tsx

https://nextjs.org/docs/messages/module-not-found


[next]/internal/font/google/geist_mono_4695df1.module.css:242:9
Module not found: Can't resolve '@vercel/turbopack-next/internal/font/google/font'
[0m [90m 240 |[39m   font[33m-[39mdisplay[33m:[39m swap[33m;[39m
 [90m 241 |[39m   src[33m:[39m url([33m@[39mvercel[33m/[39mturbopack[33m-[39mnext[33m/[39minternal[33m/[39mfont[33m/[39mgoogle[35m/font?{%22url%22:%22https:/[39m[33m/[39mfonts[33m.[39mgstatic[33m.[39mcom[33m/[39ms[33m/[39mgeistmono[33m/[39mv5[33m/[39mor3nQ6H[33m-[39m[35m1[39m_WfwkMZI_qYFg08vz7MhEIVVeA[33m.[39mwoff2[33m%[39m[35m22[39m[33m,[39m[33m%[39m[35m22[39mpreload[33m%[39m[35m22[39m[33m:[39m[36mfalse[39m[33m,[39m[33m%[39m[35m22[39mhas_size_adjust[33m%[39m[35m22[39m[33m:[39m[36mtrue[39m}) format([32m'woff2'[39m)[33m;[39m
[31m[1m>[22m[39m[90m 242 |[39m   unicode[33m-[39mrange[33m:[39m [33mU[39m[33m+[39m[35m2000[39m[33m-[39m[35m2001[39m[33m,[39m [33mU[39m[33m+[39m[35m2004[39m[33m-[39m[35m2008[39m[33m,[39m [33mU[39m[33m+[39m[35m200[39m[33mA[39m[33m,[39m [33mU[39m[33m+[39m[35m23[39m[33mB8[39m[33m-[39m[35m23[39m[33mBD[39m[33m,[39m [33mU[39m[33m+[39m[35m2500[39m[33m-[39m[35m259[39m[33mF[39m[33m;[39m
 [90m     |[39m         [31m[1m^[22m[39m
 [90m 243 |[39m }
 [90m 244 |[39m [90m/* vietnamese */[39m
 [90m 245 |[39m [33m@[39mfont[33m-[39mface {[0m

Import map: Resolved by import map


Import trace:
  Server Component:
    [next]/internal/font/google/geist_mono_4695df1.module.css
    [next]/internal/font/google/geist_mono_4695df1.js
    ./Egale-Swift/Egale-Swift-Website/app/layout.tsx

https://nextjs.org/docs/messages/module-not-found


[next]/internal/font/google/geist_mono_4695df1.module.css:251:9
Module not found: Can't resolve '@vercel/turbopack-next/internal/font/google/font'
[0m [90m 249 |[39m   font[33m-[39mdisplay[33m:[39m swap[33m;[39m
 [90m 250 |[39m   src[33m:[39m url([33m@[39mvercel[33m/[39mturbopack[33m-[39mnext[33m/[39minternal[33m/[39mfont[33m/[39mgoogle[35m/font?{%22url%22:%22https:/[39m[33m/[39mfonts[33m.[39mgstatic[33m.[39mcom[33m/[39ms[33m/[39mgeistmono[33m/[39mv5[33m/[39mor3nQ6H[33m-[39m[35m1[39m_WfwkMZI_qYFrgdmhHkjkotbA[33m.[39mwoff2[33m%[39m[35m22[39m[33m,[39m[33m%[39m[35m22[39mpreload[33m%[39m[35m22[39m[33m:[39m[36mfalse[39m[33m,[39m[33m%[39m[35m22[39mhas_size_adjust[33m%[39m[35m22[39m[33m:[39m[36mtrue[39m}) format([32m'woff2'[39m)[33m;[39m
[31m[1m>[22m[39m[90m 251 |[39m   unicode[33m-[39mrange[33m:[39m [33mU[39m[33m+[39m[35m0102[39m[33m-[39m[35m0103[39m[33m,[39m [33mU[39m[33m+[39m[35m0110[39m[33m-[39m[35m0111[39m[33m,[39m [33mU[39m[33m+[39m[35m0128[39m[33m-[39m[35m0129[39m[33m,[39m [33mU[39m[33m+[39m[35m0168[39m[33m-[39m[35m0169[39m[33m,[39m [33mU[39m[33m+[39m[35m01[39m[33mA0[39m[33m-[39m[35m01[39m[33mA1[39m[33m,[39m [33mU[39m[33m+[39m[35m01[39m[33mAF[39m[33m-[39m[35m01[39m[33mB0[39m[33m,[39m [33mU[39m[33m+[39m[35m0300[39m[33m-[39m[35m0301[39m[33m,[39m [33mU[39m[33m+[39m[35m0303[39m[33m-[39m[35m0304[39m[33m,[39m [33mU[39m[33m+[39m[35m0308[39m[33m-[39m[35m0309[39m[33m,[39m [33mU[39m[33m+[39m[35m0323[39m[33m,[39m [33mU[39m[33m+[39m[35m0329[39m[33m,[39m [33mU[39m[33m+[39m[35m1[39m[33mEA0[39m[33m-[39m[35m1[39m[33mEF9[39m[33m,[39m [33mU[39m[33m+[39m[35m20[39m[33mAB[39m[33m;[39m
 [90m     |[39m         [31m[1m^[22m[39m
 [90m 252 |[39m }
 [90m 253 |[39m [90m/* latin-ext */[39m
 [90m 254 |[39m [33m@[39mfont[33m-[39mface {[0m

Import map: Resolved by import map


Import trace:
  Server Component:
    [next]/internal/font/google/geist_mono_4695df1.module.css
    [next]/internal/font/google/geist_mono_4695df1.js
    ./Egale-Swift/Egale-Swift-Website/app/layout.tsx

https://nextjs.org/docs/messages/module-not-found


[next]/internal/font/google/geist_mono_4695df1.module.css:260:9
Module not found: Can't resolve '@vercel/turbopack-next/internal/font/google/font'
[0m [90m 258 |[39m   font[33m-[39mdisplay[33m:[39m swap[33m;[39m
 [90m 259 |[39m   src[33m:[39m url([33m@[39mvercel[33m/[39mturbopack[33m-[39mnext[33m/[39minternal[33m/[39mfont[33m/[39mgoogle[35m/font?{%22url%22:%22https:/[39m[33m/[39mfonts[33m.[39mgstatic[33m.[39mcom[33m/[39ms[33m/[39mgeistmono[33m/[39mv5[33m/[39mor3nQ6H[33m-[39m[35m1[39m_WfwkMZI_qYFrkdmhHkjkotbA[33m.[39mwoff2[33m%[39m[35m22[39m[33m,[39m[33m%[39m[35m22[39mpreload[33m%[39m[35m22[39m[33m:[39m[36mfalse[39m[33m,[39m[33m%[39m[35m22[39mhas_size_adjust[33m%[39m[35m22[39m[33m:[39m[36mtrue[39m}) format([32m'woff2'[39m)[33m;[39m
[31m[1m>[22m[39m[90m 260 |[39m   unicode[33m-[39mrange[33m:[39m [33mU[39m[33m+[39m[35m0100[39m[33m-[39m[35m02[39m[33mBA[39m[33m,[39m [33mU[39m[33m+[39m[35m02[39m[33mBD[39m[33m-[39m[35m02[39m[33mC5[39m[33m,[39m [33mU[39m[33m+[39m[35m02[39m[33mC7[39m[33m-[39m[35m02[39m[33mCC[39m[33m,[39m [33mU[39m[33m+[39m[35m02[39m[33mCE[39m[33m-[39m[35m02[39m[33mD7[39m[33m,[39m [33mU[39m[33m+[39m[35m02[39m[33mDD[39m[33m-[39m[35m02[39m[33mFF[39m[33m,[39m [33mU[39m[33m+[39m[35m0304[39m[33m,[39m [33mU[39m[33m+[39m[35m0308[39m[33m,[39m [33mU[39m[33m+[39m[35m0329[39m[33m,[39m [33mU[39m[33m+[39m[35m1[39m[33mD00[39m[33m-[39m[35m1[39m[33mDBF[39m[33m,[39m [33mU[39m[33m+[39m[35m1E00[39m[33m-[39m[35m1E9[39m[33mF[39m[33m,[39m [33mU[39m[33m+[39m[35m1[39m[33mEF2[39m[33m-[39m[35m1[39m[33mEFF[39m[33m,[39m [33mU[39m[33m+[39m[35m2020[39m[33m,[39m [33mU[39m[33m+[39m[35m20[39m[33mA0[39m[33m-[39m[35m20[39m[33mAB[39m[33m,[39m [33mU[39m[33m+[39m[35m20[39m[33mAD[39m[33m-[39m[35m20[39m[33mC0[39m[33m,[39m [33mU[39m[33m+[39m[35m2113[39m[33m,[39m [33mU[39m[33m+[39m[35m2[39m[33mC60[39m[33m-[39m[35m2[39m[33mC7F[39m[33m,[39m [33mU[39m[33m+[39m[33mA720[39m[33m-[39m[33mA7FF[39m[33m;[39m
 [90m     |[39m         [31m[1m^[22m[39m
 [90m 261 |[39m }
 [90m 262 |[39m [90m/* latin */[39m
 [90m 263 |[39m [33m@[39mfont[33m-[39mface {[0m

Import map: Resolved by import map


Import trace:
  Server Component:
    [next]/internal/font/google/geist_mono_4695df1.module.css
    [next]/internal/font/google/geist_mono_4695df1.js
    ./Egale-Swift/Egale-Swift-Website/app/layout.tsx

https://nextjs.org/docs/messages/module-not-found


[next]/internal/font/google/geist_mono_4695df1.module.css:269:9
Module not found: Can't resolve '@vercel/turbopack-next/internal/font/google/font'
[0m [90m 267 |[39m   font[33m-[39mdisplay[33m:[39m swap[33m;[39m
 [90m 268 |[39m   src[33m:[39m url([33m@[39mvercel[33m/[39mturbopack[33m-[39mnext[33m/[39minternal[33m/[39mfont[33m/[39mgoogle[35m/font?{%22url%22:%22https:/[39m[33m/[39mfonts[33m.[39mgstatic[33m.[39mcom[33m/[39ms[33m/[39mgeistmono[33m/[39mv5[33m/[39mor3nQ6H[33m-[39m[35m1[39m_WfwkMZI_qYFrcdmhHkjko[33m.[39mwoff2[33m%[39m[35m22[39m[33m,[39m[33m%[39m[35m22[39mpreload[33m%[39m[35m22[39m[33m:[39m[36mtrue[39m[33m,[39m[33m%[39m[35m22[39mhas_size_adjust[33m%[39m[35m22[39m[33m:[39m[36mtrue[39m}) format([32m'woff2'[39m)[33m;[39m
[31m[1m>[22m[39m[90m 269 |[39m   unicode[33m-[39mrange[33m:[39m [33mU[39m[33m+[39m[35m0000[39m[33m-[39m[35m00[39m[33mFF[39m[33m,[39m [33mU[39m[33m+[39m[35m0131[39m[33m,[39m [33mU[39m[33m+[39m[35m0152[39m[33m-[39m[35m0153[39m[33m,[39m [33mU[39m[33m+[39m[35m02[39m[33mBB[39m[33m-[39m[35m02[39m[33mBC[39m[33m,[39m [33mU[39m[33m+[39m[35m02[39m[33mC6[39m[33m,[39m [33mU[39m[33m+[39m[35m02[39m[33mDA[39m[33m,[39m [33mU[39m[33m+[39m[35m02[39m[33mDC[39m[33m,[39m [33mU[39m[33m+[39m[35m0304[39m[33m,[39m [33mU[39m[33m+[39m[35m0308[39m[33m,[39m [33mU[39m[33m+[39m[35m0329[39m[33m,[39m [33mU[39m[33m+[39m[35m2000[39m[33m-[39m[35m206[39m[33mF[39m[33m,[39m [33mU[39m[33m+[39m[35m20[39m[33mAC[39m[33m,[39m [33mU[39m[33m+[39m[35m2122[39m[33m,[39m [33mU[39m[33m+[39m[35m2191[39m[33m,[39m [33mU[39m[33m+[39m[35m2193[39m[33m,[39m [33mU[39m[33m+[39m[35m2212[39m[33m,[39m [33mU[39m[33m+[39m[35m2215[39m[33m,[39m [33mU[39m[33m+[39m[33mFEFF[39m[33m,[39m [33mU[39m[33m+[39m[33mFFFD[39m[33m;[39m
 [90m     |[39m         [31m[1m^[22m[39m
 [90m 270 |[39m }
 [90m 271 |[39m [90m/* cyrillic-ext */[39m
 [90m 272 |[39m [33m@[39mfont[33m-[39mface {[0m

Import map: Resolved by import map


Import trace:
  Server Component:
    [next]/internal/font/google/geist_mono_4695df1.module.css
    [next]/internal/font/google/geist_mono_4695df1.js
    ./Egale-Swift/Egale-Swift-Website/app/layout.tsx

https://nextjs.org/docs/messages/module-not-found


[next]/internal/font/google/geist_mono_4695df1.module.css:278:9
Module not found: Can't resolve '@vercel/turbopack-next/internal/font/google/font'
[0m [90m 276 |[39m   font[33m-[39mdisplay[33m:[39m swap[33m;[39m
 [90m 277 |[39m   src[33m:[39m url([33m@[39mvercel[33m/[39mturbopack[33m-[39mnext[33m/[39minternal[33m/[39mfont[33m/[39mgoogle[35m/font?{%22url%22:%22https:/[39m[33m/[39mfonts[33m.[39mgstatic[33m.[39mcom[33m/[39ms[33m/[39mgeistmono[33m/[39mv5[33m/[39mor3nQ6H[33m-[39m[35m1[39m_WfwkMZI_qYFrodmhHkjkotbA[33m.[39mwoff2[33m%[39m[35m22[39m[33m,[39m[33m%[39m[35m22[39mpreload[33m%[39m[35m22[39m[33m:[39m[36mfalse[39m[33m,[39m[33m%[39m[35m22[39mhas_size_adjust[33m%[39m[35m22[39m[33m:[39m[36mtrue[39m}) format([32m'woff2'[39m)[33m;[39m
[31m[1m>[22m[39m[90m 278 |[39m   unicode[33m-[39mrange[33m:[39m [33mU[39m[33m+[39m[35m0460[39m[33m-[39m[35m052[39m[33mF[39m[33m,[39m [33mU[39m[33m+[39m[35m1[39m[33mC80[39m[33m-[39m[35m1[39m[33mC8A[39m[33m,[39m [33mU[39m[33m+[39m[35m20[39m[33mB4[39m[33m,[39m [33mU[39m[33m+[39m[35m2[39m[33mDE0[39m[33m-[39m[35m2[39m[33mDFF[39m[33m,[39m [33mU[39m[33m+[39m[33mA640[39m[33m-[39m[33mA69F[39m[33m,[39m [33mU[39m[33m+[39m[33mFE2E[39m[33m-[39m[33mFE2F[39m[33m;[39m
 [90m     |[39m         [31m[1m^[22m[39m
 [90m 279 |[39m }
 [90m 280 |[39m [90m/* cyrillic */[39m
 [90m 281 |[39m [33m@[39mfont[33m-[39mface {[0m

Import map: Resolved by import map


Import trace:
  Server Component:
    [next]/internal/font/google/geist_mono_4695df1.module.css
    [next]/internal/font/google/geist_mono_4695df1.js
    ./Egale-Swift/Egale-Swift-Website/app/layout.tsx

https://nextjs.org/docs/messages/module-not-found


[next]/internal/font/google/geist_mono_4695df1.module.css:287:9
Module not found: Can't resolve '@vercel/turbopack-next/internal/font/google/font'
[0m [90m 285 |[39m   font[33m-[39mdisplay[33m:[39m swap[33m;[39m
 [90m 286 |[39m   src[33m:[39m url([33m@[39mvercel[33m/[39mturbopack[33m-[39mnext[33m/[39minternal[33m/[39mfont[33m/[39mgoogle[35m/font?{%22url%22:%22https:/[39m[33m/[39mfonts[33m.[39mgstatic[33m.[39mcom[33m/[39ms[33m/[39mgeistmono[33m/[39mv5[33m/[39mor3nQ6H[33m-[39m[35m1[39m_WfwkMZI_qYFrMdmhHkjkotbA[33m.[39mwoff2[33m%[39m[35m22[39m[33m,[39m[33m%[39m[35m22[39mpreload[33m%[39m[35m22[39m[33m:[39m[36mfalse[39m[33m,[39m[33m%[39m[35m22[39mhas_size_adjust[33m%[39m[35m22[39m[33m:[39m[36mtrue[39m}) format([32m'woff2'[39m)[33m;[39m
[31m[1m>[22m[39m[90m 287 |[39m   unicode[33m-[39mrange[33m:[39m [33mU[39m[33m+[39m[35m0301[39m[33m,[39m [33mU[39m[33m+[39m[35m0400[39m[33m-[39m[35m045[39m[33mF[39m[33m,[39m [33mU[39m[33m+[39m[35m0490[39m[33m-[39m[35m0491[39m[33m,[39m [33mU[39m[33m+[39m[35m04[39m[33mB0[39m[33m-[39m[35m04[39m[33mB1[39m[33m,[39m [33mU[39m[33m+[39m[35m2116[39m[33m;[39m
 [90m     |[39m         [31m[1m^[22m[39m
 [90m 288 |[39m }
 [90m 289 |[39m [90m/* symbols2 */[39m
 [90m 290 |[39m [33m@[39mfont[33m-[39mface {[0m

Import map: Resolved by import map


Import trace:
  Server Component:
    [next]/internal/font/google/geist_mono_4695df1.module.css
    [next]/internal/font/google/geist_mono_4695df1.js
    ./Egale-Swift/Egale-Swift-Website/app/layout.tsx

https://nextjs.org/docs/messages/module-not-found


[next]/internal/font/google/geist_mono_4695df1.module.css:296:9
Module not found: Can't resolve '@vercel/turbopack-next/internal/font/google/font'
[0m [90m 294 |[39m   font[33m-[39mdisplay[33m:[39m swap[33m;[39m
 [90m 295 |[39m   src[33m:[39m url([33m@[39mvercel[33m/[39mturbopack[33m-[39mnext[33m/[39minternal[33m/[39mfont[33m/[39mgoogle[35m/font?{%22url%22:%22https:/[39m[33m/[39mfonts[33m.[39mgstatic[33m.[39mcom[33m/[39ms[33m/[39mgeistmono[33m/[39mv5[33m/[39mor3nQ6H[33m-[39m[35m1[39m_WfwkMZI_qYFg08vz7MhEIVVeA[33m.[39mwoff2[33m%[39m[35m22[39m[33m,[39m[33m%[39m[35m22[39mpreload[33m%[39m[35m22[39m[33m:[39m[36mfalse[39m[33m,[39m[33m%[39m[35m22[39mhas_size_adjust[33m%[39m[35m22[39m[33m:[39m[36mtrue[39m}) format([32m'woff2'[39m)[33m;[39m
[31m[1m>[22m[39m[90m 296 |[39m   unicode[33m-[39mrange[33m:[39m [33mU[39m[33m+[39m[35m2000[39m[33m-[39m[35m2001[39m[33m,[39m [33mU[39m[33m+[39m[35m2004[39m[33m-[39m[35m2008[39m[33m,[39m [33mU[39m[33m+[39m[35m200[39m[33mA[39m[33m,[39m [33mU[39m[33m+[39m[35m23[39m[33mB8[39m[33m-[39m[35m23[39m[33mBD[39m[33m,[39m [33mU[39m[33m+[39m[35m2500[39m[33m-[39m[35m259[39m[33mF[39m[33m;[39m
 [90m     |[39m         [31m[1m^[22m[39m
 [90m 297 |[39m }
 [90m 298 |[39m [90m/* vietnamese */[39m
 [90m 299 |[39m [33m@[39mfont[33m-[39mface {[0m

Import map: Resolved by import map


Import trace:
  Server Component:
    [next]/internal/font/google/geist_mono_4695df1.module.css
    [next]/internal/font/google/geist_mono_4695df1.js
    ./Egale-Swift/Egale-Swift-Website/app/layout.tsx

https://nextjs.org/docs/messages/module-not-found


[next]/internal/font/google/geist_mono_4695df1.module.css:305:9
Module not found: Can't resolve '@vercel/turbopack-next/internal/font/google/font'
[0m [90m 303 |[39m   font[33m-[39mdisplay[33m:[39m swap[33m;[39m
 [90m 304 |[39m   src[33m:[39m url([33m@[39mvercel[33m/[39mturbopack[33m-[39mnext[33m/[39minternal[33m/[39mfont[33m/[39mgoogle[35m/font?{%22url%22:%22https:/[39m[33m/[39mfonts[33m.[39mgstatic[33m.[39mcom[33m/[39ms[33m/[39mgeistmono[33m/[39mv5[33m/[39mor3nQ6H[33m-[39m[35m1[39m_WfwkMZI_qYFrgdmhHkjkotbA[33m.[39mwoff2[33m%[39m[35m22[39m[33m,[39m[33m%[39m[35m22[39mpreload[33m%[39m[35m22[39m[33m:[39m[36mfalse[39m[33m,[39m[33m%[39m[35m22[39mhas_size_adjust[33m%[39m[35m22[39m[33m:[39m[36mtrue[39m}) format([32m'woff2'[39m)[33m;[39m
[31m[1m>[22m[39m[90m 305 |[39m   unicode[33m-[39mrange[33m:[39m [33mU[39m[33m+[39m[35m0102[39m[33m-[39m[35m0103[39m[33m,[39m [33mU[39m[33m+[39m[35m0110[39m[33m-[39m[35m0111[39m[33m,[39m [33mU[39m[33m+[39m[35m0128[39m[33m-[39m[35m0129[39m[33m,[39m [33mU[39m[33m+[39m[35m0168[39m[33m-[39m[35m0169[39m[33m,[39m [33mU[39m[33m+[39m[35m01[39m[33mA0[39m[33m-[39m[35m01[39m[33mA1[39m[33m,[39m [33mU[39m[33m+[39m[35m01[39m[33mAF[39m[33m-[39m[35m01[39m[33mB0[39m[33m,[39m [33mU[39m[33m+[39m[35m0300[39m[33m-[39m[35m0301[39m[33m,[39m [33mU[39m[33m+[39m[35m0303[39m[33m-[39m[35m0304[39m[33m,[39m [33mU[39m[33m+[39m[35m0308[39m[33m-[39m[35m0309[39m[33m,[39m [33mU[39m[33m+[39m[35m0323[39m[33m,[39m [33mU[39m[33m+[39m[35m0329[39m[33m,[39m [33mU[39m[33m+[39m[35m1[39m[33mEA0[39m[33m-[39m[35m1[39m[33mEF9[39m[33m,[39m [33mU[39m[33m+[39m[35m20[39m[33mAB[39m[33m;[39m
 [90m     |[39m         [31m[1m^[22m[39m
 [90m 306 |[39m }
 [90m 307 |[39m [90m/* latin-ext */[39m
 [90m 308 |[39m [33m@[39mfont[33m-[39mface {[0m

Import map: Resolved by import map


Import trace:
  Server Component:
    [next]/internal/font/google/geist_mono_4695df1.module.css
    [next]/internal/font/google/geist_mono_4695df1.js
    ./Egale-Swift/Egale-Swift-Website/app/layout.tsx

https://nextjs.org/docs/messages/module-not-found


[next]/internal/font/google/geist_mono_4695df1.module.css:314:9
Module not found: Can't resolve '@vercel/turbopack-next/internal/font/google/font'
[0m [90m 312 |[39m   font[33m-[39mdisplay[33m:[39m swap[33m;[39m
 [90m 313 |[39m   src[33m:[39m url([33m@[39mvercel[33m/[39mturbopack[33m-[39mnext[33m/[39minternal[33m/[39mfont[33m/[39mgoogle[35m/font?{%22url%22:%22https:/[39m[33m/[39mfonts[33m.[39mgstatic[33m.[39mcom[33m/[39ms[33m/[39mgeistmono[33m/[39mv5[33m/[39mor3nQ6H[33m-[39m[35m1[39m_WfwkMZI_qYFrkdmhHkjkotbA[33m.[39mwoff2[33m%[39m[35m22[39m[33m,[39m[33m%[39m[35m22[39mpreload[33m%[39m[35m22[39m[33m:[39m[36mfalse[39m[33m,[39m[33m%[39m[35m22[39mhas_size_adjust[33m%[39m[35m22[39m[33m:[39m[36mtrue[39m}) format([32m'woff2'[39m)[33m;[39m
[31m[1m>[22m[39m[90m 314 |[39m   unicode[33m-[39mrange[33m:[39m [33mU[39m[33m+[39m[35m0100[39m[33m-[39m[35m02[39m[33mBA[39m[33m,[39m [33mU[39m[33m+[39m[35m02[39m[33mBD[39m[33m-[39m[35m02[39m[33mC5[39m[33m,[39m [33mU[39m[33m+[39m[35m02[39m[33mC7[39m[33m-[39m[35m02[39m[33mCC[39m[33m,[39m [33mU[39m[33m+[39m[35m02[39m[33mCE[39m[33m-[39m[35m02[39m[33mD7[39m[33m,[39m [33mU[39m[33m+[39m[35m02[39m[33mDD[39m[33m-[39m[35m02[39m[33mFF[39m[33m,[39m [33mU[39m[33m+[39m[35m0304[39m[33m,[39m [33mU[39m[33m+[39m[35m0308[39m[33m,[39m [33mU[39m[33m+[39m[35m0329[39m[33m,[39m [33mU[39m[33m+[39m[35m1[39m[33mD00[39m[33m-[39m[35m1[39m[33mDBF[39m[33m,[39m [33mU[39m[33m+[39m[35m1E00[39m[33m-[39m[35m1E9[39m[33mF[39m[33m,[39m [33mU[39m[33m+[39m[35m1[39m[33mEF2[39m[33m-[39m[35m1[39m[33mEFF[39m[33m,[39m [33mU[39m[33m+[39m[35m2020[39m[33m,[39m [33mU[39m[33m+[39m[35m20[39m[33mA0[39m[33m-[39m[35m20[39m[33mAB[39m[33m,[39m [33mU[39m[33m+[39m[35m20[39m[33mAD[39m[33m-[39m[35m20[39m[33mC0[39m[33m,[39m [33mU[39m[33m+[39m[35m2113[39m[33m,[39m [33mU[39m[33m+[39m[35m2[39m[33mC60[39m[33m-[39m[35m2[39m[33mC7F[39m[33m,[39m [33mU[39m[33m+[39m[33mA720[39m[33m-[39m[33mA7FF[39m[33m;[39m
 [90m     |[39m         [31m[1m^[22m[39m
 [90m 315 |[39m }
 [90m 316 |[39m [90m/* latin */[39m
 [90m 317 |[39m [33m@[39mfont[33m-[39mface {[0m

Import map: Resolved by import map


Import trace:
  Server Component:
    [next]/internal/font/google/geist_mono_4695df1.module.css
    [next]/internal/font/google/geist_mono_4695df1.js
    ./Egale-Swift/Egale-Swift-Website/app/layout.tsx

https://nextjs.org/docs/messages/module-not-found


[next]/internal/font/google/geist_mono_4695df1.module.css:323:9
Module not found: Can't resolve '@vercel/turbopack-next/internal/font/google/font'
[0m [90m 321 |[39m   font[33m-[39mdisplay[33m:[39m swap[33m;[39m
 [90m 322 |[39m   src[33m:[39m url([33m@[39mvercel[33m/[39mturbopack[33m-[39mnext[33m/[39minternal[33m/[39mfont[33m/[39mgoogle[35m/font?{%22url%22:%22https:/[39m[33m/[39mfonts[33m.[39mgstatic[33m.[39mcom[33m/[39ms[33m/[39mgeistmono[33m/[39mv5[33m/[39mor3nQ6H[33m-[39m[35m1[39m_WfwkMZI_qYFrcdmhHkjko[33m.[39mwoff2[33m%[39m[35m22[39m[33m,[39m[33m%[39m[35m22[39mpreload[33m%[39m[35m22[39m[33m:[39m[36mtrue[39m[33m,[39m[33m%[39m[35m22[39mhas_size_adjust[33m%[39m[35m22[39m[33m:[39m[36mtrue[39m}) format([32m'woff2'[39m)[33m;[39m
[31m[1m>[22m[39m[90m 323 |[39m   unicode[33m-[39mrange[33m:[39m [33mU[39m[33m+[39m[35m0000[39m[33m-[39m[35m00[39m[33mFF[39m[33m,[39m [33mU[39m[33m+[39m[35m0131[39m[33m,[39m [33mU[39m[33m+[39m[35m0152[39m[33m-[39m[35m0153[39m[33m,[39m [33mU[39m[33m+[39m[35m02[39m[33mBB[39m[33m-[39m[35m02[39m[33mBC[39m[33m,[39m [33mU[39m[33m+[39m[35m02[39m[33mC6[39m[33m,[39m [33mU[39m[33m+[39m[35m02[39m[33mDA[39m[33m,[39m [33mU[39m[33m+[39m[35m02[39m[33mDC[39m[33m,[39m [33mU[39m[33m+[39m[35m0304[39m[33m,[39m [33mU[39m[33m+[39m[35m0308[39m[33m,[39m [33mU[39m[33m+[39m[35m0329[39m[33m,[39m [33mU[39m[33m+[39m[35m2000[39m[33m-[39m[35m206[39m[33mF[39m[33m,[39m [33mU[39m[33m+[39m[35m20[39m[33mAC[39m[33m,[39m [33mU[39m[33m+[39m[35m2122[39m[33m,[39m [33mU[39m[33m+[39m[35m2191[39m[33m,[39m [33mU[39m[33m+[39m[35m2193[39m[33m,[39m [33mU[39m[33m+[39m[35m2212[39m[33m,[39m [33mU[39m[33m+[39m[35m2215[39m[33m,[39m [33mU[39m[33m+[39m[33mFEFF[39m[33m,[39m [33mU[39m[33m+[39m[33mFFFD[39m[33m;[39m
 [90m     |[39m         [31m[1m^[22m[39m
 [90m 324 |[39m }
 [90m 325 |[39m [90m/* cyrillic-ext */[39m
 [90m 326 |[39m [33m@[39mfont[33m-[39mface {[0m

Import map: Resolved by import map


Import trace:
  Server Component:
    [next]/internal/font/google/geist_mono_4695df1.module.css
    [next]/internal/font/google/geist_mono_4695df1.js
    ./Egale-Swift/Egale-Swift-Website/app/layout.tsx

https://nextjs.org/docs/messages/module-not-found


[next]/internal/font/google/geist_mono_4695df1.module.css:332:9
Module not found: Can't resolve '@vercel/turbopack-next/internal/font/google/font'
[0m [90m 330 |[39m   font[33m-[39mdisplay[33m:[39m swap[33m;[39m
 [90m 331 |[39m   src[33m:[39m url([33m@[39mvercel[33m/[39mturbopack[33m-[39mnext[33m/[39minternal[33m/[39mfont[33m/[39mgoogle[35m/font?{%22url%22:%22https:/[39m[33m/[39mfonts[33m.[39mgstatic[33m.[39mcom[33m/[39ms[33m/[39mgeistmono[33m/[39mv5[33m/[39mor3nQ6H[33m-[39m[35m1[39m_WfwkMZI_qYFrodmhHkjkotbA[33m.[39mwoff2[33m%[39m[35m22[39m[33m,[39m[33m%[39m[35m22[39mpreload[33m%[39m[35m22[39m[33m:[39m[36mfalse[39m[33m,[39m[33m%[39m[35m22[39mhas_size_adjust[33m%[39m[35m22[39m[33m:[39m[36mtrue[39m}) format([32m'woff2'[39m)[33m;[39m
[31m[1m>[22m[39m[90m 332 |[39m   unicode[33m-[39mrange[33m:[39m [33mU[39m[33m+[39m[35m0460[39m[33m-[39m[35m052[39m[33mF[39m[33m,[39m [33mU[39m[33m+[39m[35m1[39m[33mC80[39m[33m-[39m[35m1[39m[33mC8A[39m[33m,[39m [33mU[39m[33m+[39m[35m20[39m[33mB4[39m[33m,[39m [33mU[39m[33m+[39m[35m2[39m[33mDE0[39m[33m-[39m[35m2[39m[33mDFF[39m[33m,[39m [33mU[39m[33m+[39m[33mA640[39m[33m-[39m[33mA69F[39m[33m,[39m [33mU[39m[33m+[39m[33mFE2E[39m[33m-[39m[33mFE2F[39m[33m;[39m
 [90m     |[39m         [31m[1m^[22m[39m
 [90m 333 |[39m }
 [90m 334 |[39m [90m/* cyrillic */[39m
 [90m 335 |[39m [33m@[39mfont[33m-[39mface {[0m

Import map: Resolved by import map


Import trace:
  Server Component:
    [next]/internal/font/google/geist_mono_4695df1.module.css
    [next]/internal/font/google/geist_mono_4695df1.js
    ./Egale-Swift/Egale-Swift-Website/app/layout.tsx

https://nextjs.org/docs/messages/module-not-found


[next]/internal/font/google/geist_mono_4695df1.module.css:341:9
Module not found: Can't resolve '@vercel/turbopack-next/internal/font/google/font'
[0m [90m 339 |[39m   font[33m-[39mdisplay[33m:[39m swap[33m;[39m
 [90m 340 |[39m   src[33m:[39m url([33m@[39mvercel[33m/[39mturbopack[33m-[39mnext[33m/[39minternal[33m/[39mfont[33m/[39mgoogle[35m/font?{%22url%22:%22https:/[39m[33m/[39mfonts[33m.[39mgstatic[33m.[39mcom[33m/[39ms[33m/[39mgeistmono[33m/[39mv5[33m/[39mor3nQ6H[33m-[39m[35m1[39m_WfwkMZI_qYFrMdmhHkjkotbA[33m.[39mwoff2[33m%[39m[35m22[39m[33m,[39m[33m%[39m[35m22[39mpreload[33m%[39m[35m22[39m[33m:[39m[36mfalse[39m[33m,[39m[33m%[39m[35m22[39mhas_size_adjust[33m%[39m[35m22[39m[33m:[39m[36mtrue[39m}) format([32m'woff2'[39m)[33m;[39m
[31m[1m>[22m[39m[90m 341 |[39m   unicode[33m-[39mrange[33m:[39m [33mU[39m[33m+[39m[35m0301[39m[33m,[39m [33mU[39m[33m+[39m[35m0400[39m[33m-[39m[35m045[39m[33mF[39m[33m,[39m [33mU[39m[33m+[39m[35m0490[39m[33m-[39m[35m0491[39m[33m,[39m [33mU[39m[33m+[39m[35m04[39m[33mB0[39m[33m-[39m[35m04[39m[33mB1[39m[33m,[39m [33mU[39m[33m+[39m[35m2116[39m[33m;[39m
 [90m     |[39m         [31m[1m^[22m[39m
 [90m 342 |[39m }
 [90m 343 |[39m [90m/* symbols2 */[39m
 [90m 344 |[39m [33m@[39mfont[33m-[39mface {[0m

Import map: Resolved by import map


Import trace:
  Server Component:
    [next]/internal/font/google/geist_mono_4695df1.module.css
    [next]/internal/font/google/geist_mono_4695df1.js
    ./Egale-Swift/Egale-Swift-Website/app/layout.tsx

https://nextjs.org/docs/messages/module-not-found


[next]/internal/font/google/geist_mono_4695df1.module.css:350:9
Module not found: Can't resolve '@vercel/turbopack-next/internal/font/google/font'
[0m [90m 348 |[39m   font[33m-[39mdisplay[33m:[39m swap[33m;[39m
 [90m 349 |[39m   src[33m:[39m url([33m@[39mvercel[33m/[39mturbopack[33m-[39mnext[33m/[39minternal[33m/[39mfont[33m/[39mgoogle[35m/font?{%22url%22:%22https:/[39m[33m/[39mfonts[33m.[39mgstatic[33m.[39mcom[33m/[39ms[33m/[39mgeistmono[33m/[39mv5[33m/[39mor3nQ6H[33m-[39m[35m1[39m_WfwkMZI_qYFg08vz7MhEIVVeA[33m.[39mwoff2[33m%[39m[35m22[39m[33m,[39m[33m%[39m[35m22[39mpreload[33m%[39m[35m22[39m[33m:[39m[36mfalse[39m[33m,[39m[33m%[39m[35m22[39mhas_size_adjust[33m%[39m[35m22[39m[33m:[39m[36mtrue[39m}) format([32m'woff2'[39m)[33m;[39m
[31m[1m>[22m[39m[90m 350 |[39m   unicode[33m-[39mrange[33m:[39m [33mU[39m[33m+[39m[35m2000[39m[33m-[39m[35m2001[39m[33m,[39m [33mU[39m[33m+[39m[35m2004[39m[33m-[39m[35m2008[39m[33m,[39m [33mU[39m[33m+[39m[35m200[39m[33mA[39m[33m,[39m [33mU[39m[33m+[39m[35m23[39m[33mB8[39m[33m-[39m[35m23[39m[33mBD[39m[33m,[39m [33mU[39m[33m+[39m[35m2500[39m[33m-[39m[35m259[39m[33mF[39m[33m;[39m
 [90m     |[39m         [31m[1m^[22m[39m
 [90m 351 |[39m }
 [90m 352 |[39m [90m/* vietnamese */[39m
 [90m 353 |[39m [33m@[39mfont[33m-[39mface {[0m

Import map: Resolved by import map


Import trace:
  Server Component:
    [next]/internal/font/google/geist_mono_4695df1.module.css
    [next]/internal/font/google/geist_mono_4695df1.js
    ./Egale-Swift/Egale-Swift-Website/app/layout.tsx

https://nextjs.org/docs/messages/module-not-found


[next]/internal/font/google/geist_mono_4695df1.module.css:359:9
Module not found: Can't resolve '@vercel/turbopack-next/internal/font/google/font'
[0m [90m 357 |[39m   font[33m-[39mdisplay[33m:[39m swap[33m;[39m
 [90m 358 |[39m   src[33m:[39m url([33m@[39mvercel[33m/[39mturbopack[33m-[39mnext[33m/[39minternal[33m/[39mfont[33m/[39mgoogle[35m/font?{%22url%22:%22https:/[39m[33m/[39mfonts[33m.[39mgstatic[33m.[39mcom[33m/[39ms[33m/[39mgeistmono[33m/[39mv5[33m/[39mor3nQ6H[33m-[39m[35m1[39m_WfwkMZI_qYFrgdmhHkjkotbA[33m.[39mwoff2[33m%[39m[35m22[39m[33m,[39m[33m%[39m[35m22[39mpreload[33m%[39m[35m22[39m[33m:[39m[36mfalse[39m[33m,[39m[33m%[39m[35m22[39mhas_size_adjust[33m%[39m[35m22[39m[33m:[39m[36mtrue[39m}) format([32m'woff2'[39m)[33m;[39m
[31m[1m>[22m[39m[90m 359 |[39m   unicode[33m-[39mrange[33m:[39m [33mU[39m[33m+[39m[35m0102[39m[33m-[39m[35m0103[39m[33m,[39m [33mU[39m[33m+[39m[35m0110[39m[33m-[39m[35m0111[39m[33m,[39m [33mU[39m[33m+[39m[35m0128[39m[33m-[39m[35m0129[39m[33m,[39m [33mU[39m[33m+[39m[35m0168[39m[33m-[39m[35m0169[39m[33m,[39m [33mU[39m[33m+[39m[35m01[39m[33mA0[39m[33m-[39m[35m01[39m[33mA1[39m[33m,[39m [33mU[39m[33m+[39m[35m01[39m[33mAF[39m[33m-[39m[35m01[39m[33mB0[39m[33m,[39m [33mU[39m[33m+[39m[35m0300[39m[33m-[39m[35m0301[39m[33m,[39m [33mU[39m[33m+[39m[35m0303[39m[33m-[39m[35m0304[39m[33m,[39m [33mU[39m[33m+[39m[35m0308[39m[33m-[39m[35m0309[39m[33m,[39m [33mU[39m[33m+[39m[35m0323[39m[33m,[39m [33mU[39m[33m+[39m[35m0329[39m[33m,[39m [33mU[39m[33m+[39m[35m1[39m[33mEA0[39m[33m-[39m[35m1[39m[33mEF9[39m[33m,[39m [33mU[39m[33m+[39m[35m20[39m[33mAB[39m[33m;[39m
 [90m     |[39m         [31m[1m^[22m[39m
 [90m 360 |[39m }
 [90m 361 |[39m [90m/* latin-ext */[39m
 [90m 362 |[39m [33m@[39mfont[33m-[39mface {[0m

Import map: Resolved by import map


Import trace:
  Server Component:
    [next]/internal/font/google/geist_mono_4695df1.module.css
    [next]/internal/font/google/geist_mono_4695df1.js
    ./Egale-Swift/Egale-Swift-Website/app/layout.tsx

https://nextjs.org/docs/messages/module-not-found


[next]/internal/font/google/geist_mono_4695df1.module.css:368:9
Module not found: Can't resolve '@vercel/turbopack-next/internal/font/google/font'
[0m [90m 366 |[39m   font[33m-[39mdisplay[33m:[39m swap[33m;[39m
 [90m 367 |[39m   src[33m:[39m url([33m@[39mvercel[33m/[39mturbopack[33m-[39mnext[33m/[39minternal[33m/[39mfont[33m/[39mgoogle[35m/font?{%22url%22:%22https:/[39m[33m/[39mfonts[33m.[39mgstatic[33m.[39mcom[33m/[39ms[33m/[39mgeistmono[33m/[39mv5[33m/[39mor3nQ6H[33m-[39m[35m1[39m_WfwkMZI_qYFrkdmhHkjkotbA[33m.[39mwoff2[33m%[39m[35m22[39m[33m,[39m[33m%[39m[35m22[39mpreload[33m%[39m[35m22[39m[33m:[39m[36mfalse[39m[33m,[39m[33m%[39m[35m22[39mhas_size_adjust[33m%[39m[35m22[39m[33m:[39m[36mtrue[39m}) format([32m'woff2'[39m)[33m;[39m
[31m[1m>[22m[39m[90m 368 |[39m   unicode[33m-[39mrange[33m:[39m [33mU[39m[33m+[39m[35m0100[39m[33m-[39m[35m02[39m[33mBA[39m[33m,[39m [33mU[39m[33m+[39m[35m02[39m[33mBD[39m[33m-[39m[35m02[39m[33mC5[39m[33m,[39m [33mU[39m[33m+[39m[35m02[39m[33mC7[39m[33m-[39m[35m02[39m[33mCC[39m[33m,[39m [33mU[39m[33m+[39m[35m02[39m[33mCE[39m[33m-[39m[35m02[39m[33mD7[39m[33m,[39m [33mU[39m[33m+[39m[35m02[39m[33mDD[39m[33m-[39m[35m02[39m[33mFF[39m[33m,[39m [33mU[39m[33m+[39m[35m0304[39m[33m,[39m [33mU[39m[33m+[39m[35m0308[39m[33m,[39m [33mU[39m[33m+[39m[35m0329[39m[33m,[39m [33mU[39m[33m+[39m[35m1[39m[33mD00[39m[33m-[39m[35m1[39m[33mDBF[39m[33m,[39m [33mU[39m[33m+[39m[35m1E00[39m[33m-[39m[35m1E9[39m[33mF[39m[33m,[39m [33mU[39m[33m+[39m[35m1[39m[33mEF2[39m[33m-[39m[35m1[39m[33mEFF[39m[33m,[39m [33mU[39m[33m+[39m[35m2020[39m[33m,[39m [33mU[39m[33m+[39m[35m20[39m[33mA0[39m[33m-[39m[35m20[39m[33mAB[39m[33m,[39m [33mU[39m[33m+[39m[35m20[39m[33mAD[39m[33m-[39m[35m20[39m[33mC0[39m[33m,[39m [33mU[39m[33m+[39m[35m2113[39m[33m,[39m [33mU[39m[33m+[39m[35m2[39m[33mC60[39m[33m-[39m[35m2[39m[33mC7F[39m[33m,[39m [33mU[39m[33m+[39m[33mA720[39m[33m-[39m[33mA7FF[39m[33m;[39m
 [90m     |[39m         [31m[1m^[22m[39m
 [90m 369 |[39m }
 [90m 370 |[39m [90m/* latin */[39m
 [90m 371 |[39m [33m@[39mfont[33m-[39mface {[0m

Import map: Resolved by import map


Import trace:
  Server Component:
    [next]/internal/font/google/geist_mono_4695df1.module.css
    [next]/internal/font/google/geist_mono_4695df1.js
    ./Egale-Swift/Egale-Swift-Website/app/layout.tsx

https://nextjs.org/docs/messages/module-not-found


[next]/internal/font/google/geist_mono_4695df1.module.css:377:9
Module not found: Can't resolve '@vercel/turbopack-next/internal/font/google/font'
[0m [90m 375 |[39m   font[33m-[39mdisplay[33m:[39m swap[33m;[39m
 [90m 376 |[39m   src[33m:[39m url([33m@[39mvercel[33m/[39mturbopack[33m-[39mnext[33m/[39minternal[33m/[39mfont[33m/[39mgoogle[35m/font?{%22url%22:%22https:/[39m[33m/[39mfonts[33m.[39mgstatic[33m.[39mcom[33m/[39ms[33m/[39mgeistmono[33m/[39mv5[33m/[39mor3nQ6H[33m-[39m[35m1[39m_WfwkMZI_qYFrcdmhHkjko[33m.[39mwoff2[33m%[39m[35m22[39m[33m,[39m[33m%[39m[35m22[39mpreload[33m%[39m[35m22[39m[33m:[39m[36mtrue[39m[33m,[39m[33m%[39m[35m22[39mhas_size_adjust[33m%[39m[35m22[39m[33m:[39m[36mtrue[39m}) format([32m'woff2'[39m)[33m;[39m
[31m[1m>[22m[39m[90m 377 |[39m   unicode[33m-[39mrange[33m:[39m [33mU[39m[33m+[39m[35m0000[39m[33m-[39m[35m00[39m[33mFF[39m[33m,[39m [33mU[39m[33m+[39m[35m0131[39m[33m,[39m [33mU[39m[33m+[39m[35m0152[39m[33m-[39m[35m0153[39m[33m,[39m [33mU[39m[33m+[39m[35m02[39m[33mBB[39m[33m-[39m[35m02[39m[33mBC[39m[33m,[39m [33mU[39m[33m+[39m[35m02[39m[33mC6[39m[33m,[39m [33mU[39m[33m+[39m[35m02[39m[33mDA[39m[33m,[39m [33mU[39m[33m+[39m[35m02[39m[33mDC[39m[33m,[39m [33mU[39m[33m+[39m[35m0304[39m[33m,[39m [33mU[39m[33m+[39m[35m0308[39m[33m,[39m [33mU[39m[33m+[39m[35m0329[39m[33m,[39m [33mU[39m[33m+[39m[35m2000[39m[33m-[39m[35m206[39m[33mF[39m[33m,[39m [33mU[39m[33m+[39m[35m20[39m[33mAC[39m[33m,[39m [33mU[39m[33m+[39m[35m2122[39m[33m,[39m [33mU[39m[33m+[39m[35m2191[39m[33m,[39m [33mU[39m[33m+[39m[35m2193[39m[33m,[39m [33mU[39m[33m+[39m[35m2212[39m[33m,[39m [33mU[39m[33m+[39m[35m2215[39m[33m,[39m [33mU[39m[33m+[39m[33mFEFF[39m[33m,[39m [33mU[39m[33m+[39m[33mFFFD[39m[33m;[39m
 [90m     |[39m         [31m[1m^[22m[39m
 [90m 378 |[39m }
 [90m 379 |[39m [90m/* cyrillic-ext */[39m
 [90m 380 |[39m [33m@[39mfont[33m-[39mface {[0m

Import map: Resolved by import map


Import trace:
  Server Component:
    [next]/internal/font/google/geist_mono_4695df1.module.css
    [next]/internal/font/google/geist_mono_4695df1.js
    ./Egale-Swift/Egale-Swift-Website/app/layout.tsx

https://nextjs.org/docs/messages/module-not-found


[next]/internal/font/google/geist_mono_4695df1.module.css:386:9
Module not found: Can't resolve '@vercel/turbopack-next/internal/font/google/font'
[0m [90m 384 |[39m   font[33m-[39mdisplay[33m:[39m swap[33m;[39m
 [90m 385 |[39m   src[33m:[39m url([33m@[39mvercel[33m/[39mturbopack[33m-[39mnext[33m/[39minternal[33m/[39mfont[33m/[39mgoogle[35m/font?{%22url%22:%22https:/[39m[33m/[39mfonts[33m.[39mgstatic[33m.[39mcom[33m/[39ms[33m/[39mgeistmono[33m/[39mv5[33m/[39mor3nQ6H[33m-[39m[35m1[39m_WfwkMZI_qYFrodmhHkjkotbA[33m.[39mwoff2[33m%[39m[35m22[39m[33m,[39m[33m%[39m[35m22[39mpreload[33m%[39m[35m22[39m[33m:[39m[36mfalse[39m[33m,[39m[33m%[39m[35m22[39mhas_size_adjust[33m%[39m[35m22[39m[33m:[39m[36mtrue[39m}) format([32m'woff2'[39m)[33m;[39m
[31m[1m>[22m[39m[90m 386 |[39m   unicode[33m-[39mrange[33m:[39m [33mU[39m[33m+[39m[35m0460[39m[33m-[39m[35m052[39m[33mF[39m[33m,[39m [33mU[39m[33m+[39m[35m1[39m[33mC80[39m[33m-[39m[35m1[39m[33mC8A[39m[33m,[39m [33mU[39m[33m+[39m[35m20[39m[33mB4[39m[33m,[39m [33mU[39m[33m+[39m[35m2[39m[33mDE0[39m[33m-[39m[35m2[39m[33mDFF[39m[33m,[39m [33mU[39m[33m+[39m[33mA640[39m[33m-[39m[33mA69F[39m[33m,[39m [33mU[39m[33m+[39m[33mFE2E[39m[33m-[39m[33mFE2F[39m[33m;[39m
 [90m     |[39m         [31m[1m^[22m[39m
 [90m 387 |[39m }
 [90m 388 |[39m [90m/* cyrillic */[39m
 [90m 389 |[39m [33m@[39mfont[33m-[39mface {[0m

Import map: Resolved by import map


Import trace:
  Server Component:
    [next]/internal/font/google/geist_mono_4695df1.module.css
    [next]/internal/font/google/geist_mono_4695df1.js
    ./Egale-Swift/Egale-Swift-Website/app/layout.tsx

https://nextjs.org/docs/messages/module-not-found


[next]/internal/font/google/geist_mono_4695df1.module.css:395:9
Module not found: Can't resolve '@vercel/turbopack-next/internal/font/google/font'
[0m [90m 393 |[39m   font[33m-[39mdisplay[33m:[39m swap[33m;[39m
 [90m 394 |[39m   src[33m:[39m url([33m@[39mvercel[33m/[39mturbopack[33m-[39mnext[33m/[39minternal[33m/[39mfont[33m/[39mgoogle[35m/font?{%22url%22:%22https:/[39m[33m/[39mfonts[33m.[39mgstatic[33m.[39mcom[33m/[39ms[33m/[39mgeistmono[33m/[39mv5[33m/[39mor3nQ6H[33m-[39m[35m1[39m_WfwkMZI_qYFrMdmhHkjkotbA[33m.[39mwoff2[33m%[39m[35m22[39m[33m,[39m[33m%[39m[35m22[39mpreload[33m%[39m[35m22[39m[33m:[39m[36mfalse[39m[33m,[39m[33m%[39m[35m22[39mhas_size_adjust[33m%[39m[35m22[39m[33m:[39m[36mtrue[39m}) format([32m'woff2'[39m)[33m;[39m
[31m[1m>[22m[39m[90m 395 |[39m   unicode[33m-[39mrange[33m:[39m [33mU[39m[33m+[39m[35m0301[39m[33m,[39m [33mU[39m[33m+[39m[35m0400[39m[33m-[39m[35m045[39m[33mF[39m[33m,[39m [33mU[39m[33m+[39m[35m0490[39m[33m-[39m[35m0491[39m[33m,[39m [33mU[39m[33m+[39m[35m04[39m[33mB0[39m[33m-[39m[35m04[39m[33mB1[39m[33m,[39m [33mU[39m[33m+[39m[35m2116[39m[33m;[39m
 [90m     |[39m         [31m[1m^[22m[39m
 [90m 396 |[39m }
 [90m 397 |[39m [90m/* symbols2 */[39m
 [90m 398 |[39m [33m@[39mfont[33m-[39mface {[0m

Import map: Resolved by import map


Import trace:
  Server Component:
    [next]/internal/font/google/geist_mono_4695df1.module.css
    [next]/internal/font/google/geist_mono_4695df1.js
    ./Egale-Swift/Egale-Swift-Website/app/layout.tsx

https://nextjs.org/docs/messages/module-not-found


[next]/internal/font/google/geist_mono_4695df1.module.css:404:9
Module not found: Can't resolve '@vercel/turbopack-next/internal/font/google/font'
[0m [90m 402 |[39m   font[33m-[39mdisplay[33m:[39m swap[33m;[39m
 [90m 403 |[39m   src[33m:[39m url([33m@[39mvercel[33m/[39mturbopack[33m-[39mnext[33m/[39minternal[33m/[39mfont[33m/[39mgoogle[35m/font?{%22url%22:%22https:/[39m[33m/[39mfonts[33m.[39mgstatic[33m.[39mcom[33m/[39ms[33m/[39mgeistmono[33m/[39mv5[33m/[39mor3nQ6H[33m-[39m[35m1[39m_WfwkMZI_qYFg08vz7MhEIVVeA[33m.[39mwoff2[33m%[39m[35m22[39m[33m,[39m[33m%[39m[35m22[39mpreload[33m%[39m[35m22[39m[33m:[39m[36mfalse[39m[33m,[39m[33m%[39m[35m22[39mhas_size_adjust[33m%[39m[35m22[39m[33m:[39m[36mtrue[39m}) format([32m'woff2'[39m)[33m;[39m
[31m[1m>[22m[39m[90m 404 |[39m   unicode[33m-[39mrange[33m:[39m [33mU[39m[33m+[39m[35m2000[39m[33m-[39m[35m2001[39m[33m,[39m [33mU[39m[33m+[39m[35m2004[39m[33m-[39m[35m2008[39m[33m,[39m [33mU[39m[33m+[39m[35m200[39m[33mA[39m[33m,[39m [33mU[39m[33m+[39m[35m23[39m[33mB8[39m[33m-[39m[35m23[39m[33mBD[39m[33m,[39m [33mU[39m[33m+[39m[35m2500[39m[33m-[39m[35m259[39m[33mF[39m[33m;[39m
 [90m     |[39m         [31m[1m^[22m[39m
 [90m 405 |[39m }
 [90m 406 |[39m [90m/* vietnamese */[39m
 [90m 407 |[39m [33m@[39mfont[33m-[39mface {[0m

Import map: Resolved by import map


Import trace:
  Server Component:
    [next]/internal/font/google/geist_mono_4695df1.module.css
    [next]/internal/font/google/geist_mono_4695df1.js
    ./Egale-Swift/Egale-Swift-Website/app/layout.tsx

https://nextjs.org/docs/messages/module-not-found


[next]/internal/font/google/geist_mono_4695df1.module.css:413:9
Module not found: Can't resolve '@vercel/turbopack-next/internal/font/google/font'
[0m [90m 411 |[39m   font[33m-[39mdisplay[33m:[39m swap[33m;[39m
 [90m 412 |[39m   src[33m:[39m url([33m@[39mvercel[33m/[39mturbopack[33m-[39mnext[33m/[39minternal[33m/[39mfont[33m/[39mgoogle[35m/font?{%22url%22:%22https:/[39m[33m/[39mfonts[33m.[39mgstatic[33m.[39mcom[33m/[39ms[33m/[39mgeistmono[33m/[39mv5[33m/[39mor3nQ6H[33m-[39m[35m1[39m_WfwkMZI_qYFrgdmhHkjkotbA[33m.[39mwoff2[33m%[39m[35m22[39m[33m,[39m[33m%[39m[35m22[39mpreload[33m%[39m[35m22[39m[33m:[39m[36mfalse[39m[33m,[39m[33m%[39m[35m22[39mhas_size_adjust[33m%[39m[35m22[39m[33m:[39m[36mtrue[39m}) format([32m'woff2'[39m)[33m;[39m
[31m[1m>[22m[39m[90m 413 |[39m   unicode[33m-[39mrange[33m:[39m [33mU[39m[33m+[39m[35m0102[39m[33m-[39m[35m0103[39m[33m,[39m [33mU[39m[33m+[39m[35m0110[39m[33m-[39m[35m0111[39m[33m,[39m [33mU[39m[33m+[39m[35m0128[39m[33m-[39m[35m0129[39m[33m,[39m [33mU[39m[33m+[39m[35m0168[39m[33m-[39m[35m0169[39m[33m,[39m [33mU[39m[33m+[39m[35m01[39m[33mA0[39m[33m-[39m[35m01[39m[33mA1[39m[33m,[39m [33mU[39m[33m+[39m[35m01[39m[33mAF[39m[33m-[39m[35m01[39m[33mB0[39m[33m,[39m [33mU[39m[33m+[39m[35m0300[39m[33m-[39m[35m0301[39m[33m,[39m [33mU[39m[33m+[39m[35m0303[39m[33m-[39m[35m0304[39m[33m,[39m [33mU[39m[33m+[39m[35m0308[39m[33m-[39m[35m0309[39m[33m,[39m [33mU[39m[33m+[39m[35m0323[39m[33m,[39m [33mU[39m[33m+[39m[35m0329[39m[33m,[39m [33mU[39m[33m+[39m[35m1[39m[33mEA0[39m[33m-[39m[35m1[39m[33mEF9[39m[33m,[39m [33mU[39m[33m+[39m[35m20[39m[33mAB[39m[33m;[39m
 [90m     |[39m         [31m[1m^[22m[39m
 [90m 414 |[39m }
 [90m 415 |[39m [90m/* latin-ext */[39m
 [90m 416 |[39m [33m@[39mfont[33m-[39mface {[0m

Import map: Resolved by import map


Import trace:
  Server Component:
    [next]/internal/font/google/geist_mono_4695df1.module.css
    [next]/internal/font/google/geist_mono_4695df1.js
    ./Egale-Swift/Egale-Swift-Website/app/layout.tsx

https://nextjs.org/docs/messages/module-not-found


[next]/internal/font/google/geist_mono_4695df1.module.css:422:9
Module not found: Can't resolve '@vercel/turbopack-next/internal/font/google/font'
[0m [90m 420 |[39m   font[33m-[39mdisplay[33m:[39m swap[33m;[39m
 [90m 421 |[39m   src[33m:[39m url([33m@[39mvercel[33m/[39mturbopack[33m-[39mnext[33m/[39minternal[33m/[39mfont[33m/[39mgoogle[35m/font?{%22url%22:%22https:/[39m[33m/[39mfonts[33m.[39mgstatic[33m.[39mcom[33m/[39ms[33m/[39mgeistmono[33m/[39mv5[33m/[39mor3nQ6H[33m-[39m[35m1[39m_WfwkMZI_qYFrkdmhHkjkotbA[33m.[39mwoff2[33m%[39m[35m22[39m[33m,[39m[33m%[39m[35m22[39mpreload[33m%[39m[35m22[39m[33m:[39m[36mfalse[39m[33m,[39m[33m%[39m[35m22[39mhas_size_adjust[33m%[39m[35m22[39m[33m:[39m[36mtrue[39m}) format([32m'woff2'[39m)[33m;[39m
[31m[1m>[22m[39m[90m 422 |[39m   unicode[33m-[39mrange[33m:[39m [33mU[39m[33m+[39m[35m0100[39m[33m-[39m[35m02[39m[33mBA[39m[33m,[39m [33mU[39m[33m+[39m[35m02[39m[33mBD[39m[33m-[39m[35m02[39m[33mC5[39m[33m,[39m [33mU[39m[33m+[39m[35m02[39m[33mC7[39m[33m-[39m[35m02[39m[33mCC[39m[33m,[39m [33mU[39m[33m+[39m[35m02[39m[33mCE[39m[33m-[39m[35m02[39m[33mD7[39m[33m,[39m [33mU[39m[33m+[39m[35m02[39m[33mDD[39m[33m-[39m[35m02[39m[33mFF[39m[33m,[39m [33mU[39m[33m+[39m[35m0304[39m[33m,[39m [33mU[39m[33m+[39m[35m0308[39m[33m,[39m [33mU[39m[33m+[39m[35m0329[39m[33m,[39m [33mU[39m[33m+[39m[35m1[39m[33mD00[39m[33m-[39m[35m1[39m[33mDBF[39m[33m,[39m [33mU[39m[33m+[39m[35m1E00[39m[33m-[39m[35m1E9[39m[33mF[39m[33m,[39m [33mU[39m[33m+[39m[35m1[39m[33mEF2[39m[33m-[39m[35m1[39m[33mEFF[39m[33m,[39m [33mU[39m[33m+[39m[35m2020[39m[33m,[39m [33mU[39m[33m+[39m[35m20[39m[33mA0[39m[33m-[39m[35m20[39m[33mAB[39m[33m,[39m [33mU[39m[33m+[39m[35m20[39m[33mAD[39m[33m-[39m[35m20[39m[33mC0[39m[33m,[39m [33mU[39m[33m+[39m[35m2113[39m[33m,[39m [33mU[39m[33m+[39m[35m2[39m[33mC60[39m[33m-[39m[35m2[39m[33mC7F[39m[33m,[39m [33mU[39m[33m+[39m[33mA720[39m[33m-[39m[33mA7FF[39m[33m;[39m
 [90m     |[39m         [31m[1m^[22m[39m
 [90m 423 |[39m }
 [90m 424 |[39m [90m/* latin */[39m
 [90m 425 |[39m [33m@[39mfont[33m-[39mface {[0m

Import map: Resolved by import map


Import trace:
  Server Component:
    [next]/internal/font/google/geist_mono_4695df1.module.css
    [next]/internal/font/google/geist_mono_4695df1.js
    ./Egale-Swift/Egale-Swift-Website/app/layout.tsx

https://nextjs.org/docs/messages/module-not-found


[next]/internal/font/google/geist_mono_4695df1.module.css:431:9
Module not found: Can't resolve '@vercel/turbopack-next/internal/font/google/font'
[0m [90m 429 |[39m   font[33m-[39mdisplay[33m:[39m swap[33m;[39m
 [90m 430 |[39m   src[33m:[39m url([33m@[39mvercel[33m/[39mturbopack[33m-[39mnext[33m/[39minternal[33m/[39mfont[33m/[39mgoogle[35m/font?{%22url%22:%22https:/[39m[33m/[39mfonts[33m.[39mgstatic[33m.[39mcom[33m/[39ms[33m/[39mgeistmono[33m/[39mv5[33m/[39mor3nQ6H[33m-[39m[35m1[39m_WfwkMZI_qYFrcdmhHkjko[33m.[39mwoff2[33m%[39m[35m22[39m[33m,[39m[33m%[39m[35m22[39mpreload[33m%[39m[35m22[39m[33m:[39m[36mtrue[39m[33m,[39m[33m%[39m[35m22[39mhas_size_adjust[33m%[39m[35m22[39m[33m:[39m[36mtrue[39m}) format([32m'woff2'[39m)[33m;[39m
[31m[1m>[22m[39m[90m 431 |[39m   unicode[33m-[39mrange[33m:[39m [33mU[39m[33m+[39m[35m0000[39m[33m-[39m[35m00[39m[33mFF[39m[33m,[39m [33mU[39m[33m+[39m[35m0131[39m[33m,[39m [33mU[39m[33m+[39m[35m0152[39m[33m-[39m[35m0153[39m[33m,[39m [33mU[39m[33m+[39m[35m02[39m[33mBB[39m[33m-[39m[35m02[39m[33mBC[39m[33m,[39m [33mU[39m[33m+[39m[35m02[39m[33mC6[39m[33m,[39m [33mU[39m[33m+[39m[35m02[39m[33mDA[39m[33m,[39m [33mU[39m[33m+[39m[35m02[39m[33mDC[39m[33m,[39m [33mU[39m[33m+[39m[35m0304[39m[33m,[39m [33mU[39m[33m+[39m[35m0308[39m[33m,[39m [33mU[39m[33m+[39m[35m0329[39m[33m,[39m [33mU[39m[33m+[39m[35m2000[39m[33m-[39m[35m206[39m[33mF[39m[33m,[39m [33mU[39m[33m+[39m[35m20[39m[33mAC[39m[33m,[39m [33mU[39m[33m+[39m[35m2122[39m[33m,[39m [33mU[39m[33m+[39m[35m2191[39m[33m,[39m [33mU[39m[33m+[39m[35m2193[39m[33m,[39m [33mU[39m[33m+[39m[35m2212[39m[33m,[39m [33mU[39m[33m+[39m[35m2215[39m[33m,[39m [33mU[39m[33m+[39m[33mFEFF[39m[33m,[39m [33mU[39m[33m+[39m[33mFFFD[39m[33m;[39m
 [90m     |[39m         [31m[1m^[22m[39m
 [90m 432 |[39m }
 [90m 433 |[39m [90m/* cyrillic-ext */[39m
 [90m 434 |[39m [33m@[39mfont[33m-[39mface {[0m

Import map: Resolved by import map


Import trace:
  Server Component:
    [next]/internal/font/google/geist_mono_4695df1.module.css
    [next]/internal/font/google/geist_mono_4695df1.js
    ./Egale-Swift/Egale-Swift-Website/app/layout.tsx

https://nextjs.org/docs/messages/module-not-found


[next]/internal/font/google/geist_mono_4695df1.module.css:440:9
Module not found: Can't resolve '@vercel/turbopack-next/internal/font/google/font'
[0m [90m 438 |[39m   font[33m-[39mdisplay[33m:[39m swap[33m;[39m
 [90m 439 |[39m   src[33m:[39m url([33m@[39mvercel[33m/[39mturbopack[33m-[39mnext[33m/[39minternal[33m/[39mfont[33m/[39mgoogle[35m/font?{%22url%22:%22https:/[39m[33m/[39mfonts[33m.[39mgstatic[33m.[39mcom[33m/[39ms[33m/[39mgeistmono[33m/[39mv5[33m/[39mor3nQ6H[33m-[39m[35m1[39m_WfwkMZI_qYFrodmhHkjkotbA[33m.[39mwoff2[33m%[39m[35m22[39m[33m,[39m[33m%[39m[35m22[39mpreload[33m%[39m[35m22[39m[33m:[39m[36mfalse[39m[33m,[39m[33m%[39m[35m22[39mhas_size_adjust[33m%[39m[35m22[39m[33m:[39m[36mtrue[39m}) format([32m'woff2'[39m)[33m;[39m
[31m[1m>[22m[39m[90m 440 |[39m   unicode[33m-[39mrange[33m:[39m [33mU[39m[33m+[39m[35m0460[39m[33m-[39m[35m052[39m[33mF[39m[33m,[39m [33mU[39m[33m+[39m[35m1[39m[33mC80[39m[33m-[39m[35m1[39m[33mC8A[39m[33m,[39m [33mU[39m[33m+[39m[35m20[39m[33mB4[39m[33m,[39m [33mU[39m[33m+[39m[35m2[39m[33mDE0[39m[33m-[39m[35m2[39m[33mDFF[39m[33m,[39m [33mU[39m[33m+[39m[33mA640[39m[33m-[39m[33mA69F[39m[33m,[39m [33mU[39m[33m+[39m[33mFE2E[39m[33m-[39m[33mFE2F[39m[33m;[39m
 [90m     |[39m         [31m[1m^[22m[39m
 [90m 441 |[39m }
 [90m 442 |[39m [90m/* cyrillic */[39m
 [90m 443 |[39m [33m@[39mfont[33m-[39mface {[0m

Import map: Resolved by import map


Import trace:
  Server Component:
    [next]/internal/font/google/geist_mono_4695df1.module.css
    [next]/internal/font/google/geist_mono_4695df1.js
    ./Egale-Swift/Egale-Swift-Website/app/layout.tsx

https://nextjs.org/docs/messages/module-not-found


[next]/internal/font/google/geist_mono_4695df1.module.css:449:9
Module not found: Can't resolve '@vercel/turbopack-next/internal/font/google/font'
[0m [90m 447 |[39m   font[33m-[39mdisplay[33m:[39m swap[33m;[39m
 [90m 448 |[39m   src[33m:[39m url([33m@[39mvercel[33m/[39mturbopack[33m-[39mnext[33m/[39minternal[33m/[39mfont[33m/[39mgoogle[35m/font?{%22url%22:%22https:/[39m[33m/[39mfonts[33m.[39mgstatic[33m.[39mcom[33m/[39ms[33m/[39mgeistmono[33m/[39mv5[33m/[39mor3nQ6H[33m-[39m[35m1[39m_WfwkMZI_qYFrMdmhHkjkotbA[33m.[39mwoff2[33m%[39m[35m22[39m[33m,[39m[33m%[39m[35m22[39mpreload[33m%[39m[35m22[39m[33m:[39m[36mfalse[39m[33m,[39m[33m%[39m[35m22[39mhas_size_adjust[33m%[39m[35m22[39m[33m:[39m[36mtrue[39m}) format([32m'woff2'[39m)[33m;[39m
[31m[1m>[22m[39m[90m 449 |[39m   unicode[33m-[39mrange[33m:[39m [33mU[39m[33m+[39m[35m0301[39m[33m,[39m [33mU[39m[33m+[39m[35m0400[39m[33m-[39m[35m045[39m[33mF[39m[33m,[39m [33mU[39m[33m+[39m[35m0490[39m[33m-[39m[35m0491[39m[33m,[39m [33mU[39m[33m+[39m[35m04[39m[33mB0[39m[33m-[39m[35m04[39m[33mB1[39m[33m,[39m [33mU[39m[33m+[39m[35m2116[39m[33m;[39m
 [90m     |[39m         [31m[1m^[22m[39m
 [90m 450 |[39m }
 [90m 451 |[39m [90m/* symbols2 */[39m
 [90m 452 |[39m [33m@[39mfont[33m-[39mface {[0m

Import map: Resolved by import map


Import trace:
  Server Component:
    [next]/internal/font/google/geist_mono_4695df1.module.css
    [next]/internal/font/google/geist_mono_4695df1.js
    ./Egale-Swift/Egale-Swift-Website/app/layout.tsx

https://nextjs.org/docs/messages/module-not-found


[next]/internal/font/google/geist_mono_4695df1.module.css:458:9
Module not found: Can't resolve '@vercel/turbopack-next/internal/font/google/font'
[0m [90m 456 |[39m   font[33m-[39mdisplay[33m:[39m swap[33m;[39m
 [90m 457 |[39m   src[33m:[39m url([33m@[39mvercel[33m/[39mturbopack[33m-[39mnext[33m/[39minternal[33m/[39mfont[33m/[39mgoogle[35m/font?{%22url%22:%22https:/[39m[33m/[39mfonts[33m.[39mgstatic[33m.[39mcom[33m/[39ms[33m/[39mgeistmono[33m/[39mv5[33m/[39mor3nQ6H[33m-[39m[35m1[39m_WfwkMZI_qYFg08vz7MhEIVVeA[33m.[39mwoff2[33m%[39m[35m22[39m[33m,[39m[33m%[39m[35m22[39mpreload[33m%[39m[35m22[39m[33m:[39m[36mfalse[39m[33m,[39m[33m%[39m[35m22[39mhas_size_adjust[33m%[39m[35m22[39m[33m:[39m[36mtrue[39m}) format([32m'woff2'[39m)[33m;[39m
[31m[1m>[22m[39m[90m 458 |[39m   unicode[33m-[39mrange[33m:[39m [33mU[39m[33m+[39m[35m2000[39m[33m-[39m[35m2001[39m[33m,[39m [33mU[39m[33m+[39m[35m2004[39m[33m-[39m[35m2008[39m[33m,[39m [33mU[39m[33m+[39m[35m200[39m[33mA[39m[33m,[39m [33mU[39m[33m+[39m[35m23[39m[33mB8[39m[33m-[39m[35m23[39m[33mBD[39m[33m,[39m [33mU[39m[33m+[39m[35m2500[39m[33m-[39m[35m259[39m[33mF[39m[33m;[39m
 [90m     |[39m         [31m[1m^[22m[39m
 [90m 459 |[39m }
 [90m 460 |[39m [90m/* vietnamese */[39m
 [90m 461 |[39m [33m@[39mfont[33m-[39mface {[0m

Import map: Resolved by import map


Import trace:
  Server Component:
    [next]/internal/font/google/geist_mono_4695df1.module.css
    [next]/internal/font/google/geist_mono_4695df1.js
    ./Egale-Swift/Egale-Swift-Website/app/layout.tsx

https://nextjs.org/docs/messages/module-not-found


[next]/internal/font/google/geist_mono_4695df1.module.css:467:9
Module not found: Can't resolve '@vercel/turbopack-next/internal/font/google/font'
[0m [90m 465 |[39m   font[33m-[39mdisplay[33m:[39m swap[33m;[39m
 [90m 466 |[39m   src[33m:[39m url([33m@[39mvercel[33m/[39mturbopack[33m-[39mnext[33m/[39minternal[33m/[39mfont[33m/[39mgoogle[35m/font?{%22url%22:%22https:/[39m[33m/[39mfonts[33m.[39mgstatic[33m.[39mcom[33m/[39ms[33m/[39mgeistmono[33m/[39mv5[33m/[39mor3nQ6H[33m-[39m[35m1[39m_WfwkMZI_qYFrgdmhHkjkotbA[33m.[39mwoff2[33m%[39m[35m22[39m[33m,[39m[33m%[39m[35m22[39mpreload[33m%[39m[35m22[39m[33m:[39m[36mfalse[39m[33m,[39m[33m%[39m[35m22[39mhas_size_adjust[33m%[39m[35m22[39m[33m:[39m[36mtrue[39m}) format([32m'woff2'[39m)[33m;[39m
[31m[1m>[22m[39m[90m 467 |[39m   unicode[33m-[39mrange[33m:[39m [33mU[39m[33m+[39m[35m0102[39m[33m-[39m[35m0103[39m[33m,[39m [33mU[39m[33m+[39m[35m0110[39m[33m-[39m[35m0111[39m[33m,[39m [33mU[39m[33m+[39m[35m0128[39m[33m-[39m[35m0129[39m[33m,[39m [33mU[39m[33m+[39m[35m0168[39m[33m-[39m[35m0169[39m[33m,[39m [33mU[39m[33m+[39m[35m01[39m[33mA0[39m[33m-[39m[35m01[39m[33mA1[39m[33m,[39m [33mU[39m[33m+[39m[35m01[39m[33mAF[39m[33m-[39m[35m01[39m[33mB0[39m[33m,[39m [33mU[39m[33m+[39m[35m0300[39m[33m-[39m[35m0301[39m[33m,[39m [33mU[39m[33m+[39m[35m0303[39m[33m-[39m[35m0304[39m[33m,[39m [33mU[39m[33m+[39m[35m0308[39m[33m-[39m[35m0309[39m[33m,[39m [33mU[39m[33m+[39m[35m0323[39m[33m,[39m [33mU[39m[33m+[39m[35m0329[39m[33m,[39m [33mU[39m[33m+[39m[35m1[39m[33mEA0[39m[33m-[39m[35m1[39m[33mEF9[39m[33m,[39m [33mU[39m[33m+[39m[35m20[39m[33mAB[39m[33m;[39m
 [90m     |[39m         [31m[1m^[22m[39m
 [90m 468 |[39m }
 [90m 469 |[39m [90m/* latin-ext */[39m
 [90m 470 |[39m [33m@[39mfont[33m-[39mface {[0m

Import map: Resolved by import map


Import trace:
  Server Component:
    [next]/internal/font/google/geist_mono_4695df1.module.css
    [next]/internal/font/google/geist_mono_4695df1.js
    ./Egale-Swift/Egale-Swift-Website/app/layout.tsx

https://nextjs.org/docs/messages/module-not-found


[next]/internal/font/google/geist_mono_4695df1.module.css:476:9
Module not found: Can't resolve '@vercel/turbopack-next/internal/font/google/font'
[0m [90m 474 |[39m   font[33m-[39mdisplay[33m:[39m swap[33m;[39m
 [90m 475 |[39m   src[33m:[39m url([33m@[39mvercel[33m/[39mturbopack[33m-[39mnext[33m/[39minternal[33m/[39mfont[33m/[39mgoogle[35m/font?{%22url%22:%22https:/[39m[33m/[39mfonts[33m.[39mgstatic[33m.[39mcom[33m/[39ms[33m/[39mgeistmono[33m/[39mv5[33m/[39mor3nQ6H[33m-[39m[35m1[39m_WfwkMZI_qYFrkdmhHkjkotbA[33m.[39mwoff2[33m%[39m[35m22[39m[33m,[39m[33m%[39m[35m22[39mpreload[33m%[39m[35m22[39m[33m:[39m[36mfalse[39m[33m,[39m[33m%[39m[35m22[39mhas_size_adjust[33m%[39m[35m22[39m[33m:[39m[36mtrue[39m}) format([32m'woff2'[39m)[33m;[39m
[31m[1m>[22m[39m[90m 476 |[39m   unicode[33m-[39mrange[33m:[39m [33mU[39m[33m+[39m[35m0100[39m[33m-[39m[35m02[39m[33mBA[39m[33m,[39m [33mU[39m[33m+[39m[35m02[39m[33mBD[39m[33m-[39m[35m02[39m[33mC5[39m[33m,[39m [33mU[39m[33m+[39m[35m02[39m[33mC7[39m[33m-[39m[35m02[39m[33mCC[39m[33m,[39m [33mU[39m[33m+[39m[35m02[39m[33mCE[39m[33m-[39m[35m02[39m[33mD7[39m[33m,[39m [33mU[39m[33m+[39m[35m02[39m[33mDD[39m[33m-[39m[35m02[39m[33mFF[39m[33m,[39m [33mU[39m[33m+[39m[35m0304[39m[33m,[39m [33mU[39m[33m+[39m[35m0308[39m[33m,[39m [33mU[39m[33m+[39m[35m0329[39m[33m,[39m [33mU[39m[33m+[39m[35m1[39m[33mD00[39m[33m-[39m[35m1[39m[33mDBF[39m[33m,[39m [33mU[39m[33m+[39m[35m1E00[39m[33m-[39m[35m1E9[39m[33mF[39m[33m,[39m [33mU[39m[33m+[39m[35m1[39m[33mEF2[39m[33m-[39m[35m1[39m[33mEFF[39m[33m,[39m [33mU[39m[33m+[39m[35m2020[39m[33m,[39m [33mU[39m[33m+[39m[35m20[39m[33mA0[39m[33m-[39m[35m20[39m[33mAB[39m[33m,[39m [33mU[39m[33m+[39m[35m20[39m[33mAD[39m[33m-[39m[35m20[39m[33mC0[39m[33m,[39m [33mU[39m[33m+[39m[35m2113[39m[33m,[39m [33mU[39m[33m+[39m[35m2[39m[33mC60[39m[33m-[39m[35m2[39m[33mC7F[39m[33m,[39m [33mU[39m[33m+[39m[33mA720[39m[33m-[39m[33mA7FF[39m[33m;[39m
 [90m     |[39m         [31m[1m^[22m[39m
 [90m 477 |[39m }
 [90m 478 |[39m [90m/* latin */[39m
 [90m 479 |[39m [33m@[39mfont[33m-[39mface {[0m

Import map: Resolved by import map


Import trace:
  Server Component:
    [next]/internal/font/google/geist_mono_4695df1.module.css
    [next]/internal/font/google/geist_mono_4695df1.js
    ./Egale-Swift/Egale-Swift-Website/app/layout.tsx

https://nextjs.org/docs/messages/module-not-found


[next]/internal/font/google/geist_mono_4695df1.module.css:485:9
Module not found: Can't resolve '@vercel/turbopack-next/internal/font/google/font'
[0m [90m 483 |[39m   font[33m-[39mdisplay[33m:[39m swap[33m;[39m
 [90m 484 |[39m   src[33m:[39m url([33m@[39mvercel[33m/[39mturbopack[33m-[39mnext[33m/[39minternal[33m/[39mfont[33m/[39mgoogle[35m/font?{%22url%22:%22https:/[39m[33m/[39mfonts[33m.[39mgstatic[33m.[39mcom[33m/[39ms[33m/[39mgeistmono[33m/[39mv5[33m/[39mor3nQ6H[33m-[39m[35m1[39m_WfwkMZI_qYFrcdmhHkjko[33m.[39mwoff2[33m%[39m[35m22[39m[33m,[39m[33m%[39m[35m22[39mpreload[33m%[39m[35m22[39m[33m:[39m[36mtrue[39m[33m,[39m[33m%[39m[35m22[39mhas_size_adjust[33m%[39m[35m22[39m[33m:[39m[36mtrue[39m}) format([32m'woff2'[39m)[33m;[39m
[31m[1m>[22m[39m[90m 485 |[39m   unicode[33m-[39mrange[33m:[39m [33mU[39m[33m+[39m[35m0000[39m[33m-[39m[35m00[39m[33mFF[39m[33m,[39m [33mU[39m[33m+[39m[35m0131[39m[33m,[39m [33mU[39m[33m+[39m[35m0152[39m[33m-[39m[35m0153[39m[33m,[39m [33mU[39m[33m+[39m[35m02[39m[33mBB[39m[33m-[39m[35m02[39m[33mBC[39m[33m,[39m [33mU[39m[33m+[39m[35m02[39m[33mC6[39m[33m,[39m [33mU[39m[33m+[39m[35m02[39m[33mDA[39m[33m,[39m [33mU[39m[33m+[39m[35m02[39m[33mDC[39m[33m,[39m [33mU[39m[33m+[39m[35m0304[39m[33m,[39m [33mU[39m[33m+[39m[35m0308[39m[33m,[39m [33mU[39m[33m+[39m[35m0329[39m[33m,[39m [33mU[39m[33m+[39m[35m2000[39m[33m-[39m[35m206[39m[33mF[39m[33m,[39m [33mU[39m[33m+[39m[35m20[39m[33mAC[39m[33m,[39m [33mU[39m[33m+[39m[35m2122[39m[33m,[39m [33mU[39m[33m+[39m[35m2191[39m[33m,[39m [33mU[39m[33m+[39m[35m2193[39m[33m,[39m [33mU[39m[33m+[39m[35m2212[39m[33m,[39m [33mU[39m[33m+[39m[35m2215[39m[33m,[39m [33mU[39m[33m+[39m[33mFEFF[39m[33m,[39m [33mU[39m[33m+[39m[33mFFFD[39m[33m;[39m
 [90m     |[39m         [31m[1m^[22m[39m
 [90m 486 |[39m }
 [90m 487 |[39m [33m@[39mfont[33m-[39mface {
 [90m 488 |[39m     font[33m-[39mfamily[33m:[39m [32m'Geist Mono Fallback'[39m[33m;[39m[0m

Import map: Resolved by import map


Import trace:
  Server Component:
    [next]/internal/font/google/geist_mono_4695df1.module.css
    [next]/internal/font/google/geist_mono_4695df1.js
    ./Egale-Swift/Egale-Swift-Website/app/layout.tsx

https://nextjs.org/docs/messages/module-not-found


[next]/internal/font/google/source_serif_4_429a5bdf.module.css:8:9
Module not found: Can't resolve '@vercel/turbopack-next/internal/font/google/font'
[0m [90m  6 |[39m   font[33m-[39mdisplay[33m:[39m swap[33m;[39m
 [90m  7 |[39m   src[33m:[39m url([33m@[39mvercel[33m/[39mturbopack[33m-[39mnext[33m/[39minternal[33m/[39mfont[33m/[39mgoogle[35m/font?{%22url%22:%22https:/[39m[33m/[39mfonts[33m.[39mgstatic[33m.[39mcom[33m/[39ms[33m/[39msourceserif4[33m/[39mv14[33m/[39mvEFF2_tTDB4M7[33m-[39mauWDN0ahZJW3IX2ih5nk3AucvUHf6kAHr4Y3qwzSEi[33m.[39mwoff2[33m%[39m[35m22[39m[33m,[39m[33m%[39m[35m22[39mpreload[33m%[39m[35m22[39m[33m:[39m[36mfalse[39m[33m,[39m[33m%[39m[35m22[39mhas_size_adjust[33m%[39m[35m22[39m[33m:[39m[36mtrue[39m}) format([32m'woff2'[39m)[33m;[39m
[31m[1m>[22m[39m[90m  8 |[39m   unicode[33m-[39mrange[33m:[39m [33mU[39m[33m+[39m[35m0460[39m[33m-[39m[35m052[39m[33mF[39m[33m,[39m [33mU[39m[33m+[39m[35m1[39m[33mC80[39m[33m-[39m[35m1[39m[33mC8A[39m[33m,[39m [33mU[39m[33m+[39m[35m20[39m[33mB4[39m[33m,[39m [33mU[39m[33m+[39m[35m2[39m[33mDE0[39m[33m-[39m[35m2[39m[33mDFF[39m[33m,[39m [33mU[39m[33m+[39m[33mA640[39m[33m-[39m[33mA69F[39m[33m,[39m [33mU[39m[33m+[39m[33mFE2E[39m[33m-[39m[33mFE2F[39m[33m;[39m
 [90m    |[39m         [31m[1m^[22m[39m
 [90m  9 |[39m }
 [90m 10 |[39m [90m/* cyrillic */[39m
 [90m 11 |[39m [33m@[39mfont[33m-[39mface {[0m

Import map: Resolved by import map


Import trace:
  Server Component:
    [next]/internal/font/google/source_serif_4_429a5bdf.module.css
    [next]/internal/font/google/source_serif_4_429a5bdf.js
    ./Egale-Swift/Egale-Swift-Website/app/layout.tsx

https://nextjs.org/docs/messages/module-not-found


[next]/internal/font/google/source_serif_4_429a5bdf.module.css:17:9
Module not found: Can't resolve '@vercel/turbopack-next/internal/font/google/font'
[0m [90m 15 |[39m   font[33m-[39mdisplay[33m:[39m swap[33m;[39m
 [90m 16 |[39m   src[33m:[39m url([33m@[39mvercel[33m/[39mturbopack[33m-[39mnext[33m/[39minternal[33m/[39mfont[33m/[39mgoogle[35m/font?{%22url%22:%22https:/[39m[33m/[39mfonts[33m.[39mgstatic[33m.[39mcom[33m/[39ms[33m/[39msourceserif4[33m/[39mv14[33m/[39mvEFF2_tTDB4M7[33m-[39mauWDN0ahZJW3IX2ih5nk3AucvUHf6kCXr4Y3qwzSEi[33m.[39mwoff2[33m%[39m[35m22[39m[33m,[39m[33m%[39m[35m22[39mpreload[33m%[39m[35m22[39m[33m:[39m[36mfalse[39m[33m,[39m[33m%[39m[35m22[39mhas_size_adjust[33m%[39m[35m22[39m[33m:[39m[36mtrue[39m}) format([32m'woff2'[39m)[33m;[39m
[31m[1m>[22m[39m[90m 17 |[39m   unicode[33m-[39mrange[33m:[39m [33mU[39m[33m+[39m[35m0301[39m[33m,[39m [33mU[39m[33m+[39m[35m0400[39m[33m-[39m[35m045[39m[33mF[39m[33m,[39m [33mU[39m[33m+[39m[35m0490[39m[33m-[39m[35m0491[39m[33m,[39m [33mU[39m[33m+[39m[35m04[39m[33mB0[39m[33m-[39m[35m04[39m[33mB1[39m[33m,[39m [33mU[39m[33m+[39m[35m2116[39m[33m;[39m
 [90m    |[39m         [31m[1m^[22m[39m
 [90m 18 |[39m }
 [90m 19 |[39m [90m/* greek */[39m
 [90m 20 |[39m [33m@[39mfont[33m-[39mface {[0m

Import map: Resolved by import map


Import trace:
  Server Component:
    [next]/internal/font/google/source_serif_4_429a5bdf.module.css
    [next]/internal/font/google/source_serif_4_429a5bdf.js
    ./Egale-Swift/Egale-Swift-Website/app/layout.tsx

https://nextjs.org/docs/messages/module-not-found


[next]/internal/font/google/source_serif_4_429a5bdf.module.css:26:9
Module not found: Can't resolve '@vercel/turbopack-next/internal/font/google/font'
[0m [90m 24 |[39m   font[33m-[39mdisplay[33m:[39m swap[33m;[39m
 [90m 25 |[39m   src[33m:[39m url([33m@[39mvercel[33m/[39mturbopack[33m-[39mnext[33m/[39minternal[33m/[39mfont[33m/[39mgoogle[35m/font?{%22url%22:%22https:/[39m[33m/[39mfonts[33m.[39mgstatic[33m.[39mcom[33m/[39ms[33m/[39msourceserif4[33m/[39mv14[33m/[39mvEFF2_tTDB4M7[33m-[39mauWDN0ahZJW3IX2ih5nk3AucvUHf6kDnr4Y3qwzSEi[33m.[39mwoff2[33m%[39m[35m22[39m[33m,[39m[33m%[39m[35m22[39mpreload[33m%[39m[35m22[39m[33m:[39m[36mfalse[39m[33m,[39m[33m%[39m[35m22[39mhas_size_adjust[33m%[39m[35m22[39m[33m:[39m[36mtrue[39m}) format([32m'woff2'[39m)[33m;[39m
[31m[1m>[22m[39m[90m 26 |[39m   unicode[33m-[39mrange[33m:[39m [33mU[39m[33m+[39m[35m0370[39m[33m-[39m[35m0377[39m[33m,[39m [33mU[39m[33m+[39m[35m037[39m[33mA[39m[33m-[39m[35m037[39m[33mF[39m[33m,[39m [33mU[39m[33m+[39m[35m0384[39m[33m-[39m[35m038[39m[33mA[39m[33m,[39m [33mU[39m[33m+[39m[35m038[39m[33mC[39m[33m,[39m [33mU[39m[33m+[39m[35m038E-03[39m[33mA1[39m[33m,[39m [33mU[39m[33m+[39m[35m03[39m[33mA3[39m[33m-[39m[35m03[39m[33mFF[39m[33m;[39m
 [90m    |[39m         [31m[1m^[22m[39m
 [90m 27 |[39m }
 [90m 28 |[39m [90m/* vietnamese */[39m
 [90m 29 |[39m [33m@[39mfont[33m-[39mface {[0m

Import map: Resolved by import map


Import trace:
  Server Component:
    [next]/internal/font/google/source_serif_4_429a5bdf.module.css
    [next]/internal/font/google/source_serif_4_429a5bdf.js
    ./Egale-Swift/Egale-Swift-Website/app/layout.tsx

https://nextjs.org/docs/messages/module-not-found


[next]/internal/font/google/source_serif_4_429a5bdf.module.css:35:9
Module not found: Can't resolve '@vercel/turbopack-next/internal/font/google/font'
[0m [90m 33 |[39m   font[33m-[39mdisplay[33m:[39m swap[33m;[39m
 [90m 34 |[39m   src[33m:[39m url([33m@[39mvercel[33m/[39mturbopack[33m-[39mnext[33m/[39minternal[33m/[39mfont[33m/[39mgoogle[35m/font?{%22url%22:%22https:/[39m[33m/[39mfonts[33m.[39mgstatic[33m.[39mcom[33m/[39ms[33m/[39msourceserif4[33m/[39mv14[33m/[39mvEFF2_tTDB4M7[33m-[39mauWDN0ahZJW3IX2ih5nk3AucvUHf6kAnr4Y3qwzSEi[33m.[39mwoff2[33m%[39m[35m22[39m[33m,[39m[33m%[39m[35m22[39mpreload[33m%[39m[35m22[39m[33m:[39m[36mfalse[39m[33m,[39m[33m%[39m[35m22[39mhas_size_adjust[33m%[39m[35m22[39m[33m:[39m[36mtrue[39m}) format([32m'woff2'[39m)[33m;[39m
[31m[1m>[22m[39m[90m 35 |[39m   unicode[33m-[39mrange[33m:[39m [33mU[39m[33m+[39m[35m0102[39m[33m-[39m[35m0103[39m[33m,[39m [33mU[39m[33m+[39m[35m0110[39m[33m-[39m[35m0111[39m[33m,[39m [33mU[39m[33m+[39m[35m0128[39m[33m-[39m[35m0129[39m[33m,[39m [33mU[39m[33m+[39m[35m0168[39m[33m-[39m[35m0169[39m[33m,[39m [33mU[39m[33m+[39m[35m01[39m[33mA0[39m[33m-[39m[35m01[39m[33mA1[39m[33m,[39m [33mU[39m[33m+[39m[35m01[39m[33mAF[39m[33m-[39m[35m01[39m[33mB0[39m[33m,[39m [33mU[39m[33m+[39m[35m0300[39m[33m-[39m[35m0301[39m[33m,[39m [33mU[39m[33m+[39m[35m0303[39m[33m-[39m[35m0304[39m[33m,[39m [33mU[39m[33m+[39m[35m0308[39m[33m-[39m[35m0309[39m[33m,[39m [33mU[39m[33m+[39m[35m0323[39m[33m,[39m [33mU[39m[33m+[39m[35m0329[39m[33m,[39m [33mU[39m[33m+[39m[35m1[39m[33mEA0[39m[33m-[39m[35m1[39m[33mEF9[39m[33m,[39m [33mU[39m[33m+[39m[35m20[39m[33mAB[39m[33m;[39m
 [90m    |[39m         [31m[1m^[22m[39m
 [90m 36 |[39m }
 [90m 37 |[39m [90m/* latin-ext */[39m
 [90m 38 |[39m [33m@[39mfont[33m-[39mface {[0m

Import map: Resolved by import map


Import trace:
  Server Component:
    [next]/internal/font/google/source_serif_4_429a5bdf.module.css
    [next]/internal/font/google/source_serif_4_429a5bdf.js
    ./Egale-Swift/Egale-Swift-Website/app/layout.tsx

https://nextjs.org/docs/messages/module-not-found


[next]/internal/font/google/source_serif_4_429a5bdf.module.css:44:9
Module not found: Can't resolve '@vercel/turbopack-next/internal/font/google/font'
[0m [90m 42 |[39m   font[33m-[39mdisplay[33m:[39m swap[33m;[39m
 [90m 43 |[39m   src[33m:[39m url([33m@[39mvercel[33m/[39mturbopack[33m-[39mnext[33m/[39minternal[33m/[39mfont[33m/[39mgoogle[35m/font?{%22url%22:%22https:/[39m[33m/[39mfonts[33m.[39mgstatic[33m.[39mcom[33m/[39ms[33m/[39msourceserif4[33m/[39mv14[33m/[39mvEFF2_tTDB4M7[33m-[39mauWDN0ahZJW3IX2ih5nk3AucvUHf6kA3r4Y3qwzSEi[33m.[39mwoff2[33m%[39m[35m22[39m[33m,[39m[33m%[39m[35m22[39mpreload[33m%[39m[35m22[39m[33m:[39m[36mfalse[39m[33m,[39m[33m%[39m[35m22[39mhas_size_adjust[33m%[39m[35m22[39m[33m:[39m[36mtrue[39m}) format([32m'woff2'[39m)[33m;[39m
[31m[1m>[22m[39m[90m 44 |[39m   unicode[33m-[39mrange[33m:[39m [33mU[39m[33m+[39m[35m0100[39m[33m-[39m[35m02[39m[33mBA[39m[33m,[39m [33mU[39m[33m+[39m[35m02[39m[33mBD[39m[33m-[39m[35m02[39m[33mC5[39m[33m,[39m [33mU[39m[33m+[39m[35m02[39m[33mC7[39m[33m-[39m[35m02[39m[33mCC[39m[33m,[39m [33mU[39m[33m+[39m[35m02[39m[33mCE[39m[33m-[39m[35m02[39m[33mD7[39m[33m,[39m [33mU[39m[33m+[39m[35m02[39m[33mDD[39m[33m-[39m[35m02[39m[33mFF[39m[33m,[39m [33mU[39m[33m+[39m[35m0304[39m[33m,[39m [33mU[39m[33m+[39m[35m0308[39m[33m,[39m [33mU[39m[33m+[39m[35m0329[39m[33m,[39m [33mU[39m[33m+[39m[35m1[39m[33mD00[39m[33m-[39m[35m1[39m[33mDBF[39m[33m,[39m [33mU[39m[33m+[39m[35m1E00[39m[33m-[39m[35m1E9[39m[33mF[39m[33m,[39m [33mU[39m[33m+[39m[35m1[39m[33mEF2[39m[33m-[39m[35m1[39m[33mEFF[39m[33m,[39m [33mU[39m[33m+[39m[35m2020[39m[33m,[39m [33mU[39m[33m+[39m[35m20[39m[33mA0[39m[33m-[39m[35m20[39m[33mAB[39m[33m,[39m [33mU[39m[33m+[39m[35m20[39m[33mAD[39m[33m-[39m[35m20[39m[33mC0[39m[33m,[39m [33mU[39m[33m+[39m[35m2113[39m[33m,[39m [33mU[39m[33m+[39m[35m2[39m[33mC60[39m[33m-[39m[35m2[39m[33mC7F[39m[33m,[39m [33mU[39m[33m+[39m[33mA720[39m[33m-[39m[33mA7FF[39m[33m;[39m
 [90m    |[39m         [31m[1m^[22m[39m
 [90m 45 |[39m }
 [90m 46 |[39m [90m/* latin */[39m
 [90m 47 |[39m [33m@[39mfont[33m-[39mface {[0m

Import map: Resolved by import map


Import trace:
  Server Component:
    [next]/internal/font/google/source_serif_4_429a5bdf.module.css
    [next]/internal/font/google/source_serif_4_429a5bdf.js
    ./Egale-Swift/Egale-Swift-Website/app/layout.tsx

https://nextjs.org/docs/messages/module-not-found


[next]/internal/font/google/source_serif_4_429a5bdf.module.css:53:9
Module not found: Can't resolve '@vercel/turbopack-next/internal/font/google/font'
[0m [90m 51 |[39m   font[33m-[39mdisplay[33m:[39m swap[33m;[39m
 [90m 52 |[39m   src[33m:[39m url([33m@[39mvercel[33m/[39mturbopack[33m-[39mnext[33m/[39minternal[33m/[39mfont[33m/[39mgoogle[35m/font?{%22url%22:%22https:/[39m[33m/[39mfonts[33m.[39mgstatic[33m.[39mcom[33m/[39ms[33m/[39msourceserif4[33m/[39mv14[33m/[39mvEFF2_tTDB4M7[33m-[39mauWDN0ahZJW3IX2ih5nk3AucvUHf6kDXr4Y3qwzQ[33m.[39mwoff2[33m%[39m[35m22[39m[33m,[39m[33m%[39m[35m22[39mpreload[33m%[39m[35m22[39m[33m:[39m[36mtrue[39m[33m,[39m[33m%[39m[35m22[39mhas_size_adjust[33m%[39m[35m22[39m[33m:[39m[36mtrue[39m}) format([32m'woff2'[39m)[33m;[39m
[31m[1m>[22m[39m[90m 53 |[39m   unicode[33m-[39mrange[33m:[39m [33mU[39m[33m+[39m[35m0000[39m[33m-[39m[35m00[39m[33mFF[39m[33m,[39m [33mU[39m[33m+[39m[35m0131[39m[33m,[39m [33mU[39m[33m+[39m[35m0152[39m[33m-[39m[35m0153[39m[33m,[39m [33mU[39m[33m+[39m[35m02[39m[33mBB[39m[33m-[39m[35m02[39m[33mBC[39m[33m,[39m [33mU[39m[33m+[39m[35m02[39m[33mC6[39m[33m,[39m [33mU[39m[33m+[39m[35m02[39m[33mDA[39m[33m,[39m [33mU[39m[33m+[39m[35m02[39m[33mDC[39m[33m,[39m [33mU[39m[33m+[39m[35m0304[39m[33m,[39m [33mU[39m[33m+[39m[35m0308[39m[33m,[39m [33mU[39m[33m+[39m[35m0329[39m[33m,[39m [33mU[39m[33m+[39m[35m2000[39m[33m-[39m[35m206[39m[33mF[39m[33m,[39m [33mU[39m[33m+[39m[35m20[39m[33mAC[39m[33m,[39m [33mU[39m[33m+[39m[35m2122[39m[33m,[39m [33mU[39m[33m+[39m[35m2191[39m[33m,[39m [33mU[39m[33m+[39m[35m2193[39m[33m,[39m [33mU[39m[33m+[39m[35m2212[39m[33m,[39m [33mU[39m[33m+[39m[35m2215[39m[33m,[39m [33mU[39m[33m+[39m[33mFEFF[39m[33m,[39m [33mU[39m[33m+[39m[33mFFFD[39m[33m;[39m
 [90m    |[39m         [31m[1m^[22m[39m
 [90m 54 |[39m }
 [90m 55 |[39m [90m/* cyrillic-ext */[39m
 [90m 56 |[39m [33m@[39mfont[33m-[39mface {[0m

Import map: Resolved by import map


Import trace:
  Server Component:
    [next]/internal/font/google/source_serif_4_429a5bdf.module.css
    [next]/internal/font/google/source_serif_4_429a5bdf.js
    ./Egale-Swift/Egale-Swift-Website/app/layout.tsx

https://nextjs.org/docs/messages/module-not-found


[next]/internal/font/google/source_serif_4_429a5bdf.module.css:62:9
Module not found: Can't resolve '@vercel/turbopack-next/internal/font/google/font'
[0m [90m 60 |[39m   font[33m-[39mdisplay[33m:[39m swap[33m;[39m
 [90m 61 |[39m   src[33m:[39m url([33m@[39mvercel[33m/[39mturbopack[33m-[39mnext[33m/[39minternal[33m/[39mfont[33m/[39mgoogle[35m/font?{%22url%22:%22https:/[39m[33m/[39mfonts[33m.[39mgstatic[33m.[39mcom[33m/[39ms[33m/[39msourceserif4[33m/[39mv14[33m/[39mvEFF2_tTDB4M7[33m-[39mauWDN0ahZJW3IX2ih5nk3AucvUHf6kAHr4Y3qwzSEi[33m.[39mwoff2[33m%[39m[35m22[39m[33m,[39m[33m%[39m[35m22[39mpreload[33m%[39m[35m22[39m[33m:[39m[36mfalse[39m[33m,[39m[33m%[39m[35m22[39mhas_size_adjust[33m%[39m[35m22[39m[33m:[39m[36mtrue[39m}) format([32m'woff2'[39m)[33m;[39m
[31m[1m>[22m[39m[90m 62 |[39m   unicode[33m-[39mrange[33m:[39m [33mU[39m[33m+[39m[35m0460[39m[33m-[39m[35m052[39m[33mF[39m[33m,[39m [33mU[39m[33m+[39m[35m1[39m[33mC80[39m[33m-[39m[35m1[39m[33mC8A[39m[33m,[39m [33mU[39m[33m+[39m[35m20[39m[33mB4[39m[33m,[39m [33mU[39m[33m+[39m[35m2[39m[33mDE0[39m[33m-[39m[35m2[39m[33mDFF[39m[33m,[39m [33mU[39m[33m+[39m[33mA640[39m[33m-[39m[33mA69F[39m[33m,[39m [33mU[39m[33m+[39m[33mFE2E[39m[33m-[39m[33mFE2F[39m[33m;[39m
 [90m    |[39m         [31m[1m^[22m[39m
 [90m 63 |[39m }
 [90m 64 |[39m [90m/* cyrillic */[39m
 [90m 65 |[39m [33m@[39mfont[33m-[39mface {[0m

Import map: Resolved by import map


Import trace:
  Server Component:
    [next]/internal/font/google/source_serif_4_429a5bdf.module.css
    [next]/internal/font/google/source_serif_4_429a5bdf.js
    ./Egale-Swift/Egale-Swift-Website/app/layout.tsx

https://nextjs.org/docs/messages/module-not-found


[next]/internal/font/google/source_serif_4_429a5bdf.module.css:71:9
Module not found: Can't resolve '@vercel/turbopack-next/internal/font/google/font'
[0m [90m 69 |[39m   font[33m-[39mdisplay[33m:[39m swap[33m;[39m
 [90m 70 |[39m   src[33m:[39m url([33m@[39mvercel[33m/[39mturbopack[33m-[39mnext[33m/[39minternal[33m/[39mfont[33m/[39mgoogle[35m/font?{%22url%22:%22https:/[39m[33m/[39mfonts[33m.[39mgstatic[33m.[39mcom[33m/[39ms[33m/[39msourceserif4[33m/[39mv14[33m/[39mvEFF2_tTDB4M7[33m-[39mauWDN0ahZJW3IX2ih5nk3AucvUHf6kCXr4Y3qwzSEi[33m.[39mwoff2[33m%[39m[35m22[39m[33m,[39m[33m%[39m[35m22[39mpreload[33m%[39m[35m22[39m[33m:[39m[36mfalse[39m[33m,[39m[33m%[39m[35m22[39mhas_size_adjust[33m%[39m[35m22[39m[33m:[39m[36mtrue[39m}) format([32m'woff2'[39m)[33m;[39m
[31m[1m>[22m[39m[90m 71 |[39m   unicode[33m-[39mrange[33m:[39m [33mU[39m[33m+[39m[35m0301[39m[33m,[39m [33mU[39m[33m+[39m[35m0400[39m[33m-[39m[35m045[39m[33mF[39m[33m,[39m [33mU[39m[33m+[39m[35m0490[39m[33m-[39m[35m0491[39m[33m,[39m [33mU[39m[33m+[39m[35m04[39m[33mB0[39m[33m-[39m[35m04[39m[33mB1[39m[33m,[39m [33mU[39m[33m+[39m[35m2116[39m[33m;[39m
 [90m    |[39m         [31m[1m^[22m[39m
 [90m 72 |[39m }
 [90m 73 |[39m [90m/* greek */[39m
 [90m 74 |[39m [33m@[39mfont[33m-[39mface {[0m

Import map: Resolved by import map


Import trace:
  Server Component:
    [next]/internal/font/google/source_serif_4_429a5bdf.module.css
    [next]/internal/font/google/source_serif_4_429a5bdf.js
    ./Egale-Swift/Egale-Swift-Website/app/layout.tsx

https://nextjs.org/docs/messages/module-not-found


[next]/internal/font/google/source_serif_4_429a5bdf.module.css:80:9
Module not found: Can't resolve '@vercel/turbopack-next/internal/font/google/font'
[0m [90m 78 |[39m   font[33m-[39mdisplay[33m:[39m swap[33m;[39m
 [90m 79 |[39m   src[33m:[39m url([33m@[39mvercel[33m/[39mturbopack[33m-[39mnext[33m/[39minternal[33m/[39mfont[33m/[39mgoogle[35m/font?{%22url%22:%22https:/[39m[33m/[39mfonts[33m.[39mgstatic[33m.[39mcom[33m/[39ms[33m/[39msourceserif4[33m/[39mv14[33m/[39mvEFF2_tTDB4M7[33m-[39mauWDN0ahZJW3IX2ih5nk3AucvUHf6kDnr4Y3qwzSEi[33m.[39mwoff2[33m%[39m[35m22[39m[33m,[39m[33m%[39m[35m22[39mpreload[33m%[39m[35m22[39m[33m:[39m[36mfalse[39m[33m,[39m[33m%[39m[35m22[39mhas_size_adjust[33m%[39m[35m22[39m[33m:[39m[36mtrue[39m}) format([32m'woff2'[39m)[33m;[39m
[31m[1m>[22m[39m[90m 80 |[39m   unicode[33m-[39mrange[33m:[39m [33mU[39m[33m+[39m[35m0370[39m[33m-[39m[35m0377[39m[33m,[39m [33mU[39m[33m+[39m[35m037[39m[33mA[39m[33m-[39m[35m037[39m[33mF[39m[33m,[39m [33mU[39m[33m+[39m[35m0384[39m[33m-[39m[35m038[39m[33mA[39m[33m,[39m [33mU[39m[33m+[39m[35m038[39m[33mC[39m[33m,[39m [33mU[39m[33m+[39m[35m038E-03[39m[33mA1[39m[33m,[39m [33mU[39m[33m+[39m[35m03[39m[33mA3[39m[33m-[39m[35m03[39m[33mFF[39m[33m;[39m
 [90m    |[39m         [31m[1m^[22m[39m
 [90m 81 |[39m }
 [90m 82 |[39m [90m/* vietnamese */[39m
 [90m 83 |[39m [33m@[39mfont[33m-[39mface {[0m

Import map: Resolved by import map


Import trace:
  Server Component:
    [next]/internal/font/google/source_serif_4_429a5bdf.module.css
    [next]/internal/font/google/source_serif_4_429a5bdf.js
    ./Egale-Swift/Egale-Swift-Website/app/layout.tsx

https://nextjs.org/docs/messages/module-not-found


[next]/internal/font/google/source_serif_4_429a5bdf.module.css:89:9
Module not found: Can't resolve '@vercel/turbopack-next/internal/font/google/font'
[0m [90m 87 |[39m   font[33m-[39mdisplay[33m:[39m swap[33m;[39m
 [90m 88 |[39m   src[33m:[39m url([33m@[39mvercel[33m/[39mturbopack[33m-[39mnext[33m/[39minternal[33m/[39mfont[33m/[39mgoogle[35m/font?{%22url%22:%22https:/[39m[33m/[39mfonts[33m.[39mgstatic[33m.[39mcom[33m/[39ms[33m/[39msourceserif4[33m/[39mv14[33m/[39mvEFF2_tTDB4M7[33m-[39mauWDN0ahZJW3IX2ih5nk3AucvUHf6kAnr4Y3qwzSEi[33m.[39mwoff2[33m%[39m[35m22[39m[33m,[39m[33m%[39m[35m22[39mpreload[33m%[39m[35m22[39m[33m:[39m[36mfalse[39m[33m,[39m[33m%[39m[35m22[39mhas_size_adjust[33m%[39m[35m22[39m[33m:[39m[36mtrue[39m}) format([32m'woff2'[39m)[33m;[39m
[31m[1m>[22m[39m[90m 89 |[39m   unicode[33m-[39mrange[33m:[39m [33mU[39m[33m+[39m[35m0102[39m[33m-[39m[35m0103[39m[33m,[39m [33mU[39m[33m+[39m[35m0110[39m[33m-[39m[35m0111[39m[33m,[39m [33mU[39m[33m+[39m[35m0128[39m[33m-[39m[35m0129[39m[33m,[39m [33mU[39m[33m+[39m[35m0168[39m[33m-[39m[35m0169[39m[33m,[39m [33mU[39m[33m+[39m[35m01[39m[33mA0[39m[33m-[39m[35m01[39m[33mA1[39m[33m,[39m [33mU[39m[33m+[39m[35m01[39m[33mAF[39m[33m-[39m[35m01[39m[33mB0[39m[33m,[39m [33mU[39m[33m+[39m[35m0300[39m[33m-[39m[35m0301[39m[33m,[39m [33mU[39m[33m+[39m[35m0303[39m[33m-[39m[35m0304[39m[33m,[39m [33mU[39m[33m+[39m[35m0308[39m[33m-[39m[35m0309[39m[33m,[39m [33mU[39m[33m+[39m[35m0323[39m[33m,[39m [33mU[39m[33m+[39m[35m0329[39m[33m,[39m [33mU[39m[33m+[39m[35m1[39m[33mEA0[39m[33m-[39m[35m1[39m[33mEF9[39m[33m,[39m [33mU[39m[33m+[39m[35m20[39m[33mAB[39m[33m;[39m
 [90m    |[39m         [31m[1m^[22m[39m
 [90m 90 |[39m }
 [90m 91 |[39m [90m/* latin-ext */[39m
 [90m 92 |[39m [33m@[39mfont[33m-[39mface {[0m

Import map: Resolved by import map


Import trace:
  Server Component:
    [next]/internal/font/google/source_serif_4_429a5bdf.module.css
    [next]/internal/font/google/source_serif_4_429a5bdf.js
    ./Egale-Swift/Egale-Swift-Website/app/layout.tsx

https://nextjs.org/docs/messages/module-not-found


[next]/internal/font/google/source_serif_4_429a5bdf.module.css:98:9
Module not found: Can't resolve '@vercel/turbopack-next/internal/font/google/font'
[0m [90m  96 |[39m   font[33m-[39mdisplay[33m:[39m swap[33m;[39m
 [90m  97 |[39m   src[33m:[39m url([33m@[39mvercel[33m/[39mturbopack[33m-[39mnext[33m/[39minternal[33m/[39mfont[33m/[39mgoogle[35m/font?{%22url%22:%22https:/[39m[33m/[39mfonts[33m.[39mgstatic[33m.[39mcom[33m/[39ms[33m/[39msourceserif4[33m/[39mv14[33m/[39mvEFF2_tTDB4M7[33m-[39mauWDN0ahZJW3IX2ih5nk3AucvUHf6kA3r4Y3qwzSEi[33m.[39mwoff2[33m%[39m[35m22[39m[33m,[39m[33m%[39m[35m22[39mpreload[33m%[39m[35m22[39m[33m:[39m[36mfalse[39m[33m,[39m[33m%[39m[35m22[39mhas_size_adjust[33m%[39m[35m22[39m[33m:[39m[36mtrue[39m}) format([32m'woff2'[39m)[33m;[39m
[31m[1m>[22m[39m[90m  98 |[39m   unicode[33m-[39mrange[33m:[39m [33mU[39m[33m+[39m[35m0100[39m[33m-[39m[35m02[39m[33mBA[39m[33m,[39m [33mU[39m[33m+[39m[35m02[39m[33mBD[39m[33m-[39m[35m02[39m[33mC5[39m[33m,[39m [33mU[39m[33m+[39m[35m02[39m[33mC7[39m[33m-[39m[35m02[39m[33mCC[39m[33m,[39m [33mU[39m[33m+[39m[35m02[39m[33mCE[39m[33m-[39m[35m02[39m[33mD7[39m[33m,[39m [33mU[39m[33m+[39m[35m02[39m[33mDD[39m[33m-[39m[35m02[39m[33mFF[39m[33m,[39m [33mU[39m[33m+[39m[35m0304[39m[33m,[39m [33mU[39m[33m+[39m[35m0308[39m[33m,[39m [33mU[39m[33m+[39m[35m0329[39m[33m,[39m [33mU[39m[33m+[39m[35m1[39m[33mD00[39m[33m-[39m[35m1[39m[33mDBF[39m[33m,[39m [33mU[39m[33m+[39m[35m1E00[39m[33m-[39m[35m1E9[39m[33mF[39m[33m,[39m [33mU[39m[33m+[39m[35m1[39m[33mEF2[39m[33m-[39m[35m1[39m[33mEFF[39m[33m,[39m [33mU[39m[33m+[39m[35m2020[39m[33m,[39m [33mU[39m[33m+[39m[35m20[39m[33mA0[39m[33m-[39m[35m20[39m[33mAB[39m[33m,[39m [33mU[39m[33m+[39m[35m20[39m[33mAD[39m[33m-[39m[35m20[39m[33mC0[39m[33m,[39m [33mU[39m[33m+[39m[35m2113[39m[33m,[39m [33mU[39m[33m+[39m[35m2[39m[33mC60[39m[33m-[39m[35m2[39m[33mC7F[39m[33m,[39m [33mU[39m[33m+[39m[33mA720[39m[33m-[39m[33mA7FF[39m[33m;[39m
 [90m     |[39m         [31m[1m^[22m[39m
 [90m  99 |[39m }
 [90m 100 |[39m [90m/* latin */[39m
 [90m 101 |[39m [33m@[39mfont[33m-[39mface {[0m

Import map: Resolved by import map


Import trace:
  Server Component:
    [next]/internal/font/google/source_serif_4_429a5bdf.module.css
    [next]/internal/font/google/source_serif_4_429a5bdf.js
    ./Egale-Swift/Egale-Swift-Website/app/layout.tsx

https://nextjs.org/docs/messages/module-not-found


[next]/internal/font/google/source_serif_4_429a5bdf.module.css:107:9
Module not found: Can't resolve '@vercel/turbopack-next/internal/font/google/font'
[0m [90m 105 |[39m   font[33m-[39mdisplay[33m:[39m swap[33m;[39m
 [90m 106 |[39m   src[33m:[39m url([33m@[39mvercel[33m/[39mturbopack[33m-[39mnext[33m/[39minternal[33m/[39mfont[33m/[39mgoogle[35m/font?{%22url%22:%22https:/[39m[33m/[39mfonts[33m.[39mgstatic[33m.[39mcom[33m/[39ms[33m/[39msourceserif4[33m/[39mv14[33m/[39mvEFF2_tTDB4M7[33m-[39mauWDN0ahZJW3IX2ih5nk3AucvUHf6kDXr4Y3qwzQ[33m.[39mwoff2[33m%[39m[35m22[39m[33m,[39m[33m%[39m[35m22[39mpreload[33m%[39m[35m22[39m[33m:[39m[36mtrue[39m[33m,[39m[33m%[39m[35m22[39mhas_size_adjust[33m%[39m[35m22[39m[33m:[39m[36mtrue[39m}) format([32m'woff2'[39m)[33m;[39m
[31m[1m>[22m[39m[90m 107 |[39m   unicode[33m-[39mrange[33m:[39m [33mU[39m[33m+[39m[35m0000[39m[33m-[39m[35m00[39m[33mFF[39m[33m,[39m [33mU[39m[33m+[39m[35m0131[39m[33m,[39m [33mU[39m[33m+[39m[35m0152[39m[33m-[39m[35m0153[39m[33m,[39m [33mU[39m[33m+[39m[35m02[39m[33mBB[39m[33m-[39m[35m02[39m[33mBC[39m[33m,[39m [33mU[39m[33m+[39m[35m02[39m[33mC6[39m[33m,[39m [33mU[39m[33m+[39m[35m02[39m[33mDA[39m[33m,[39m [33mU[39m[33m+[39m[35m02[39m[33mDC[39m[33m,[39m [33mU[39m[33m+[39m[35m0304[39m[33m,[39m [33mU[39m[33m+[39m[35m0308[39m[33m,[39m [33mU[39m[33m+[39m[35m0329[39m[33m,[39m [33mU[39m[33m+[39m[35m2000[39m[33m-[39m[35m206[39m[33mF[39m[33m,[39m [33mU[39m[33m+[39m[35m20[39m[33mAC[39m[33m,[39m [33mU[39m[33m+[39m[35m2122[39m[33m,[39m [33mU[39m[33m+[39m[35m2191[39m[33m,[39m [33mU[39m[33m+[39m[35m2193[39m[33m,[39m [33mU[39m[33m+[39m[35m2212[39m[33m,[39m [33mU[39m[33m+[39m[35m2215[39m[33m,[39m [33mU[39m[33m+[39m[33mFEFF[39m[33m,[39m [33mU[39m[33m+[39m[33mFFFD[39m[33m;[39m
 [90m     |[39m         [31m[1m^[22m[39m
 [90m 108 |[39m }
 [90m 109 |[39m [90m/* cyrillic-ext */[39m
 [90m 110 |[39m [33m@[39mfont[33m-[39mface {[0m

Import map: Resolved by import map


Import trace:
  Server Component:
    [next]/internal/font/google/source_serif_4_429a5bdf.module.css
    [next]/internal/font/google/source_serif_4_429a5bdf.js
    ./Egale-Swift/Egale-Swift-Website/app/layout.tsx

https://nextjs.org/docs/messages/module-not-found


[next]/internal/font/google/source_serif_4_429a5bdf.module.css:116:9
Module not found: Can't resolve '@vercel/turbopack-next/internal/font/google/font'
[0m [90m 114 |[39m   font[33m-[39mdisplay[33m:[39m swap[33m;[39m
 [90m 115 |[39m   src[33m:[39m url([33m@[39mvercel[33m/[39mturbopack[33m-[39mnext[33m/[39minternal[33m/[39mfont[33m/[39mgoogle[35m/font?{%22url%22:%22https:/[39m[33m/[39mfonts[33m.[39mgstatic[33m.[39mcom[33m/[39ms[33m/[39msourceserif4[33m/[39mv14[33m/[39mvEFF2_tTDB4M7[33m-[39mauWDN0ahZJW3IX2ih5nk3AucvUHf6kAHr4Y3qwzSEi[33m.[39mwoff2[33m%[39m[35m22[39m[33m,[39m[33m%[39m[35m22[39mpreload[33m%[39m[35m22[39m[33m:[39m[36mfalse[39m[33m,[39m[33m%[39m[35m22[39mhas_size_adjust[33m%[39m[35m22[39m[33m:[39m[36mtrue[39m}) format([32m'woff2'[39m)[33m;[39m
[31m[1m>[22m[39m[90m 116 |[39m   unicode[33m-[39mrange[33m:[39m [33mU[39m[33m+[39m[35m0460[39m[33m-[39m[35m052[39m[33mF[39m[33m,[39m [33mU[39m[33m+[39m[35m1[39m[33mC80[39m[33m-[39m[35m1[39m[33mC8A[39m[33m,[39m [33mU[39m[33m+[39m[35m20[39m[33mB4[39m[33m,[39m [33mU[39m[33m+[39m[35m2[39m[33mDE0[39m[33m-[39m[35m2[39m[33mDFF[39m[33m,[39m [33mU[39m[33m+[39m[33mA640[39m[33m-[39m[33mA69F[39m[33m,[39m [33mU[39m[33m+[39m[33mFE2E[39m[33m-[39m[33mFE2F[39m[33m;[39m
 [90m     |[39m         [31m[1m^[22m[39m
 [90m 117 |[39m }
 [90m 118 |[39m [90m/* cyrillic */[39m
 [90m 119 |[39m [33m@[39mfont[33m-[39mface {[0m

Import map: Resolved by import map


Import trace:
  Server Component:
    [next]/internal/font/google/source_serif_4_429a5bdf.module.css
    [next]/internal/font/google/source_serif_4_429a5bdf.js
    ./Egale-Swift/Egale-Swift-Website/app/layout.tsx

https://nextjs.org/docs/messages/module-not-found


[next]/internal/font/google/source_serif_4_429a5bdf.module.css:125:9
Module not found: Can't resolve '@vercel/turbopack-next/internal/font/google/font'
[0m [90m 123 |[39m   font[33m-[39mdisplay[33m:[39m swap[33m;[39m
 [90m 124 |[39m   src[33m:[39m url([33m@[39mvercel[33m/[39mturbopack[33m-[39mnext[33m/[39minternal[33m/[39mfont[33m/[39mgoogle[35m/font?{%22url%22:%22https:/[39m[33m/[39mfonts[33m.[39mgstatic[33m.[39mcom[33m/[39ms[33m/[39msourceserif4[33m/[39mv14[33m/[39mvEFF2_tTDB4M7[33m-[39mauWDN0ahZJW3IX2ih5nk3AucvUHf6kCXr4Y3qwzSEi[33m.[39mwoff2[33m%[39m[35m22[39m[33m,[39m[33m%[39m[35m22[39mpreload[33m%[39m[35m22[39m[33m:[39m[36mfalse[39m[33m,[39m[33m%[39m[35m22[39mhas_size_adjust[33m%[39m[35m22[39m[33m:[39m[36mtrue[39m}) format([32m'woff2'[39m)[33m;[39m
[31m[1m>[22m[39m[90m 125 |[39m   unicode[33m-[39mrange[33m:[39m [33mU[39m[33m+[39m[35m0301[39m[33m,[39m [33mU[39m[33m+[39m[35m0400[39m[33m-[39m[35m045[39m[33mF[39m[33m,[39m [33mU[39m[33m+[39m[35m0490[39m[33m-[39m[35m0491[39m[33m,[39m [33mU[39m[33m+[39m[35m04[39m[33mB0[39m[33m-[39m[35m04[39m[33mB1[39m[33m,[39m [33mU[39m[33m+[39m[35m2116[39m[33m;[39m
 [90m     |[39m         [31m[1m^[22m[39m
 [90m 126 |[39m }
 [90m 127 |[39m [90m/* greek */[39m
 [90m 128 |[39m [33m@[39mfont[33m-[39mface {[0m

Import map: Resolved by import map


Import trace:
  Server Component:
    [next]/internal/font/google/source_serif_4_429a5bdf.module.css
    [next]/internal/font/google/source_serif_4_429a5bdf.js
    ./Egale-Swift/Egale-Swift-Website/app/layout.tsx

https://nextjs.org/docs/messages/module-not-found


[next]/internal/font/google/source_serif_4_429a5bdf.module.css:134:9
Module not found: Can't resolve '@vercel/turbopack-next/internal/font/google/font'
[0m [90m 132 |[39m   font[33m-[39mdisplay[33m:[39m swap[33m;[39m
 [90m 133 |[39m   src[33m:[39m url([33m@[39mvercel[33m/[39mturbopack[33m-[39mnext[33m/[39minternal[33m/[39mfont[33m/[39mgoogle[35m/font?{%22url%22:%22https:/[39m[33m/[39mfonts[33m.[39mgstatic[33m.[39mcom[33m/[39ms[33m/[39msourceserif4[33m/[39mv14[33m/[39mvEFF2_tTDB4M7[33m-[39mauWDN0ahZJW3IX2ih5nk3AucvUHf6kDnr4Y3qwzSEi[33m.[39mwoff2[33m%[39m[35m22[39m[33m,[39m[33m%[39m[35m22[39mpreload[33m%[39m[35m22[39m[33m:[39m[36mfalse[39m[33m,[39m[33m%[39m[35m22[39mhas_size_adjust[33m%[39m[35m22[39m[33m:[39m[36mtrue[39m}) format([32m'woff2'[39m)[33m;[39m
[31m[1m>[22m[39m[90m 134 |[39m   unicode[33m-[39mrange[33m:[39m [33mU[39m[33m+[39m[35m0370[39m[33m-[39m[35m0377[39m[33m,[39m [33mU[39m[33m+[39m[35m037[39m[33mA[39m[33m-[39m[35m037[39m[33mF[39m[33m,[39m [33mU[39m[33m+[39m[35m0384[39m[33m-[39m[35m038[39m[33mA[39m[33m,[39m [33mU[39m[33m+[39m[35m038[39m[33mC[39m[33m,[39m [33mU[39m[33m+[39m[35m038E-03[39m[33mA1[39m[33m,[39m [33mU[39m[33m+[39m[35m03[39m[33mA3[39m[33m-[39m[35m03[39m[33mFF[39m[33m;[39m
 [90m     |[39m         [31m[1m^[22m[39m
 [90m 135 |[39m }
 [90m 136 |[39m [90m/* vietnamese */[39m
 [90m 137 |[39m [33m@[39mfont[33m-[39mface {[0m

Import map: Resolved by import map


Import trace:
  Server Component:
    [next]/internal/font/google/source_serif_4_429a5bdf.module.css
    [next]/internal/font/google/source_serif_4_429a5bdf.js
    ./Egale-Swift/Egale-Swift-Website/app/layout.tsx

https://nextjs.org/docs/messages/module-not-found


[next]/internal/font/google/source_serif_4_429a5bdf.module.css:143:9
Module not found: Can't resolve '@vercel/turbopack-next/internal/font/google/font'
[0m [90m 141 |[39m   font[33m-[39mdisplay[33m:[39m swap[33m;[39m
 [90m 142 |[39m   src[33m:[39m url([33m@[39mvercel[33m/[39mturbopack[33m-[39mnext[33m/[39minternal[33m/[39mfont[33m/[39mgoogle[35m/font?{%22url%22:%22https:/[39m[33m/[39mfonts[33m.[39mgstatic[33m.[39mcom[33m/[39ms[33m/[39msourceserif4[33m/[39mv14[33m/[39mvEFF2_tTDB4M7[33m-[39mauWDN0ahZJW3IX2ih5nk3AucvUHf6kAnr4Y3qwzSEi[33m.[39mwoff2[33m%[39m[35m22[39m[33m,[39m[33m%[39m[35m22[39mpreload[33m%[39m[35m22[39m[33m:[39m[36mfalse[39m[33m,[39m[33m%[39m[35m22[39mhas_size_adjust[33m%[39m[35m22[39m[33m:[39m[36mtrue[39m}) format([32m'woff2'[39m)[33m;[39m
[31m[1m>[22m[39m[90m 143 |[39m   unicode[33m-[39mrange[33m:[39m [33mU[39m[33m+[39m[35m0102[39m[33m-[39m[35m0103[39m[33m,[39m [33mU[39m[33m+[39m[35m0110[39m[33m-[39m[35m0111[39m[33m,[39m [33mU[39m[33m+[39m[35m0128[39m[33m-[39m[35m0129[39m[33m,[39m [33mU[39m[33m+[39m[35m0168[39m[33m-[39m[35m0169[39m[33m,[39m [33mU[39m[33m+[39m[35m01[39m[33mA0[39m[33m-[39m[35m01[39m[33mA1[39m[33m,[39m [33mU[39m[33m+[39m[35m01[39m[33mAF[39m[33m-[39m[35m01[39m[33mB0[39m[33m,[39m [33mU[39m[33m+[39m[35m0300[39m[33m-[39m[35m0301[39m[33m,[39m [33mU[39m[33m+[39m[35m0303[39m[33m-[39m[35m0304[39m[33m,[39m [33mU[39m[33m+[39m[35m0308[39m[33m-[39m[35m0309[39m[33m,[39m [33mU[39m[33m+[39m[35m0323[39m[33m,[39m [33mU[39m[33m+[39m[35m0329[39m[33m,[39m [33mU[39m[33m+[39m[35m1[39m[33mEA0[39m[33m-[39m[35m1[39m[33mEF9[39m[33m,[39m [33mU[39m[33m+[39m[35m20[39m[33mAB[39m[33m;[39m
 [90m     |[39m         [31m[1m^[22m[39m
 [90m 144 |[39m }
 [90m 145 |[39m [90m/* latin-ext */[39m
 [90m 146 |[39m [33m@[39mfont[33m-[39mface {[0m

Import map: Resolved by import map


Import trace:
  Server Component:
    [next]/internal/font/google/source_serif_4_429a5bdf.module.css
    [next]/internal/font/google/source_serif_4_429a5bdf.js
    ./Egale-Swift/Egale-Swift-Website/app/layout.tsx

https://nextjs.org/docs/messages/module-not-found


[next]/internal/font/google/source_serif_4_429a5bdf.module.css:152:9
Module not found: Can't resolve '@vercel/turbopack-next/internal/font/google/font'
[0m [90m 150 |[39m   font[33m-[39mdisplay[33m:[39m swap[33m;[39m
 [90m 151 |[39m   src[33m:[39m url([33m@[39mvercel[33m/[39mturbopack[33m-[39mnext[33m/[39minternal[33m/[39mfont[33m/[39mgoogle[35m/font?{%22url%22:%22https:/[39m[33m/[39mfonts[33m.[39mgstatic[33m.[39mcom[33m/[39ms[33m/[39msourceserif4[33m/[39mv14[33m/[39mvEFF2_tTDB4M7[33m-[39mauWDN0ahZJW3IX2ih5nk3AucvUHf6kA3r4Y3qwzSEi[33m.[39mwoff2[33m%[39m[35m22[39m[33m,[39m[33m%[39m[35m22[39mpreload[33m%[39m[35m22[39m[33m:[39m[36mfalse[39m[33m,[39m[33m%[39m[35m22[39mhas_size_adjust[33m%[39m[35m22[39m[33m:[39m[36mtrue[39m}) format([32m'woff2'[39m)[33m;[39m
[31m[1m>[22m[39m[90m 152 |[39m   unicode[33m-[39mrange[33m:[39m [33mU[39m[33m+[39m[35m0100[39m[33m-[39m[35m02[39m[33mBA[39m[33m,[39m [33mU[39m[33m+[39m[35m02[39m[33mBD[39m[33m-[39m[35m02[39m[33mC5[39m[33m,[39m [33mU[39m[33m+[39m[35m02[39m[33mC7[39m[33m-[39m[35m02[39m[33mCC[39m[33m,[39m [33mU[39m[33m+[39m[35m02[39m[33mCE[39m[33m-[39m[35m02[39m[33mD7[39m[33m,[39m [33mU[39m[33m+[39m[35m02[39m[33mDD[39m[33m-[39m[35m02[39m[33mFF[39m[33m,[39m [33mU[39m[33m+[39m[35m0304[39m[33m,[39m [33mU[39m[33m+[39m[35m0308[39m[33m,[39m [33mU[39m[33m+[39m[35m0329[39m[33m,[39m [33mU[39m[33m+[39m[35m1[39m[33mD00[39m[33m-[39m[35m1[39m[33mDBF[39m[33m,[39m [33mU[39m[33m+[39m[35m1E00[39m[33m-[39m[35m1E9[39m[33mF[39m[33m,[39m [33mU[39m[33m+[39m[35m1[39m[33mEF2[39m[33m-[39m[35m1[39m[33mEFF[39m[33m,[39m [33mU[39m[33m+[39m[35m2020[39m[33m,[39m [33mU[39m[33m+[39m[35m20[39m[33mA0[39m[33m-[39m[35m20[39m[33mAB[39m[33m,[39m [33mU[39m[33m+[39m[35m20[39m[33mAD[39m[33m-[39m[35m20[39m[33mC0[39m[33m,[39m [33mU[39m[33m+[39m[35m2113[39m[33m,[39m [33mU[39m[33m+[39m[35m2[39m[33mC60[39m[33m-[39m[35m2[39m[33mC7F[39m[33m,[39m [33mU[39m[33m+[39m[33mA720[39m[33m-[39m[33mA7FF[39m[33m;[39m
 [90m     |[39m         [31m[1m^[22m[39m
 [90m 153 |[39m }
 [90m 154 |[39m [90m/* latin */[39m
 [90m 155 |[39m [33m@[39mfont[33m-[39mface {[0m

Import map: Resolved by import map


Import trace:
  Server Component:
    [next]/internal/font/google/source_serif_4_429a5bdf.module.css
    [next]/internal/font/google/source_serif_4_429a5bdf.js
    ./Egale-Swift/Egale-Swift-Website/app/layout.tsx

https://nextjs.org/docs/messages/module-not-found


[next]/internal/font/google/source_serif_4_429a5bdf.module.css:161:9
Module not found: Can't resolve '@vercel/turbopack-next/internal/font/google/font'
[0m [90m 159 |[39m   font[33m-[39mdisplay[33m:[39m swap[33m;[39m
 [90m 160 |[39m   src[33m:[39m url([33m@[39mvercel[33m/[39mturbopack[33m-[39mnext[33m/[39minternal[33m/[39mfont[33m/[39mgoogle[35m/font?{%22url%22:%22https:/[39m[33m/[39mfonts[33m.[39mgstatic[33m.[39mcom[33m/[39ms[33m/[39msourceserif4[33m/[39mv14[33m/[39mvEFF2_tTDB4M7[33m-[39mauWDN0ahZJW3IX2ih5nk3AucvUHf6kDXr4Y3qwzQ[33m.[39mwoff2[33m%[39m[35m22[39m[33m,[39m[33m%[39m[35m22[39mpreload[33m%[39m[35m22[39m[33m:[39m[36mtrue[39m[33m,[39m[33m%[39m[35m22[39mhas_size_adjust[33m%[39m[35m22[39m[33m:[39m[36mtrue[39m}) format([32m'woff2'[39m)[33m;[39m
[31m[1m>[22m[39m[90m 161 |[39m   unicode[33m-[39mrange[33m:[39m [33mU[39m[33m+[39m[35m0000[39m[33m-[39m[35m00[39m[33mFF[39m[33m,[39m [33mU[39m[33m+[39m[35m0131[39m[33m,[39m [33mU[39m[33m+[39m[35m0152[39m[33m-[39m[35m0153[39m[33m,[39m [33mU[39m[33m+[39m[35m02[39m[33mBB[39m[33m-[39m[35m02[39m[33mBC[39m[33m,[39m [33mU[39m[33m+[39m[35m02[39m[33mC6[39m[33m,[39m [33mU[39m[33m+[39m[35m02[39m[33mDA[39m[33m,[39m [33mU[39m[33m+[39m[35m02[39m[33mDC[39m[33m,[39m [33mU[39m[33m+[39m[35m0304[39m[33m,[39m [33mU[39m[33m+[39m[35m0308[39m[33m,[39m [33mU[39m[33m+[39m[35m0329[39m[33m,[39m [33mU[39m[33m+[39m[35m2000[39m[33m-[39m[35m206[39m[33mF[39m[33m,[39m [33mU[39m[33m+[39m[35m20[39m[33mAC[39m[33m,[39m [33mU[39m[33m+[39m[35m2122[39m[33m,[39m [33mU[39m[33m+[39m[35m2191[39m[33m,[39m [33mU[39m[33m+[39m[35m2193[39m[33m,[39m [33mU[39m[33m+[39m[35m2212[39m[33m,[39m [33mU[39m[33m+[39m[35m2215[39m[33m,[39m [33mU[39m[33m+[39m[33mFEFF[39m[33m,[39m [33mU[39m[33m+[39m[33mFFFD[39m[33m;[39m
 [90m     |[39m         [31m[1m^[22m[39m
 [90m 162 |[39m }
 [90m 163 |[39m [90m/* cyrillic-ext */[39m
 [90m 164 |[39m [33m@[39mfont[33m-[39mface {[0m

Import map: Resolved by import map


Import trace:
  Server Component:
    [next]/internal/font/google/source_serif_4_429a5bdf.module.css
    [next]/internal/font/google/source_serif_4_429a5bdf.js
    ./Egale-Swift/Egale-Swift-Website/app/layout.tsx

https://nextjs.org/docs/messages/module-not-found


[next]/internal/font/google/source_serif_4_429a5bdf.module.css:170:9
Module not found: Can't resolve '@vercel/turbopack-next/internal/font/google/font'
[0m [90m 168 |[39m   font[33m-[39mdisplay[33m:[39m swap[33m;[39m
 [90m 169 |[39m   src[33m:[39m url([33m@[39mvercel[33m/[39mturbopack[33m-[39mnext[33m/[39minternal[33m/[39mfont[33m/[39mgoogle[35m/font?{%22url%22:%22https:/[39m[33m/[39mfonts[33m.[39mgstatic[33m.[39mcom[33m/[39ms[33m/[39msourceserif4[33m/[39mv14[33m/[39mvEFF2_tTDB4M7[33m-[39mauWDN0ahZJW3IX2ih5nk3AucvUHf6kAHr4Y3qwzSEi[33m.[39mwoff2[33m%[39m[35m22[39m[33m,[39m[33m%[39m[35m22[39mpreload[33m%[39m[35m22[39m[33m:[39m[36mfalse[39m[33m,[39m[33m%[39m[35m22[39mhas_size_adjust[33m%[39m[35m22[39m[33m:[39m[36mtrue[39m}) format([32m'woff2'[39m)[33m;[39m
[31m[1m>[22m[39m[90m 170 |[39m   unicode[33m-[39mrange[33m:[39m [33mU[39m[33m+[39m[35m0460[39m[33m-[39m[35m052[39m[33mF[39m[33m,[39m [33mU[39m[33m+[39m[35m1[39m[33mC80[39m[33m-[39m[35m1[39m[33mC8A[39m[33m,[39m [33mU[39m[33m+[39m[35m20[39m[33mB4[39m[33m,[39m [33mU[39m[33m+[39m[35m2[39m[33mDE0[39m[33m-[39m[35m2[39m[33mDFF[39m[33m,[39m [33mU[39m[33m+[39m[33mA640[39m[33m-[39m[33mA69F[39m[33m,[39m [33mU[39m[33m+[39m[33mFE2E[39m[33m-[39m[33mFE2F[39m[33m;[39m
 [90m     |[39m         [31m[1m^[22m[39m
 [90m 171 |[39m }
 [90m 172 |[39m [90m/* cyrillic */[39m
 [90m 173 |[39m [33m@[39mfont[33m-[39mface {[0m

Import map: Resolved by import map


Import trace:
  Server Component:
    [next]/internal/font/google/source_serif_4_429a5bdf.module.css
    [next]/internal/font/google/source_serif_4_429a5bdf.js
    ./Egale-Swift/Egale-Swift-Website/app/layout.tsx

https://nextjs.org/docs/messages/module-not-found


[next]/internal/font/google/source_serif_4_429a5bdf.module.css:179:9
Module not found: Can't resolve '@vercel/turbopack-next/internal/font/google/font'
[0m [90m 177 |[39m   font[33m-[39mdisplay[33m:[39m swap[33m;[39m
 [90m 178 |[39m   src[33m:[39m url([33m@[39mvercel[33m/[39mturbopack[33m-[39mnext[33m/[39minternal[33m/[39mfont[33m/[39mgoogle[35m/font?{%22url%22:%22https:/[39m[33m/[39mfonts[33m.[39mgstatic[33m.[39mcom[33m/[39ms[33m/[39msourceserif4[33m/[39mv14[33m/[39mvEFF2_tTDB4M7[33m-[39mauWDN0ahZJW3IX2ih5nk3AucvUHf6kCXr4Y3qwzSEi[33m.[39mwoff2[33m%[39m[35m22[39m[33m,[39m[33m%[39m[35m22[39mpreload[33m%[39m[35m22[39m[33m:[39m[36mfalse[39m[33m,[39m[33m%[39m[35m22[39mhas_size_adjust[33m%[39m[35m22[39m[33m:[39m[36mtrue[39m}) format([32m'woff2'[39m)[33m;[39m
[31m[1m>[22m[39m[90m 179 |[39m   unicode[33m-[39mrange[33m:[39m [33mU[39m[33m+[39m[35m0301[39m[33m,[39m [33mU[39m[33m+[39m[35m0400[39m[33m-[39m[35m045[39m[33mF[39m[33m,[39m [33mU[39m[33m+[39m[35m0490[39m[33m-[39m[35m0491[39m[33m,[39m [33mU[39m[33m+[39m[35m04[39m[33mB0[39m[33m-[39m[35m04[39m[33mB1[39m[33m,[39m [33mU[39m[33m+[39m[35m2116[39m[33m;[39m
 [90m     |[39m         [31m[1m^[22m[39m
 [90m 180 |[39m }
 [90m 181 |[39m [90m/* greek */[39m
 [90m 182 |[39m [33m@[39mfont[33m-[39mface {[0m

Import map: Resolved by import map


Import trace:
  Server Component:
    [next]/internal/font/google/source_serif_4_429a5bdf.module.css
    [next]/internal/font/google/source_serif_4_429a5bdf.js
    ./Egale-Swift/Egale-Swift-Website/app/layout.tsx

https://nextjs.org/docs/messages/module-not-found


[next]/internal/font/google/source_serif_4_429a5bdf.module.css:188:9
Module not found: Can't resolve '@vercel/turbopack-next/internal/font/google/font'
[0m [90m 186 |[39m   font[33m-[39mdisplay[33m:[39m swap[33m;[39m
 [90m 187 |[39m   src[33m:[39m url([33m@[39mvercel[33m/[39mturbopack[33m-[39mnext[33m/[39minternal[33m/[39mfont[33m/[39mgoogle[35m/font?{%22url%22:%22https:/[39m[33m/[39mfonts[33m.[39mgstatic[33m.[39mcom[33m/[39ms[33m/[39msourceserif4[33m/[39mv14[33m/[39mvEFF2_tTDB4M7[33m-[39mauWDN0ahZJW3IX2ih5nk3AucvUHf6kDnr4Y3qwzSEi[33m.[39mwoff2[33m%[39m[35m22[39m[33m,[39m[33m%[39m[35m22[39mpreload[33m%[39m[35m22[39m[33m:[39m[36mfalse[39m[33m,[39m[33m%[39m[35m22[39mhas_size_adjust[33m%[39m[35m22[39m[33m:[39m[36mtrue[39m}) format([32m'woff2'[39m)[33m;[39m
[31m[1m>[22m[39m[90m 188 |[39m   unicode[33m-[39mrange[33m:[39m [33mU[39m[33m+[39m[35m0370[39m[33m-[39m[35m0377[39m[33m,[39m [33mU[39m[33m+[39m[35m037[39m[33mA[39m[33m-[39m[35m037[39m[33mF[39m[33m,[39m [33mU[39m[33m+[39m[35m0384[39m[33m-[39m[35m038[39m[33mA[39m[33m,[39m [33mU[39m[33m+[39m[35m038[39m[33mC[39m[33m,[39m [33mU[39m[33m+[39m[35m038E-03[39m[33mA1[39m[33m,[39m [33mU[39m[33m+[39m[35m03[39m[33mA3[39m[33m-[39m[35m03[39m[33mFF[39m[33m;[39m
 [90m     |[39m         [31m[1m^[22m[39m
 [90m 189 |[39m }
 [90m 190 |[39m [90m/* vietnamese */[39m
 [90m 191 |[39m [33m@[39mfont[33m-[39mface {[0m

Import map: Resolved by import map


Import trace:
  Server Component:
    [next]/internal/font/google/source_serif_4_429a5bdf.module.css
    [next]/internal/font/google/source_serif_4_429a5bdf.js
    ./Egale-Swift/Egale-Swift-Website/app/layout.tsx

https://nextjs.org/docs/messages/module-not-found


[next]/internal/font/google/source_serif_4_429a5bdf.module.css:197:9
Module not found: Can't resolve '@vercel/turbopack-next/internal/font/google/font'
[0m [90m 195 |[39m   font[33m-[39mdisplay[33m:[39m swap[33m;[39m
 [90m 196 |[39m   src[33m:[39m url([33m@[39mvercel[33m/[39mturbopack[33m-[39mnext[33m/[39minternal[33m/[39mfont[33m/[39mgoogle[35m/font?{%22url%22:%22https:/[39m[33m/[39mfonts[33m.[39mgstatic[33m.[39mcom[33m/[39ms[33m/[39msourceserif4[33m/[39mv14[33m/[39mvEFF2_tTDB4M7[33m-[39mauWDN0ahZJW3IX2ih5nk3AucvUHf6kAnr4Y3qwzSEi[33m.[39mwoff2[33m%[39m[35m22[39m[33m,[39m[33m%[39m[35m22[39mpreload[33m%[39m[35m22[39m[33m:[39m[36mfalse[39m[33m,[39m[33m%[39m[35m22[39mhas_size_adjust[33m%[39m[35m22[39m[33m:[39m[36mtrue[39m}) format([32m'woff2'[39m)[33m;[39m
[31m[1m>[22m[39m[90m 197 |[39m   unicode[33m-[39mrange[33m:[39m [33mU[39m[33m+[39m[35m0102[39m[33m-[39m[35m0103[39m[33m,[39m [33mU[39m[33m+[39m[35m0110[39m[33m-[39m[35m0111[39m[33m,[39m [33mU[39m[33m+[39m[35m0128[39m[33m-[39m[35m0129[39m[33m,[39m [33mU[39m[33m+[39m[35m0168[39m[33m-[39m[35m0169[39m[33m,[39m [33mU[39m[33m+[39m[35m01[39m[33mA0[39m[33m-[39m[35m01[39m[33mA1[39m[33m,[39m [33mU[39m[33m+[39m[35m01[39m[33mAF[39m[33m-[39m[35m01[39m[33mB0[39m[33m,[39m [33mU[39m[33m+[39m[35m0300[39m[33m-[39m[35m0301[39m[33m,[39m [33mU[39m[33m+[39m[35m0303[39m[33m-[39m[35m0304[39m[33m,[39m [33mU[39m[33m+[39m[35m0308[39m[33m-[39m[35m0309[39m[33m,[39m [33mU[39m[33m+[39m[35m0323[39m[33m,[39m [33mU[39m[33m+[39m[35m0329[39m[33m,[39m [33mU[39m[33m+[39m[35m1[39m[33mEA0[39m[33m-[39m[35m1[39m[33mEF9[39m[33m,[39m [33mU[39m[33m+[39m[35m20[39m[33mAB[39m[33m;[39m
 [90m     |[39m         [31m[1m^[22m[39m
 [90m 198 |[39m }
 [90m 199 |[39m [90m/* latin-ext */[39m
 [90m 200 |[39m [33m@[39mfont[33m-[39mface {[0m

Import map: Resolved by import map


Import trace:
  Server Component:
    [next]/internal/font/google/source_serif_4_429a5bdf.module.css
    [next]/internal/font/google/source_serif_4_429a5bdf.js
    ./Egale-Swift/Egale-Swift-Website/app/layout.tsx

https://nextjs.org/docs/messages/module-not-found


[next]/internal/font/google/source_serif_4_429a5bdf.module.css:206:9
Module not found: Can't resolve '@vercel/turbopack-next/internal/font/google/font'
[0m [90m 204 |[39m   font[33m-[39mdisplay[33m:[39m swap[33m;[39m
 [90m 205 |[39m   src[33m:[39m url([33m@[39mvercel[33m/[39mturbopack[33m-[39mnext[33m/[39minternal[33m/[39mfont[33m/[39mgoogle[35m/font?{%22url%22:%22https:/[39m[33m/[39mfonts[33m.[39mgstatic[33m.[39mcom[33m/[39ms[33m/[39msourceserif4[33m/[39mv14[33m/[39mvEFF2_tTDB4M7[33m-[39mauWDN0ahZJW3IX2ih5nk3AucvUHf6kA3r4Y3qwzSEi[33m.[39mwoff2[33m%[39m[35m22[39m[33m,[39m[33m%[39m[35m22[39mpreload[33m%[39m[35m22[39m[33m:[39m[36mfalse[39m[33m,[39m[33m%[39m[35m22[39mhas_size_adjust[33m%[39m[35m22[39m[33m:[39m[36mtrue[39m}) format([32m'woff2'[39m)[33m;[39m
[31m[1m>[22m[39m[90m 206 |[39m   unicode[33m-[39mrange[33m:[39m [33mU[39m[33m+[39m[35m0100[39m[33m-[39m[35m02[39m[33mBA[39m[33m,[39m [33mU[39m[33m+[39m[35m02[39m[33mBD[39m[33m-[39m[35m02[39m[33mC5[39m[33m,[39m [33mU[39m[33m+[39m[35m02[39m[33mC7[39m[33m-[39m[35m02[39m[33mCC[39m[33m,[39m [33mU[39m[33m+[39m[35m02[39m[33mCE[39m[33m-[39m[35m02[39m[33mD7[39m[33m,[39m [33mU[39m[33m+[39m[35m02[39m[33mDD[39m[33m-[39m[35m02[39m[33mFF[39m[33m,[39m [33mU[39m[33m+[39m[35m0304[39m[33m,[39m [33mU[39m[33m+[39m[35m0308[39m[33m,[39m [33mU[39m[33m+[39m[35m0329[39m[33m,[39m [33mU[39m[33m+[39m[35m1[39m[33mD00[39m[33m-[39m[35m1[39m[33mDBF[39m[33m,[39m [33mU[39m[33m+[39m[35m1E00[39m[33m-[39m[35m1E9[39m[33mF[39m[33m,[39m [33mU[39m[33m+[39m[35m1[39m[33mEF2[39m[33m-[39m[35m1[39m[33mEFF[39m[33m,[39m [33mU[39m[33m+[39m[35m2020[39m[33m,[39m [33mU[39m[33m+[39m[35m20[39m[33mA0[39m[33m-[39m[35m20[39m[33mAB[39m[33m,[39m [33mU[39m[33m+[39m[35m20[39m[33mAD[39m[33m-[39m[35m20[39m[33mC0[39m[33m,[39m [33mU[39m[33m+[39m[35m2113[39m[33m,[39m [33mU[39m[33m+[39m[35m2[39m[33mC60[39m[33m-[39m[35m2[39m[33mC7F[39m[33m,[39m [33mU[39m[33m+[39m[33mA720[39m[33m-[39m[33mA7FF[39m[33m;[39m
 [90m     |[39m         [31m[1m^[22m[39m
 [90m 207 |[39m }
 [90m 208 |[39m [90m/* latin */[39m
 [90m 209 |[39m [33m@[39mfont[33m-[39mface {[0m

Import map: Resolved by import map


Import trace:
  Server Component:
    [next]/internal/font/google/source_serif_4_429a5bdf.module.css
    [next]/internal/font/google/source_serif_4_429a5bdf.js
    ./Egale-Swift/Egale-Swift-Website/app/layout.tsx

https://nextjs.org/docs/messages/module-not-found


[next]/internal/font/google/source_serif_4_429a5bdf.module.css:215:9
Module not found: Can't resolve '@vercel/turbopack-next/internal/font/google/font'
[0m [90m 213 |[39m   font[33m-[39mdisplay[33m:[39m swap[33m;[39m
 [90m 214 |[39m   src[33m:[39m url([33m@[39mvercel[33m/[39mturbopack[33m-[39mnext[33m/[39minternal[33m/[39mfont[33m/[39mgoogle[35m/font?{%22url%22:%22https:/[39m[33m/[39mfonts[33m.[39mgstatic[33m.[39mcom[33m/[39ms[33m/[39msourceserif4[33m/[39mv14[33m/[39mvEFF2_tTDB4M7[33m-[39mauWDN0ahZJW3IX2ih5nk3AucvUHf6kDXr4Y3qwzQ[33m.[39mwoff2[33m%[39m[35m22[39m[33m,[39m[33m%[39m[35m22[39mpreload[33m%[39m[35m22[39m[33m:[39m[36mtrue[39m[33m,[39m[33m%[39m[35m22[39mhas_size_adjust[33m%[39m[35m22[39m[33m:[39m[36mtrue[39m}) format([32m'woff2'[39m)[33m;[39m
[31m[1m>[22m[39m[90m 215 |[39m   unicode[33m-[39mrange[33m:[39m [33mU[39m[33m+[39m[35m0000[39m[33m-[39m[35m00[39m[33mFF[39m[33m,[39m [33mU[39m[33m+[39m[35m0131[39m[33m,[39m [33mU[39m[33m+[39m[35m0152[39m[33m-[39m[35m0153[39m[33m,[39m [33mU[39m[33m+[39m[35m02[39m[33mBB[39m[33m-[39m[35m02[39m[33mBC[39m[33m,[39m [33mU[39m[33m+[39m[35m02[39m[33mC6[39m[33m,[39m [33mU[39m[33m+[39m[35m02[39m[33mDA[39m[33m,[39m [33mU[39m[33m+[39m[35m02[39m[33mDC[39m[33m,[39m [33mU[39m[33m+[39m[35m0304[39m[33m,[39m [33mU[39m[33m+[39m[35m0308[39m[33m,[39m [33mU[39m[33m+[39m[35m0329[39m[33m,[39m [33mU[39m[33m+[39m[35m2000[39m[33m-[39m[35m206[39m[33mF[39m[33m,[39m [33mU[39m[33m+[39m[35m20[39m[33mAC[39m[33m,[39m [33mU[39m[33m+[39m[35m2122[39m[33m,[39m [33mU[39m[33m+[39m[35m2191[39m[33m,[39m [33mU[39m[33m+[39m[35m2193[39m[33m,[39m [33mU[39m[33m+[39m[35m2212[39m[33m,[39m [33mU[39m[33m+[39m[35m2215[39m[33m,[39m [33mU[39m[33m+[39m[33mFEFF[39m[33m,[39m [33mU[39m[33m+[39m[33mFFFD[39m[33m;[39m
 [90m     |[39m         [31m[1m^[22m[39m
 [90m 216 |[39m }
 [90m 217 |[39m [90m/* cyrillic-ext */[39m
 [90m 218 |[39m [33m@[39mfont[33m-[39mface {[0m

Import map: Resolved by import map


Import trace:
  Server Component:
    [next]/internal/font/google/source_serif_4_429a5bdf.module.css
    [next]/internal/font/google/source_serif_4_429a5bdf.js
    ./Egale-Swift/Egale-Swift-Website/app/layout.tsx

https://nextjs.org/docs/messages/module-not-found


[next]/internal/font/google/source_serif_4_429a5bdf.module.css:224:9
Module not found: Can't resolve '@vercel/turbopack-next/internal/font/google/font'
[0m [90m 222 |[39m   font[33m-[39mdisplay[33m:[39m swap[33m;[39m
 [90m 223 |[39m   src[33m:[39m url([33m@[39mvercel[33m/[39mturbopack[33m-[39mnext[33m/[39minternal[33m/[39mfont[33m/[39mgoogle[35m/font?{%22url%22:%22https:/[39m[33m/[39mfonts[33m.[39mgstatic[33m.[39mcom[33m/[39ms[33m/[39msourceserif4[33m/[39mv14[33m/[39mvEFF2_tTDB4M7[33m-[39mauWDN0ahZJW3IX2ih5nk3AucvUHf6kAHr4Y3qwzSEi[33m.[39mwoff2[33m%[39m[35m22[39m[33m,[39m[33m%[39m[35m22[39mpreload[33m%[39m[35m22[39m[33m:[39m[36mfalse[39m[33m,[39m[33m%[39m[35m22[39mhas_size_adjust[33m%[39m[35m22[39m[33m:[39m[36mtrue[39m}) format([32m'woff2'[39m)[33m;[39m
[31m[1m>[22m[39m[90m 224 |[39m   unicode[33m-[39mrange[33m:[39m [33mU[39m[33m+[39m[35m0460[39m[33m-[39m[35m052[39m[33mF[39m[33m,[39m [33mU[39m[33m+[39m[35m1[39m[33mC80[39m[33m-[39m[35m1[39m[33mC8A[39m[33m,[39m [33mU[39m[33m+[39m[35m20[39m[33mB4[39m[33m,[39m [33mU[39m[33m+[39m[35m2[39m[33mDE0[39m[33m-[39m[35m2[39m[33mDFF[39m[33m,[39m [33mU[39m[33m+[39m[33mA640[39m[33m-[39m[33mA69F[39m[33m,[39m [33mU[39m[33m+[39m[33mFE2E[39m[33m-[39m[33mFE2F[39m[33m;[39m
 [90m     |[39m         [31m[1m^[22m[39m
 [90m 225 |[39m }
 [90m 226 |[39m [90m/* cyrillic */[39m
 [90m 227 |[39m [33m@[39mfont[33m-[39mface {[0m

Import map: Resolved by import map


Import trace:
  Server Component:
    [next]/internal/font/google/source_serif_4_429a5bdf.module.css
    [next]/internal/font/google/source_serif_4_429a5bdf.js
    ./Egale-Swift/Egale-Swift-Website/app/layout.tsx

https://nextjs.org/docs/messages/module-not-found


[next]/internal/font/google/source_serif_4_429a5bdf.module.css:233:9
Module not found: Can't resolve '@vercel/turbopack-next/internal/font/google/font'
[0m [90m 231 |[39m   font[33m-[39mdisplay[33m:[39m swap[33m;[39m
 [90m 232 |[39m   src[33m:[39m url([33m@[39mvercel[33m/[39mturbopack[33m-[39mnext[33m/[39minternal[33m/[39mfont[33m/[39mgoogle[35m/font?{%22url%22:%22https:/[39m[33m/[39mfonts[33m.[39mgstatic[33m.[39mcom[33m/[39ms[33m/[39msourceserif4[33m/[39mv14[33m/[39mvEFF2_tTDB4M7[33m-[39mauWDN0ahZJW3IX2ih5nk3AucvUHf6kCXr4Y3qwzSEi[33m.[39mwoff2[33m%[39m[35m22[39m[33m,[39m[33m%[39m[35m22[39mpreload[33m%[39m[35m22[39m[33m:[39m[36mfalse[39m[33m,[39m[33m%[39m[35m22[39mhas_size_adjust[33m%[39m[35m22[39m[33m:[39m[36mtrue[39m}) format([32m'woff2'[39m)[33m;[39m
[31m[1m>[22m[39m[90m 233 |[39m   unicode[33m-[39mrange[33m:[39m [33mU[39m[33m+[39m[35m0301[39m[33m,[39m [33mU[39m[33m+[39m[35m0400[39m[33m-[39m[35m045[39m[33mF[39m[33m,[39m [33mU[39m[33m+[39m[35m0490[39m[33m-[39m[35m0491[39m[33m,[39m [33mU[39m[33m+[39m[35m04[39m[33mB0[39m[33m-[39m[35m04[39m[33mB1[39m[33m,[39m [33mU[39m[33m+[39m[35m2116[39m[33m;[39m
 [90m     |[39m         [31m[1m^[22m[39m
 [90m 234 |[39m }
 [90m 235 |[39m [90m/* greek */[39m
 [90m 236 |[39m [33m@[39mfont[33m-[39mface {[0m

Import map: Resolved by import map


Import trace:
  Server Component:
    [next]/internal/font/google/source_serif_4_429a5bdf.module.css
    [next]/internal/font/google/source_serif_4_429a5bdf.js
    ./Egale-Swift/Egale-Swift-Website/app/layout.tsx

https://nextjs.org/docs/messages/module-not-found


[next]/internal/font/google/source_serif_4_429a5bdf.module.css:242:9
Module not found: Can't resolve '@vercel/turbopack-next/internal/font/google/font'
[0m [90m 240 |[39m   font[33m-[39mdisplay[33m:[39m swap[33m;[39m
 [90m 241 |[39m   src[33m:[39m url([33m@[39mvercel[33m/[39mturbopack[33m-[39mnext[33m/[39minternal[33m/[39mfont[33m/[39mgoogle[35m/font?{%22url%22:%22https:/[39m[33m/[39mfonts[33m.[39mgstatic[33m.[39mcom[33m/[39ms[33m/[39msourceserif4[33m/[39mv14[33m/[39mvEFF2_tTDB4M7[33m-[39mauWDN0ahZJW3IX2ih5nk3AucvUHf6kDnr4Y3qwzSEi[33m.[39mwoff2[33m%[39m[35m22[39m[33m,[39m[33m%[39m[35m22[39mpreload[33m%[39m[35m22[39m[33m:[39m[36mfalse[39m[33m,[39m[33m%[39m[35m22[39mhas_size_adjust[33m%[39m[35m22[39m[33m:[39m[36mtrue[39m}) format([32m'woff2'[39m)[33m;[39m
[31m[1m>[22m[39m[90m 242 |[39m   unicode[33m-[39mrange[33m:[39m [33mU[39m[33m+[39m[35m0370[39m[33m-[39m[35m0377[39m[33m,[39m [33mU[39m[33m+[39m[35m037[39m[33mA[39m[33m-[39m[35m037[39m[33mF[39m[33m,[39m [33mU[39m[33m+[39m[35m0384[39m[33m-[39m[35m038[39m[33mA[39m[33m,[39m [33mU[39m[33m+[39m[35m038[39m[33mC[39m[33m,[39m [33mU[39m[33m+[39m[35m038E-03[39m[33mA1[39m[33m,[39m [33mU[39m[33m+[39m[35m03[39m[33mA3[39m[33m-[39m[35m03[39m[33mFF[39m[33m;[39m
 [90m     |[39m         [31m[1m^[22m[39m
 [90m 243 |[39m }
 [90m 244 |[39m [90m/* vietnamese */[39m
 [90m 245 |[39m [33m@[39mfont[33m-[39mface {[0m

Import map: Resolved by import map


Import trace:
  Server Component:
    [next]/internal/font/google/source_serif_4_429a5bdf.module.css
    [next]/internal/font/google/source_serif_4_429a5bdf.js
    ./Egale-Swift/Egale-Swift-Website/app/layout.tsx

https://nextjs.org/docs/messages/module-not-found


[next]/internal/font/google/source_serif_4_429a5bdf.module.css:251:9
Module not found: Can't resolve '@vercel/turbopack-next/internal/font/google/font'
[0m [90m 249 |[39m   font[33m-[39mdisplay[33m:[39m swap[33m;[39m
 [90m 250 |[39m   src[33m:[39m url([33m@[39mvercel[33m/[39mturbopack[33m-[39mnext[33m/[39minternal[33m/[39mfont[33m/[39mgoogle[35m/font?{%22url%22:%22https:/[39m[33m/[39mfonts[33m.[39mgstatic[33m.[39mcom[33m/[39ms[33m/[39msourceserif4[33m/[39mv14[33m/[39mvEFF2_tTDB4M7[33m-[39mauWDN0ahZJW3IX2ih5nk3AucvUHf6kAnr4Y3qwzSEi[33m.[39mwoff2[33m%[39m[35m22[39m[33m,[39m[33m%[39m[35m22[39mpreload[33m%[39m[35m22[39m[33m:[39m[36mfalse[39m[33m,[39m[33m%[39m[35m22[39mhas_size_adjust[33m%[39m[35m22[39m[33m:[39m[36mtrue[39m}) format([32m'woff2'[39m)[33m;[39m
[31m[1m>[22m[39m[90m 251 |[39m   unicode[33m-[39mrange[33m:[39m [33mU[39m[33m+[39m[35m0102[39m[33m-[39m[35m0103[39m[33m,[39m [33mU[39m[33m+[39m[35m0110[39m[33m-[39m[35m0111[39m[33m,[39m [33mU[39m[33m+[39m[35m0128[39m[33m-[39m[35m0129[39m[33m,[39m [33mU[39m[33m+[39m[35m0168[39m[33m-[39m[35m0169[39m[33m,[39m [33mU[39m[33m+[39m[35m01[39m[33mA0[39m[33m-[39m[35m01[39m[33mA1[39m[33m,[39m [33mU[39m[33m+[39m[35m01[39m[33mAF[39m[33m-[39m[35m01[39m[33mB0[39m[33m,[39m [33mU[39m[33m+[39m[35m0300[39m[33m-[39m[35m0301[39m[33m,[39m [33mU[39m[33m+[39m[35m0303[39m[33m-[39m[35m0304[39m[33m,[39m [33mU[39m[33m+[39m[35m0308[39m[33m-[39m[35m0309[39m[33m,[39m [33mU[39m[33m+[39m[35m0323[39m[33m,[39m [33mU[39m[33m+[39m[35m0329[39m[33m,[39m [33mU[39m[33m+[39m[35m1[39m[33mEA0[39m[33m-[39m[35m1[39m[33mEF9[39m[33m,[39m [33mU[39m[33m+[39m[35m20[39m[33mAB[39m[33m;[39m
 [90m     |[39m         [31m[1m^[22m[39m
 [90m 252 |[39m }
 [90m 253 |[39m [90m/* latin-ext */[39m
 [90m 254 |[39m [33m@[39mfont[33m-[39mface {[0m

Import map: Resolved by import map


Import trace:
  Server Component:
    [next]/internal/font/google/source_serif_4_429a5bdf.module.css
    [next]/internal/font/google/source_serif_4_429a5bdf.js
    ./Egale-Swift/Egale-Swift-Website/app/layout.tsx

https://nextjs.org/docs/messages/module-not-found


[next]/internal/font/google/source_serif_4_429a5bdf.module.css:260:9
Module not found: Can't resolve '@vercel/turbopack-next/internal/font/google/font'
[0m [90m 258 |[39m   font[33m-[39mdisplay[33m:[39m swap[33m;[39m
 [90m 259 |[39m   src[33m:[39m url([33m@[39mvercel[33m/[39mturbopack[33m-[39mnext[33m/[39minternal[33m/[39mfont[33m/[39mgoogle[35m/font?{%22url%22:%22https:/[39m[33m/[39mfonts[33m.[39mgstatic[33m.[39mcom[33m/[39ms[33m/[39msourceserif4[33m/[39mv14[33m/[39mvEFF2_tTDB4M7[33m-[39mauWDN0ahZJW3IX2ih5nk3AucvUHf6kA3r4Y3qwzSEi[33m.[39mwoff2[33m%[39m[35m22[39m[33m,[39m[33m%[39m[35m22[39mpreload[33m%[39m[35m22[39m[33m:[39m[36mfalse[39m[33m,[39m[33m%[39m[35m22[39mhas_size_adjust[33m%[39m[35m22[39m[33m:[39m[36mtrue[39m}) format([32m'woff2'[39m)[33m;[39m
[31m[1m>[22m[39m[90m 260 |[39m   unicode[33m-[39mrange[33m:[39m [33mU[39m[33m+[39m[35m0100[39m[33m-[39m[35m02[39m[33mBA[39m[33m,[39m [33mU[39m[33m+[39m[35m02[39m[33mBD[39m[33m-[39m[35m02[39m[33mC5[39m[33m,[39m [33mU[39m[33m+[39m[35m02[39m[33mC7[39m[33m-[39m[35m02[39m[33mCC[39m[33m,[39m [33mU[39m[33m+[39m[35m02[39m[33mCE[39m[33m-[39m[35m02[39m[33mD7[39m[33m,[39m [33mU[39m[33m+[39m[35m02[39m[33mDD[39m[33m-[39m[35m02[39m[33mFF[39m[33m,[39m [33mU[39m[33m+[39m[35m0304[39m[33m,[39m [33mU[39m[33m+[39m[35m0308[39m[33m,[39m [33mU[39m[33m+[39m[35m0329[39m[33m,[39m [33mU[39m[33m+[39m[35m1[39m[33mD00[39m[33m-[39m[35m1[39m[33mDBF[39m[33m,[39m [33mU[39m[33m+[39m[35m1E00[39m[33m-[39m[35m1E9[39m[33mF[39m[33m,[39m [33mU[39m[33m+[39m[35m1[39m[33mEF2[39m[33m-[39m[35m1[39m[33mEFF[39m[33m,[39m [33mU[39m[33m+[39m[35m2020[39m[33m,[39m [33mU[39m[33m+[39m[35m20[39m[33mA0[39m[33m-[39m[35m20[39m[33mAB[39m[33m,[39m [33mU[39m[33m+[39m[35m20[39m[33mAD[39m[33m-[39m[35m20[39m[33mC0[39m[33m,[39m [33mU[39m[33m+[39m[35m2113[39m[33m,[39m [33mU[39m[33m+[39m[35m2[39m[33mC60[39m[33m-[39m[35m2[39m[33mC7F[39m[33m,[39m [33mU[39m[33m+[39m[33mA720[39m[33m-[39m[33mA7FF[39m[33m;[39m
 [90m     |[39m         [31m[1m^[22m[39m
 [90m 261 |[39m }
 [90m 262 |[39m [90m/* latin */[39m
 [90m 263 |[39m [33m@[39mfont[33m-[39mface {[0m

Import map: Resolved by import map


Import trace:
  Server Component:
    [next]/internal/font/google/source_serif_4_429a5bdf.module.css
    [next]/internal/font/google/source_serif_4_429a5bdf.js
    ./Egale-Swift/Egale-Swift-Website/app/layout.tsx

https://nextjs.org/docs/messages/module-not-found


[next]/internal/font/google/source_serif_4_429a5bdf.module.css:269:9
Module not found: Can't resolve '@vercel/turbopack-next/internal/font/google/font'
[0m [90m 267 |[39m   font[33m-[39mdisplay[33m:[39m swap[33m;[39m
 [90m 268 |[39m   src[33m:[39m url([33m@[39mvercel[33m/[39mturbopack[33m-[39mnext[33m/[39minternal[33m/[39mfont[33m/[39mgoogle[35m/font?{%22url%22:%22https:/[39m[33m/[39mfonts[33m.[39mgstatic[33m.[39mcom[33m/[39ms[33m/[39msourceserif4[33m/[39mv14[33m/[39mvEFF2_tTDB4M7[33m-[39mauWDN0ahZJW3IX2ih5nk3AucvUHf6kDXr4Y3qwzQ[33m.[39mwoff2[33m%[39m[35m22[39m[33m,[39m[33m%[39m[35m22[39mpreload[33m%[39m[35m22[39m[33m:[39m[36mtrue[39m[33m,[39m[33m%[39m[35m22[39mhas_size_adjust[33m%[39m[35m22[39m[33m:[39m[36mtrue[39m}) format([32m'woff2'[39m)[33m;[39m
[31m[1m>[22m[39m[90m 269 |[39m   unicode[33m-[39mrange[33m:[39m [33mU[39m[33m+[39m[35m0000[39m[33m-[39m[35m00[39m[33mFF[39m[33m,[39m [33mU[39m[33m+[39m[35m0131[39m[33m,[39m [33mU[39m[33m+[39m[35m0152[39m[33m-[39m[35m0153[39m[33m,[39m [33mU[39m[33m+[39m[35m02[39m[33mBB[39m[33m-[39m[35m02[39m[33mBC[39m[33m,[39m [33mU[39m[33m+[39m[35m02[39m[33mC6[39m[33m,[39m [33mU[39m[33m+[39m[35m02[39m[33mDA[39m[33m,[39m [33mU[39m[33m+[39m[35m02[39m[33mDC[39m[33m,[39m [33mU[39m[33m+[39m[35m0304[39m[33m,[39m [33mU[39m[33m+[39m[35m0308[39m[33m,[39m [33mU[39m[33m+[39m[35m0329[39m[33m,[39m [33mU[39m[33m+[39m[35m2000[39m[33m-[39m[35m206[39m[33mF[39m[33m,[39m [33mU[39m[33m+[39m[35m20[39m[33mAC[39m[33m,[39m [33mU[39m[33m+[39m[35m2122[39m[33m,[39m [33mU[39m[33m+[39m[35m2191[39m[33m,[39m [33mU[39m[33m+[39m[35m2193[39m[33m,[39m [33mU[39m[33m+[39m[35m2212[39m[33m,[39m [33mU[39m[33m+[39m[35m2215[39m[33m,[39m [33mU[39m[33m+[39m[33mFEFF[39m[33m,[39m [33mU[39m[33m+[39m[33mFFFD[39m[33m;[39m
 [90m     |[39m         [31m[1m^[22m[39m
 [90m 270 |[39m }
 [90m 271 |[39m [90m/* cyrillic-ext */[39m
 [90m 272 |[39m [33m@[39mfont[33m-[39mface {[0m

Import map: Resolved by import map


Import trace:
  Server Component:
    [next]/internal/font/google/source_serif_4_429a5bdf.module.css
    [next]/internal/font/google/source_serif_4_429a5bdf.js
    ./Egale-Swift/Egale-Swift-Website/app/layout.tsx

https://nextjs.org/docs/messages/module-not-found


[next]/internal/font/google/source_serif_4_429a5bdf.module.css:278:9
Module not found: Can't resolve '@vercel/turbopack-next/internal/font/google/font'
[0m [90m 276 |[39m   font[33m-[39mdisplay[33m:[39m swap[33m;[39m
 [90m 277 |[39m   src[33m:[39m url([33m@[39mvercel[33m/[39mturbopack[33m-[39mnext[33m/[39minternal[33m/[39mfont[33m/[39mgoogle[35m/font?{%22url%22:%22https:/[39m[33m/[39mfonts[33m.[39mgstatic[33m.[39mcom[33m/[39ms[33m/[39msourceserif4[33m/[39mv14[33m/[39mvEFF2_tTDB4M7[33m-[39mauWDN0ahZJW3IX2ih5nk3AucvUHf6kAHr4Y3qwzSEi[33m.[39mwoff2[33m%[39m[35m22[39m[33m,[39m[33m%[39m[35m22[39mpreload[33m%[39m[35m22[39m[33m:[39m[36mfalse[39m[33m,[39m[33m%[39m[35m22[39mhas_size_adjust[33m%[39m[35m22[39m[33m:[39m[36mtrue[39m}) format([32m'woff2'[39m)[33m;[39m
[31m[1m>[22m[39m[90m 278 |[39m   unicode[33m-[39mrange[33m:[39m [33mU[39m[33m+[39m[35m0460[39m[33m-[39m[35m052[39m[33mF[39m[33m,[39m [33mU[39m[33m+[39m[35m1[39m[33mC80[39m[33m-[39m[35m1[39m[33mC8A[39m[33m,[39m [33mU[39m[33m+[39m[35m20[39m[33mB4[39m[33m,[39m [33mU[39m[33m+[39m[35m2[39m[33mDE0[39m[33m-[39m[35m2[39m[33mDFF[39m[33m,[39m [33mU[39m[33m+[39m[33mA640[39m[33m-[39m[33mA69F[39m[33m,[39m [33mU[39m[33m+[39m[33mFE2E[39m[33m-[39m[33mFE2F[39m[33m;[39m
 [90m     |[39m         [31m[1m^[22m[39m
 [90m 279 |[39m }
 [90m 280 |[39m [90m/* cyrillic */[39m
 [90m 281 |[39m [33m@[39mfont[33m-[39mface {[0m

Import map: Resolved by import map


Import trace:
  Server Component:
    [next]/internal/font/google/source_serif_4_429a5bdf.module.css
    [next]/internal/font/google/source_serif_4_429a5bdf.js
    ./Egale-Swift/Egale-Swift-Website/app/layout.tsx

https://nextjs.org/docs/messages/module-not-found


[next]/internal/font/google/source_serif_4_429a5bdf.module.css:287:9
Module not found: Can't resolve '@vercel/turbopack-next/internal/font/google/font'
[0m [90m 285 |[39m   font[33m-[39mdisplay[33m:[39m swap[33m;[39m
 [90m 286 |[39m   src[33m:[39m url([33m@[39mvercel[33m/[39mturbopack[33m-[39mnext[33m/[39minternal[33m/[39mfont[33m/[39mgoogle[35m/font?{%22url%22:%22https:/[39m[33m/[39mfonts[33m.[39mgstatic[33m.[39mcom[33m/[39ms[33m/[39msourceserif4[33m/[39mv14[33m/[39mvEFF2_tTDB4M7[33m-[39mauWDN0ahZJW3IX2ih5nk3AucvUHf6kCXr4Y3qwzSEi[33m.[39mwoff2[33m%[39m[35m22[39m[33m,[39m[33m%[39m[35m22[39mpreload[33m%[39m[35m22[39m[33m:[39m[36mfalse[39m[33m,[39m[33m%[39m[35m22[39mhas_size_adjust[33m%[39m[35m22[39m[33m:[39m[36mtrue[39m}) format([32m'woff2'[39m)[33m;[39m
[31m[1m>[22m[39m[90m 287 |[39m   unicode[33m-[39mrange[33m:[39m [33mU[39m[33m+[39m[35m0301[39m[33m,[39m [33mU[39m[33m+[39m[35m0400[39m[33m-[39m[35m045[39m[33mF[39m[33m,[39m [33mU[39m[33m+[39m[35m0490[39m[33m-[39m[35m0491[39m[33m,[39m [33mU[39m[33m+[39m[35m04[39m[33mB0[39m[33m-[39m[35m04[39m[33mB1[39m[33m,[39m [33mU[39m[33m+[39m[35m2116[39m[33m;[39m
 [90m     |[39m         [31m[1m^[22m[39m
 [90m 288 |[39m }
 [90m 289 |[39m [90m/* greek */[39m
 [90m 290 |[39m [33m@[39mfont[33m-[39mface {[0m

Import map: Resolved by import map


Import trace:
  Server Component:
    [next]/internal/font/google/source_serif_4_429a5bdf.module.css
    [next]/internal/font/google/source_serif_4_429a5bdf.js
    ./Egale-Swift/Egale-Swift-Website/app/layout.tsx

https://nextjs.org/docs/messages/module-not-found


[next]/internal/font/google/source_serif_4_429a5bdf.module.css:296:9
Module not found: Can't resolve '@vercel/turbopack-next/internal/font/google/font'
[0m [90m 294 |[39m   font[33m-[39mdisplay[33m:[39m swap[33m;[39m
 [90m 295 |[39m   src[33m:[39m url([33m@[39mvercel[33m/[39mturbopack[33m-[39mnext[33m/[39minternal[33m/[39mfont[33m/[39mgoogle[35m/font?{%22url%22:%22https:/[39m[33m/[39mfonts[33m.[39mgstatic[33m.[39mcom[33m/[39ms[33m/[39msourceserif4[33m/[39mv14[33m/[39mvEFF2_tTDB4M7[33m-[39mauWDN0ahZJW3IX2ih5nk3AucvUHf6kDnr4Y3qwzSEi[33m.[39mwoff2[33m%[39m[35m22[39m[33m,[39m[33m%[39m[35m22[39mpreload[33m%[39m[35m22[39m[33m:[39m[36mfalse[39m[33m,[39m[33m%[39m[35m22[39mhas_size_adjust[33m%[39m[35m22[39m[33m:[39m[36mtrue[39m}) format([32m'woff2'[39m)[33m;[39m
[31m[1m>[22m[39m[90m 296 |[39m   unicode[33m-[39mrange[33m:[39m [33mU[39m[33m+[39m[35m0370[39m[33m-[39m[35m0377[39m[33m,[39m [33mU[39m[33m+[39m[35m037[39m[33mA[39m[33m-[39m[35m037[39m[33mF[39m[33m,[39m [33mU[39m[33m+[39m[35m0384[39m[33m-[39m[35m038[39m[33mA[39m[33m,[39m [33mU[39m[33m+[39m[35m038[39m[33mC[39m[33m,[39m [33mU[39m[33m+[39m[35m038E-03[39m[33mA1[39m[33m,[39m [33mU[39m[33m+[39m[35m03[39m[33mA3[39m[33m-[39m[35m03[39m[33mFF[39m[33m;[39m
 [90m     |[39m         [31m[1m^[22m[39m
 [90m 297 |[39m }
 [90m 298 |[39m [90m/* vietnamese */[39m
 [90m 299 |[39m [33m@[39mfont[33m-[39mface {[0m

Import map: Resolved by import map


Import trace:
  Server Component:
    [next]/internal/font/google/source_serif_4_429a5bdf.module.css
    [next]/internal/font/google/source_serif_4_429a5bdf.js
    ./Egale-Swift/Egale-Swift-Website/app/layout.tsx

https://nextjs.org/docs/messages/module-not-found


[next]/internal/font/google/source_serif_4_429a5bdf.module.css:305:9
Module not found: Can't resolve '@vercel/turbopack-next/internal/font/google/font'
[0m [90m 303 |[39m   font[33m-[39mdisplay[33m:[39m swap[33m;[39m
 [90m 304 |[39m   src[33m:[39m url([33m@[39mvercel[33m/[39mturbopack[33m-[39mnext[33m/[39minternal[33m/[39mfont[33m/[39mgoogle[35m/font?{%22url%22:%22https:/[39m[33m/[39mfonts[33m.[39mgstatic[33m.[39mcom[33m/[39ms[33m/[39msourceserif4[33m/[39mv14[33m/[39mvEFF2_tTDB4M7[33m-[39mauWDN0ahZJW3IX2ih5nk3AucvUHf6kAnr4Y3qwzSEi[33m.[39mwoff2[33m%[39m[35m22[39m[33m,[39m[33m%[39m[35m22[39mpreload[33m%[39m[35m22[39m[33m:[39m[36mfalse[39m[33m,[39m[33m%[39m[35m22[39mhas_size_adjust[33m%[39m[35m22[39m[33m:[39m[36mtrue[39m}) format([32m'woff2'[39m)[33m;[39m
[31m[1m>[22m[39m[90m 305 |[39m   unicode[33m-[39mrange[33m:[39m [33mU[39m[33m+[39m[35m0102[39m[33m-[39m[35m0103[39m[33m,[39m [33mU[39m[33m+[39m[35m0110[39m[33m-[39m[35m0111[39m[33m,[39m [33mU[39m[33m+[39m[35m0128[39m[33m-[39m[35m0129[39m[33m,[39m [33mU[39m[33m+[39m[35m0168[39m[33m-[39m[35m0169[39m[33m,[39m [33mU[39m[33m+[39m[35m01[39m[33mA0[39m[33m-[39m[35m01[39m[33mA1[39m[33m,[39m [33mU[39m[33m+[39m[35m01[39m[33mAF[39m[33m-[39m[35m01[39m[33mB0[39m[33m,[39m [33mU[39m[33m+[39m[35m0300[39m[33m-[39m[35m0301[39m[33m,[39m [33mU[39m[33m+[39m[35m0303[39m[33m-[39m[35m0304[39m[33m,[39m [33mU[39m[33m+[39m[35m0308[39m[33m-[39m[35m0309[39m[33m,[39m [33mU[39m[33m+[39m[35m0323[39m[33m,[39m [33mU[39m[33m+[39m[35m0329[39m[33m,[39m [33mU[39m[33m+[39m[35m1[39m[33mEA0[39m[33m-[39m[35m1[39m[33mEF9[39m[33m,[39m [33mU[39m[33m+[39m[35m20[39m[33mAB[39m[33m;[39m
 [90m     |[39m         [31m[1m^[22m[39m
 [90m 306 |[39m }
 [90m 307 |[39m [90m/* latin-ext */[39m
 [90m 308 |[39m [33m@[39mfont[33m-[39mface {[0m

Import map: Resolved by import map


Import trace:
  Server Component:
    [next]/internal/font/google/source_serif_4_429a5bdf.module.css
    [next]/internal/font/google/source_serif_4_429a5bdf.js
    ./Egale-Swift/Egale-Swift-Website/app/layout.tsx

https://nextjs.org/docs/messages/module-not-found


[next]/internal/font/google/source_serif_4_429a5bdf.module.css:314:9
Module not found: Can't resolve '@vercel/turbopack-next/internal/font/google/font'
[0m [90m 312 |[39m   font[33m-[39mdisplay[33m:[39m swap[33m;[39m
 [90m 313 |[39m   src[33m:[39m url([33m@[39mvercel[33m/[39mturbopack[33m-[39mnext[33m/[39minternal[33m/[39mfont[33m/[39mgoogle[35m/font?{%22url%22:%22https:/[39m[33m/[39mfonts[33m.[39mgstatic[33m.[39mcom[33m/[39ms[33m/[39msourceserif4[33m/[39mv14[33m/[39mvEFF2_tTDB4M7[33m-[39mauWDN0ahZJW3IX2ih5nk3AucvUHf6kA3r4Y3qwzSEi[33m.[39mwoff2[33m%[39m[35m22[39m[33m,[39m[33m%[39m[35m22[39mpreload[33m%[39m[35m22[39m[33m:[39m[36mfalse[39m[33m,[39m[33m%[39m[35m22[39mhas_size_adjust[33m%[39m[35m22[39m[33m:[39m[36mtrue[39m}) format([32m'woff2'[39m)[33m;[39m
[31m[1m>[22m[39m[90m 314 |[39m   unicode[33m-[39mrange[33m:[39m [33mU[39m[33m+[39m[35m0100[39m[33m-[39m[35m02[39m[33mBA[39m[33m,[39m [33mU[39m[33m+[39m[35m02[39m[33mBD[39m[33m-[39m[35m02[39m[33mC5[39m[33m,[39m [33mU[39m[33m+[39m[35m02[39m[33mC7[39m[33m-[39m[35m02[39m[33mCC[39m[33m,[39m [33mU[39m[33m+[39m[35m02[39m[33mCE[39m[33m-[39m[35m02[39m[33mD7[39m[33m,[39m [33mU[39m[33m+[39m[35m02[39m[33mDD[39m[33m-[39m[35m02[39m[33mFF[39m[33m,[39m [33mU[39m[33m+[39m[35m0304[39m[33m,[39m [33mU[39m[33m+[39m[35m0308[39m[33m,[39m [33mU[39m[33m+[39m[35m0329[39m[33m,[39m [33mU[39m[33m+[39m[35m1[39m[33mD00[39m[33m-[39m[35m1[39m[33mDBF[39m[33m,[39m [33mU[39m[33m+[39m[35m1E00[39m[33m-[39m[35m1E9[39m[33mF[39m[33m,[39m [33mU[39m[33m+[39m[35m1[39m[33mEF2[39m[33m-[39m[35m1[39m[33mEFF[39m[33m,[39m [33mU[39m[33m+[39m[35m2020[39m[33m,[39m [33mU[39m[33m+[39m[35m20[39m[33mA0[39m[33m-[39m[35m20[39m[33mAB[39m[33m,[39m [33mU[39m[33m+[39m[35m20[39m[33mAD[39m[33m-[39m[35m20[39m[33mC0[39m[33m,[39m [33mU[39m[33m+[39m[35m2113[39m[33m,[39m [33mU[39m[33m+[39m[35m2[39m[33mC60[39m[33m-[39m[35m2[39m[33mC7F[39m[33m,[39m [33mU[39m[33m+[39m[33mA720[39m[33m-[39m[33mA7FF[39m[33m;[39m
 [90m     |[39m         [31m[1m^[22m[39m
 [90m 315 |[39m }
 [90m 316 |[39m [90m/* latin */[39m
 [90m 317 |[39m [33m@[39mfont[33m-[39mface {[0m

Import map: Resolved by import map


Import trace:
  Server Component:
    [next]/internal/font/google/source_serif_4_429a5bdf.module.css
    [next]/internal/font/google/source_serif_4_429a5bdf.js
    ./Egale-Swift/Egale-Swift-Website/app/layout.tsx

https://nextjs.org/docs/messages/module-not-found


[next]/internal/font/google/source_serif_4_429a5bdf.module.css:323:9
Module not found: Can't resolve '@vercel/turbopack-next/internal/font/google/font'
[0m [90m 321 |[39m   font[33m-[39mdisplay[33m:[39m swap[33m;[39m
 [90m 322 |[39m   src[33m:[39m url([33m@[39mvercel[33m/[39mturbopack[33m-[39mnext[33m/[39minternal[33m/[39mfont[33m/[39mgoogle[35m/font?{%22url%22:%22https:/[39m[33m/[39mfonts[33m.[39mgstatic[33m.[39mcom[33m/[39ms[33m/[39msourceserif4[33m/[39mv14[33m/[39mvEFF2_tTDB4M7[33m-[39mauWDN0ahZJW3IX2ih5nk3AucvUHf6kDXr4Y3qwzQ[33m.[39mwoff2[33m%[39m[35m22[39m[33m,[39m[33m%[39m[35m22[39mpreload[33m%[39m[35m22[39m[33m:[39m[36mtrue[39m[33m,[39m[33m%[39m[35m22[39mhas_size_adjust[33m%[39m[35m22[39m[33m:[39m[36mtrue[39m}) format([32m'woff2'[39m)[33m;[39m
[31m[1m>[22m[39m[90m 323 |[39m   unicode[33m-[39mrange[33m:[39m [33mU[39m[33m+[39m[35m0000[39m[33m-[39m[35m00[39m[33mFF[39m[33m,[39m [33mU[39m[33m+[39m[35m0131[39m[33m,[39m [33mU[39m[33m+[39m[35m0152[39m[33m-[39m[35m0153[39m[33m,[39m [33mU[39m[33m+[39m[35m02[39m[33mBB[39m[33m-[39m[35m02[39m[33mBC[39m[33m,[39m [33mU[39m[33m+[39m[35m02[39m[33mC6[39m[33m,[39m [33mU[39m[33m+[39m[35m02[39m[33mDA[39m[33m,[39m [33mU[39m[33m+[39m[35m02[39m[33mDC[39m[33m,[39m [33mU[39m[33m+[39m[35m0304[39m[33m,[39m [33mU[39m[33m+[39m[35m0308[39m[33m,[39m [33mU[39m[33m+[39m[35m0329[39m[33m,[39m [33mU[39m[33m+[39m[35m2000[39m[33m-[39m[35m206[39m[33mF[39m[33m,[39m [33mU[39m[33m+[39m[35m20[39m[33mAC[39m[33m,[39m [33mU[39m[33m+[39m[35m2122[39m[33m,[39m [33mU[39m[33m+[39m[35m2191[39m[33m,[39m [33mU[39m[33m+[39m[35m2193[39m[33m,[39m [33mU[39m[33m+[39m[35m2212[39m[33m,[39m [33mU[39m[33m+[39m[35m2215[39m[33m,[39m [33mU[39m[33m+[39m[33mFEFF[39m[33m,[39m [33mU[39m[33m+[39m[33mFFFD[39m[33m;[39m
 [90m     |[39m         [31m[1m^[22m[39m
 [90m 324 |[39m }
 [90m 325 |[39m [90m/* cyrillic-ext */[39m
 [90m 326 |[39m [33m@[39mfont[33m-[39mface {[0m

Import map: Resolved by import map


Import trace:
  Server Component:
    [next]/internal/font/google/source_serif_4_429a5bdf.module.css
    [next]/internal/font/google/source_serif_4_429a5bdf.js
    ./Egale-Swift/Egale-Swift-Website/app/layout.tsx

https://nextjs.org/docs/messages/module-not-found


[next]/internal/font/google/source_serif_4_429a5bdf.module.css:332:9
Module not found: Can't resolve '@vercel/turbopack-next/internal/font/google/font'
[0m [90m 330 |[39m   font[33m-[39mdisplay[33m:[39m swap[33m;[39m
 [90m 331 |[39m   src[33m:[39m url([33m@[39mvercel[33m/[39mturbopack[33m-[39mnext[33m/[39minternal[33m/[39mfont[33m/[39mgoogle[35m/font?{%22url%22:%22https:/[39m[33m/[39mfonts[33m.[39mgstatic[33m.[39mcom[33m/[39ms[33m/[39msourceserif4[33m/[39mv14[33m/[39mvEFF2_tTDB4M7[33m-[39mauWDN0ahZJW3IX2ih5nk3AucvUHf6kAHr4Y3qwzSEi[33m.[39mwoff2[33m%[39m[35m22[39m[33m,[39m[33m%[39m[35m22[39mpreload[33m%[39m[35m22[39m[33m:[39m[36mfalse[39m[33m,[39m[33m%[39m[35m22[39mhas_size_adjust[33m%[39m[35m22[39m[33m:[39m[36mtrue[39m}) format([32m'woff2'[39m)[33m;[39m
[31m[1m>[22m[39m[90m 332 |[39m   unicode[33m-[39mrange[33m:[39m [33mU[39m[33m+[39m[35m0460[39m[33m-[39m[35m052[39m[33mF[39m[33m,[39m [33mU[39m[33m+[39m[35m1[39m[33mC80[39m[33m-[39m[35m1[39m[33mC8A[39m[33m,[39m [33mU[39m[33m+[39m[35m20[39m[33mB4[39m[33m,[39m [33mU[39m[33m+[39m[35m2[39m[33mDE0[39m[33m-[39m[35m2[39m[33mDFF[39m[33m,[39m [33mU[39m[33m+[39m[33mA640[39m[33m-[39m[33mA69F[39m[33m,[39m [33mU[39m[33m+[39m[33mFE2E[39m[33m-[39m[33mFE2F[39m[33m;[39m
 [90m     |[39m         [31m[1m^[22m[39m
 [90m 333 |[39m }
 [90m 334 |[39m [90m/* cyrillic */[39m
 [90m 335 |[39m [33m@[39mfont[33m-[39mface {[0m

Import map: Resolved by import map


Import trace:
  Server Component:
    [next]/internal/font/google/source_serif_4_429a5bdf.module.css
    [next]/internal/font/google/source_serif_4_429a5bdf.js
    ./Egale-Swift/Egale-Swift-Website/app/layout.tsx

https://nextjs.org/docs/messages/module-not-found


[next]/internal/font/google/source_serif_4_429a5bdf.module.css:341:9
Module not found: Can't resolve '@vercel/turbopack-next/internal/font/google/font'
[0m [90m 339 |[39m   font[33m-[39mdisplay[33m:[39m swap[33m;[39m
 [90m 340 |[39m   src[33m:[39m url([33m@[39mvercel[33m/[39mturbopack[33m-[39mnext[33m/[39minternal[33m/[39mfont[33m/[39mgoogle[35m/font?{%22url%22:%22https:/[39m[33m/[39mfonts[33m.[39mgstatic[33m.[39mcom[33m/[39ms[33m/[39msourceserif4[33m/[39mv14[33m/[39mvEFF2_tTDB4M7[33m-[39mauWDN0ahZJW3IX2ih5nk3AucvUHf6kCXr4Y3qwzSEi[33m.[39mwoff2[33m%[39m[35m22[39m[33m,[39m[33m%[39m[35m22[39mpreload[33m%[39m[35m22[39m[33m:[39m[36mfalse[39m[33m,[39m[33m%[39m[35m22[39mhas_size_adjust[33m%[39m[35m22[39m[33m:[39m[36mtrue[39m}) format([32m'woff2'[39m)[33m;[39m
[31m[1m>[22m[39m[90m 341 |[39m   unicode[33m-[39mrange[33m:[39m [33mU[39m[33m+[39m[35m0301[39m[33m,[39m [33mU[39m[33m+[39m[35m0400[39m[33m-[39m[35m045[39m[33mF[39m[33m,[39m [33mU[39m[33m+[39m[35m0490[39m[33m-[39m[35m0491[39m[33m,[39m [33mU[39m[33m+[39m[35m04[39m[33mB0[39m[33m-[39m[35m04[39m[33mB1[39m[33m,[39m [33mU[39m[33m+[39m[35m2116[39m[33m;[39m
 [90m     |[39m         [31m[1m^[22m[39m
 [90m 342 |[39m }
 [90m 343 |[39m [90m/* greek */[39m
 [90m 344 |[39m [33m@[39mfont[33m-[39mface {[0m

Import map: Resolved by import map


Import trace:
  Server Component:
    [next]/internal/font/google/source_serif_4_429a5bdf.module.css
    [next]/internal/font/google/source_serif_4_429a5bdf.js
    ./Egale-Swift/Egale-Swift-Website/app/layout.tsx

https://nextjs.org/docs/messages/module-not-found


[next]/internal/font/google/source_serif_4_429a5bdf.module.css:350:9
Module not found: Can't resolve '@vercel/turbopack-next/internal/font/google/font'
[0m [90m 348 |[39m   font[33m-[39mdisplay[33m:[39m swap[33m;[39m
 [90m 349 |[39m   src[33m:[39m url([33m@[39mvercel[33m/[39mturbopack[33m-[39mnext[33m/[39minternal[33m/[39mfont[33m/[39mgoogle[35m/font?{%22url%22:%22https:/[39m[33m/[39mfonts[33m.[39mgstatic[33m.[39mcom[33m/[39ms[33m/[39msourceserif4[33m/[39mv14[33m/[39mvEFF2_tTDB4M7[33m-[39mauWDN0ahZJW3IX2ih5nk3AucvUHf6kDnr4Y3qwzSEi[33m.[39mwoff2[33m%[39m[35m22[39m[33m,[39m[33m%[39m[35m22[39mpreload[33m%[39m[35m22[39m[33m:[39m[36mfalse[39m[33m,[39m[33m%[39m[35m22[39mhas_size_adjust[33m%[39m[35m22[39m[33m:[39m[36mtrue[39m}) format([32m'woff2'[39m)[33m;[39m
[31m[1m>[22m[39m[90m 350 |[39m   unicode[33m-[39mrange[33m:[39m [33mU[39m[33m+[39m[35m0370[39m[33m-[39m[35m0377[39m[33m,[39m [33mU[39m[33m+[39m[35m037[39m[33mA[39m[33m-[39m[35m037[39m[33mF[39m[33m,[39m [33mU[39m[33m+[39m[35m0384[39m[33m-[39m[35m038[39m[33mA[39m[33m,[39m [33mU[39m[33m+[39m[35m038[39m[33mC[39m[33m,[39m [33mU[39m[33m+[39m[35m038E-03[39m[33mA1[39m[33m,[39m [33mU[39m[33m+[39m[35m03[39m[33mA3[39m[33m-[39m[35m03[39m[33mFF[39m[33m;[39m
 [90m     |[39m         [31m[1m^[22m[39m
 [90m 351 |[39m }
 [90m 352 |[39m [90m/* vietnamese */[39m
 [90m 353 |[39m [33m@[39mfont[33m-[39mface {[0m

Import map: Resolved by import map


Import trace:
  Server Component:
    [next]/internal/font/google/source_serif_4_429a5bdf.module.css
    [next]/internal/font/google/source_serif_4_429a5bdf.js
    ./Egale-Swift/Egale-Swift-Website/app/layout.tsx

https://nextjs.org/docs/messages/module-not-found


[next]/internal/font/google/source_serif_4_429a5bdf.module.css:359:9
Module not found: Can't resolve '@vercel/turbopack-next/internal/font/google/font'
[0m [90m 357 |[39m   font[33m-[39mdisplay[33m:[39m swap[33m;[39m
 [90m 358 |[39m   src[33m:[39m url([33m@[39mvercel[33m/[39mturbopack[33m-[39mnext[33m/[39minternal[33m/[39mfont[33m/[39mgoogle[35m/font?{%22url%22:%22https:/[39m[33m/[39mfonts[33m.[39mgstatic[33m.[39mcom[33m/[39ms[33m/[39msourceserif4[33m/[39mv14[33m/[39mvEFF2_tTDB4M7[33m-[39mauWDN0ahZJW3IX2ih5nk3AucvUHf6kAnr4Y3qwzSEi[33m.[39mwoff2[33m%[39m[35m22[39m[33m,[39m[33m%[39m[35m22[39mpreload[33m%[39m[35m22[39m[33m:[39m[36mfalse[39m[33m,[39m[33m%[39m[35m22[39mhas_size_adjust[33m%[39m[35m22[39m[33m:[39m[36mtrue[39m}) format([32m'woff2'[39m)[33m;[39m
[31m[1m>[22m[39m[90m 359 |[39m   unicode[33m-[39mrange[33m:[39m [33mU[39m[33m+[39m[35m0102[39m[33m-[39m[35m0103[39m[33m,[39m [33mU[39m[33m+[39m[35m0110[39m[33m-[39m[35m0111[39m[33m,[39m [33mU[39m[33m+[39m[35m0128[39m[33m-[39m[35m0129[39m[33m,[39m [33mU[39m[33m+[39m[35m0168[39m[33m-[39m[35m0169[39m[33m,[39m [33mU[39m[33m+[39m[35m01[39m[33mA0[39m[33m-[39m[35m01[39m[33mA1[39m[33m,[39m [33mU[39m[33m+[39m[35m01[39m[33mAF[39m[33m-[39m[35m01[39m[33mB0[39m[33m,[39m [33mU[39m[33m+[39m[35m0300[39m[33m-[39m[35m0301[39m[33m,[39m [33mU[39m[33m+[39m[35m0303[39m[33m-[39m[35m0304[39m[33m,[39m [33mU[39m[33m+[39m[35m0308[39m[33m-[39m[35m0309[39m[33m,[39m [33mU[39m[33m+[39m[35m0323[39m[33m,[39m [33mU[39m[33m+[39m[35m0329[39m[33m,[39m [33mU[39m[33m+[39m[35m1[39m[33mEA0[39m[33m-[39m[35m1[39m[33mEF9[39m[33m,[39m [33mU[39m[33m+[39m[35m20[39m[33mAB[39m[33m;[39m
 [90m     |[39m         [31m[1m^[22m[39m
 [90m 360 |[39m }
 [90m 361 |[39m [90m/* latin-ext */[39m
 [90m 362 |[39m [33m@[39mfont[33m-[39mface {[0m

Import map: Resolved by import map


Import trace:
  Server Component:
    [next]/internal/font/google/source_serif_4_429a5bdf.module.css
    [next]/internal/font/google/source_serif_4_429a5bdf.js
    ./Egale-Swift/Egale-Swift-Website/app/layout.tsx

https://nextjs.org/docs/messages/module-not-found


[next]/internal/font/google/source_serif_4_429a5bdf.module.css:368:9
Module not found: Can't resolve '@vercel/turbopack-next/internal/font/google/font'
[0m [90m 366 |[39m   font[33m-[39mdisplay[33m:[39m swap[33m;[39m
 [90m 367 |[39m   src[33m:[39m url([33m@[39mvercel[33m/[39mturbopack[33m-[39mnext[33m/[39minternal[33m/[39mfont[33m/[39mgoogle[35m/font?{%22url%22:%22https:/[39m[33m/[39mfonts[33m.[39mgstatic[33m.[39mcom[33m/[39ms[33m/[39msourceserif4[33m/[39mv14[33m/[39mvEFF2_tTDB4M7[33m-[39mauWDN0ahZJW3IX2ih5nk3AucvUHf6kA3r4Y3qwzSEi[33m.[39mwoff2[33m%[39m[35m22[39m[33m,[39m[33m%[39m[35m22[39mpreload[33m%[39m[35m22[39m[33m:[39m[36mfalse[39m[33m,[39m[33m%[39m[35m22[39mhas_size_adjust[33m%[39m[35m22[39m[33m:[39m[36mtrue[39m}) format([32m'woff2'[39m)[33m;[39m
[31m[1m>[22m[39m[90m 368 |[39m   unicode[33m-[39mrange[33m:[39m [33mU[39m[33m+[39m[35m0100[39m[33m-[39m[35m02[39m[33mBA[39m[33m,[39m [33mU[39m[33m+[39m[35m02[39m[33mBD[39m[33m-[39m[35m02[39m[33mC5[39m[33m,[39m [33mU[39m[33m+[39m[35m02[39m[33mC7[39m[33m-[39m[35m02[39m[33mCC[39m[33m,[39m [33mU[39m[33m+[39m[35m02[39m[33mCE[39m[33m-[39m[35m02[39m[33mD7[39m[33m,[39m [33mU[39m[33m+[39m[35m02[39m[33mDD[39m[33m-[39m[35m02[39m[33mFF[39m[33m,[39m [33mU[39m[33m+[39m[35m0304[39m[33m,[39m [33mU[39m[33m+[39m[35m0308[39m[33m,[39m [33mU[39m[33m+[39m[35m0329[39m[33m,[39m [33mU[39m[33m+[39m[35m1[39m[33mD00[39m[33m-[39m[35m1[39m[33mDBF[39m[33m,[39m [33mU[39m[33m+[39m[35m1E00[39m[33m-[39m[35m1E9[39m[33mF[39m[33m,[39m [33mU[39m[33m+[39m[35m1[39m[33mEF2[39m[33m-[39m[35m1[39m[33mEFF[39m[33m,[39m [33mU[39m[33m+[39m[35m2020[39m[33m,[39m [33mU[39m[33m+[39m[35m20[39m[33mA0[39m[33m-[39m[35m20[39m[33mAB[39m[33m,[39m [33mU[39m[33m+[39m[35m20[39m[33mAD[39m[33m-[39m[35m20[39m[33mC0[39m[33m,[39m [33mU[39m[33m+[39m[35m2113[39m[33m,[39m [33mU[39m[33m+[39m[35m2[39m[33mC60[39m[33m-[39m[35m2[39m[33mC7F[39m[33m,[39m [33mU[39m[33m+[39m[33mA720[39m[33m-[39m[33mA7FF[39m[33m;[39m
 [90m     |[39m         [31m[1m^[22m[39m
 [90m 369 |[39m }
 [90m 370 |[39m [90m/* latin */[39m
 [90m 371 |[39m [33m@[39mfont[33m-[39mface {[0m

Import map: Resolved by import map


Import trace:
  Server Component:
    [next]/internal/font/google/source_serif_4_429a5bdf.module.css
    [next]/internal/font/google/source_serif_4_429a5bdf.js
    ./Egale-Swift/Egale-Swift-Website/app/layout.tsx

https://nextjs.org/docs/messages/module-not-found


[next]/internal/font/google/source_serif_4_429a5bdf.module.css:377:9
Module not found: Can't resolve '@vercel/turbopack-next/internal/font/google/font'
[0m [90m 375 |[39m   font[33m-[39mdisplay[33m:[39m swap[33m;[39m
 [90m 376 |[39m   src[33m:[39m url([33m@[39mvercel[33m/[39mturbopack[33m-[39mnext[33m/[39minternal[33m/[39mfont[33m/[39mgoogle[35m/font?{%22url%22:%22https:/[39m[33m/[39mfonts[33m.[39mgstatic[33m.[39mcom[33m/[39ms[33m/[39msourceserif4[33m/[39mv14[33m/[39mvEFF2_tTDB4M7[33m-[39mauWDN0ahZJW3IX2ih5nk3AucvUHf6kDXr4Y3qwzQ[33m.[39mwoff2[33m%[39m[35m22[39m[33m,[39m[33m%[39m[35m22[39mpreload[33m%[39m[35m22[39m[33m:[39m[36mtrue[39m[33m,[39m[33m%[39m[35m22[39mhas_size_adjust[33m%[39m[35m22[39m[33m:[39m[36mtrue[39m}) format([32m'woff2'[39m)[33m;[39m
[31m[1m>[22m[39m[90m 377 |[39m   unicode[33m-[39mrange[33m:[39m [33mU[39m[33m+[39m[35m0000[39m[33m-[39m[35m00[39m[33mFF[39m[33m,[39m [33mU[39m[33m+[39m[35m0131[39m[33m,[39m [33mU[39m[33m+[39m[35m0152[39m[33m-[39m[35m0153[39m[33m,[39m [33mU[39m[33m+[39m[35m02[39m[33mBB[39m[33m-[39m[35m02[39m[33mBC[39m[33m,[39m [33mU[39m[33m+[39m[35m02[39m[33mC6[39m[33m,[39m [33mU[39m[33m+[39m[35m02[39m[33mDA[39m[33m,[39m [33mU[39m[33m+[39m[35m02[39m[33mDC[39m[33m,[39m [33mU[39m[33m+[39m[35m0304[39m[33m,[39m [33mU[39m[33m+[39m[35m0308[39m[33m,[39m [33mU[39m[33m+[39m[35m0329[39m[33m,[39m [33mU[39m[33m+[39m[35m2000[39m[33m-[39m[35m206[39m[33mF[39m[33m,[39m [33mU[39m[33m+[39m[35m20[39m[33mAC[39m[33m,[39m [33mU[39m[33m+[39m[35m2122[39m[33m,[39m [33mU[39m[33m+[39m[35m2191[39m[33m,[39m [33mU[39m[33m+[39m[35m2193[39m[33m,[39m [33mU[39m[33m+[39m[35m2212[39m[33m,[39m [33mU[39m[33m+[39m[35m2215[39m[33m,[39m [33mU[39m[33m+[39m[33mFEFF[39m[33m,[39m [33mU[39m[33m+[39m[33mFFFD[39m[33m;[39m
 [90m     |[39m         [31m[1m^[22m[39m
 [90m 378 |[39m }
 [90m 379 |[39m [90m/* cyrillic-ext */[39m
 [90m 380 |[39m [33m@[39mfont[33m-[39mface {[0m

Import map: Resolved by import map


Import trace:
  Server Component:
    [next]/internal/font/google/source_serif_4_429a5bdf.module.css
    [next]/internal/font/google/source_serif_4_429a5bdf.js
    ./Egale-Swift/Egale-Swift-Website/app/layout.tsx

https://nextjs.org/docs/messages/module-not-found


[next]/internal/font/google/source_serif_4_429a5bdf.module.css:386:9
Module not found: Can't resolve '@vercel/turbopack-next/internal/font/google/font'
[0m [90m 384 |[39m   font[33m-[39mdisplay[33m:[39m swap[33m;[39m
 [90m 385 |[39m   src[33m:[39m url([33m@[39mvercel[33m/[39mturbopack[33m-[39mnext[33m/[39minternal[33m/[39mfont[33m/[39mgoogle[35m/font?{%22url%22:%22https:/[39m[33m/[39mfonts[33m.[39mgstatic[33m.[39mcom[33m/[39ms[33m/[39msourceserif4[33m/[39mv14[33m/[39mvEFF2_tTDB4M7[33m-[39mauWDN0ahZJW3IX2ih5nk3AucvUHf6kAHr4Y3qwzSEi[33m.[39mwoff2[33m%[39m[35m22[39m[33m,[39m[33m%[39m[35m22[39mpreload[33m%[39m[35m22[39m[33m:[39m[36mfalse[39m[33m,[39m[33m%[39m[35m22[39mhas_size_adjust[33m%[39m[35m22[39m[33m:[39m[36mtrue[39m}) format([32m'woff2'[39m)[33m;[39m
[31m[1m>[22m[39m[90m 386 |[39m   unicode[33m-[39mrange[33m:[39m [33mU[39m[33m+[39m[35m0460[39m[33m-[39m[35m052[39m[33mF[39m[33m,[39m [33mU[39m[33m+[39m[35m1[39m[33mC80[39m[33m-[39m[35m1[39m[33mC8A[39m[33m,[39m [33mU[39m[33m+[39m[35m20[39m[33mB4[39m[33m,[39m [33mU[39m[33m+[39m[35m2[39m[33mDE0[39m[33m-[39m[35m2[39m[33mDFF[39m[33m,[39m [33mU[39m[33m+[39m[33mA640[39m[33m-[39m[33mA69F[39m[33m,[39m [33mU[39m[33m+[39m[33mFE2E[39m[33m-[39m[33mFE2F[39m[33m;[39m
 [90m     |[39m         [31m[1m^[22m[39m
 [90m 387 |[39m }
 [90m 388 |[39m [90m/* cyrillic */[39m
 [90m 389 |[39m [33m@[39mfont[33m-[39mface {[0m

Import map: Resolved by import map


Import trace:
  Server Component:
    [next]/internal/font/google/source_serif_4_429a5bdf.module.css
    [next]/internal/font/google/source_serif_4_429a5bdf.js
    ./Egale-Swift/Egale-Swift-Website/app/layout.tsx

https://nextjs.org/docs/messages/module-not-found


[next]/internal/font/google/source_serif_4_429a5bdf.module.css:395:9
Module not found: Can't resolve '@vercel/turbopack-next/internal/font/google/font'
[0m [90m 393 |[39m   font[33m-[39mdisplay[33m:[39m swap[33m;[39m
 [90m 394 |[39m   src[33m:[39m url([33m@[39mvercel[33m/[39mturbopack[33m-[39mnext[33m/[39minternal[33m/[39mfont[33m/[39mgoogle[35m/font?{%22url%22:%22https:/[39m[33m/[39mfonts[33m.[39mgstatic[33m.[39mcom[33m/[39ms[33m/[39msourceserif4[33m/[39mv14[33m/[39mvEFF2_tTDB4M7[33m-[39mauWDN0ahZJW3IX2ih5nk3AucvUHf6kCXr4Y3qwzSEi[33m.[39mwoff2[33m%[39m[35m22[39m[33m,[39m[33m%[39m[35m22[39mpreload[33m%[39m[35m22[39m[33m:[39m[36mfalse[39m[33m,[39m[33m%[39m[35m22[39mhas_size_adjust[33m%[39m[35m22[39m[33m:[39m[36mtrue[39m}) format([32m'woff2'[39m)[33m;[39m
[31m[1m>[22m[39m[90m 395 |[39m   unicode[33m-[39mrange[33m:[39m [33mU[39m[33m+[39m[35m0301[39m[33m,[39m [33mU[39m[33m+[39m[35m0400[39m[33m-[39m[35m045[39m[33mF[39m[33m,[39m [33mU[39m[33m+[39m[35m0490[39m[33m-[39m[35m0491[39m[33m,[39m [33mU[39m[33m+[39m[35m04[39m[33mB0[39m[33m-[39m[35m04[39m[33mB1[39m[33m,[39m [33mU[39m[33m+[39m[35m2116[39m[33m;[39m
 [90m     |[39m         [31m[1m^[22m[39m
 [90m 396 |[39m }
 [90m 397 |[39m [90m/* greek */[39m
 [90m 398 |[39m [33m@[39mfont[33m-[39mface {[0m

Import map: Resolved by import map


Import trace:
  Server Component:
    [next]/internal/font/google/source_serif_4_429a5bdf.module.css
    [next]/internal/font/google/source_serif_4_429a5bdf.js
    ./Egale-Swift/Egale-Swift-Website/app/layout.tsx

https://nextjs.org/docs/messages/module-not-found


[next]/internal/font/google/source_serif_4_429a5bdf.module.css:404:9
Module not found: Can't resolve '@vercel/turbopack-next/internal/font/google/font'
[0m [90m 402 |[39m   font[33m-[39mdisplay[33m:[39m swap[33m;[39m
 [90m 403 |[39m   src[33m:[39m url([33m@[39mvercel[33m/[39mturbopack[33m-[39mnext[33m/[39minternal[33m/[39mfont[33m/[39mgoogle[35m/font?{%22url%22:%22https:/[39m[33m/[39mfonts[33m.[39mgstatic[33m.[39mcom[33m/[39ms[33m/[39msourceserif4[33m/[39mv14[33m/[39mvEFF2_tTDB4M7[33m-[39mauWDN0ahZJW3IX2ih5nk3AucvUHf6kDnr4Y3qwzSEi[33m.[39mwoff2[33m%[39m[35m22[39m[33m,[39m[33m%[39m[35m22[39mpreload[33m%[39m[35m22[39m[33m:[39m[36mfalse[39m[33m,[39m[33m%[39m[35m22[39mhas_size_adjust[33m%[39m[35m22[39m[33m:[39m[36mtrue[39m}) format([32m'woff2'[39m)[33m;[39m
[31m[1m>[22m[39m[90m 404 |[39m   unicode[33m-[39mrange[33m:[39m [33mU[39m[33m+[39m[35m0370[39m[33m-[39m[35m0377[39m[33m,[39m [33mU[39m[33m+[39m[35m037[39m[33mA[39m[33m-[39m[35m037[39m[33mF[39m[33m,[39m [33mU[39m[33m+[39m[35m0384[39m[33m-[39m[35m038[39m[33mA[39m[33m,[39m [33mU[39m[33m+[39m[35m038[39m[33mC[39m[33m,[39m [33mU[39m[33m+[39m[35m038E-03[39m[33mA1[39m[33m,[39m [33mU[39m[33m+[39m[35m03[39m[33mA3[39m[33m-[39m[35m03[39m[33mFF[39m[33m;[39m
 [90m     |[39m         [31m[1m^[22m[39m
 [90m 405 |[39m }
 [90m 406 |[39m [90m/* vietnamese */[39m
 [90m 407 |[39m [33m@[39mfont[33m-[39mface {[0m

Import map: Resolved by import map


Import trace:
  Server Component:
    [next]/internal/font/google/source_serif_4_429a5bdf.module.css
    [next]/internal/font/google/source_serif_4_429a5bdf.js
    ./Egale-Swift/Egale-Swift-Website/app/layout.tsx

https://nextjs.org/docs/messages/module-not-found


[next]/internal/font/google/source_serif_4_429a5bdf.module.css:413:9
Module not found: Can't resolve '@vercel/turbopack-next/internal/font/google/font'
[0m [90m 411 |[39m   font[33m-[39mdisplay[33m:[39m swap[33m;[39m
 [90m 412 |[39m   src[33m:[39m url([33m@[39mvercel[33m/[39mturbopack[33m-[39mnext[33m/[39minternal[33m/[39mfont[33m/[39mgoogle[35m/font?{%22url%22:%22https:/[39m[33m/[39mfonts[33m.[39mgstatic[33m.[39mcom[33m/[39ms[33m/[39msourceserif4[33m/[39mv14[33m/[39mvEFF2_tTDB4M7[33m-[39mauWDN0ahZJW3IX2ih5nk3AucvUHf6kAnr4Y3qwzSEi[33m.[39mwoff2[33m%[39m[35m22[39m[33m,[39m[33m%[39m[35m22[39mpreload[33m%[39m[35m22[39m[33m:[39m[36mfalse[39m[33m,[39m[33m%[39m[35m22[39mhas_size_adjust[33m%[39m[35m22[39m[33m:[39m[36mtrue[39m}) format([32m'woff2'[39m)[33m;[39m
[31m[1m>[22m[39m[90m 413 |[39m   unicode[33m-[39mrange[33m:[39m [33mU[39m[33m+[39m[35m0102[39m[33m-[39m[35m0103[39m[33m,[39m [33mU[39m[33m+[39m[35m0110[39m[33m-[39m[35m0111[39m[33m,[39m [33mU[39m[33m+[39m[35m0128[39m[33m-[39m[35m0129[39m[33m,[39m [33mU[39m[33m+[39m[35m0168[39m[33m-[39m[35m0169[39m[33m,[39m [33mU[39m[33m+[39m[35m01[39m[33mA0[39m[33m-[39m[35m01[39m[33mA1[39m[33m,[39m [33mU[39m[33m+[39m[35m01[39m[33mAF[39m[33m-[39m[35m01[39m[33mB0[39m[33m,[39m [33mU[39m[33m+[39m[35m0300[39m[33m-[39m[35m0301[39m[33m,[39m [33mU[39m[33m+[39m[35m0303[39m[33m-[39m[35m0304[39m[33m,[39m [33mU[39m[33m+[39m[35m0308[39m[33m-[39m[35m0309[39m[33m,[39m [33mU[39m[33m+[39m[35m0323[39m[33m,[39m [33mU[39m[33m+[39m[35m0329[39m[33m,[39m [33mU[39m[33m+[39m[35m1[39m[33mEA0[39m[33m-[39m[35m1[39m[33mEF9[39m[33m,[39m [33mU[39m[33m+[39m[35m20[39m[33mAB[39m[33m;[39m
 [90m     |[39m         [31m[1m^[22m[39m
 [90m 414 |[39m }
 [90m 415 |[39m [90m/* latin-ext */[39m
 [90m 416 |[39m [33m@[39mfont[33m-[39mface {[0m

Import map: Resolved by import map


Import trace:
  Server Component:
    [next]/internal/font/google/source_serif_4_429a5bdf.module.css
    [next]/internal/font/google/source_serif_4_429a5bdf.js
    ./Egale-Swift/Egale-Swift-Website/app/layout.tsx

https://nextjs.org/docs/messages/module-not-found


[next]/internal/font/google/source_serif_4_429a5bdf.module.css:422:9
Module not found: Can't resolve '@vercel/turbopack-next/internal/font/google/font'
[0m [90m 420 |[39m   font[33m-[39mdisplay[33m:[39m swap[33m;[39m
 [90m 421 |[39m   src[33m:[39m url([33m@[39mvercel[33m/[39mturbopack[33m-[39mnext[33m/[39minternal[33m/[39mfont[33m/[39mgoogle[35m/font?{%22url%22:%22https:/[39m[33m/[39mfonts[33m.[39mgstatic[33m.[39mcom[33m/[39ms[33m/[39msourceserif4[33m/[39mv14[33m/[39mvEFF2_tTDB4M7[33m-[39mauWDN0ahZJW3IX2ih5nk3AucvUHf6kA3r4Y3qwzSEi[33m.[39mwoff2[33m%[39m[35m22[39m[33m,[39m[33m%[39m[35m22[39mpreload[33m%[39m[35m22[39m[33m:[39m[36mfalse[39m[33m,[39m[33m%[39m[35m22[39mhas_size_adjust[33m%[39m[35m22[39m[33m:[39m[36mtrue[39m}) format([32m'woff2'[39m)[33m;[39m
[31m[1m>[22m[39m[90m 422 |[39m   unicode[33m-[39mrange[33m:[39m [33mU[39m[33m+[39m[35m0100[39m[33m-[39m[35m02[39m[33mBA[39m[33m,[39m [33mU[39m[33m+[39m[35m02[39m[33mBD[39m[33m-[39m[35m02[39m[33mC5[39m[33m,[39m [33mU[39m[33m+[39m[35m02[39m[33mC7[39m[33m-[39m[35m02[39m[33mCC[39m[33m,[39m [33mU[39m[33m+[39m[35m02[39m[33mCE[39m[33m-[39m[35m02[39m[33mD7[39m[33m,[39m [33mU[39m[33m+[39m[35m02[39m[33mDD[39m[33m-[39m[35m02[39m[33mFF[39m[33m,[39m [33mU[39m[33m+[39m[35m0304[39m[33m,[39m [33mU[39m[33m+[39m[35m0308[39m[33m,[39m [33mU[39m[33m+[39m[35m0329[39m[33m,[39m [33mU[39m[33m+[39m[35m1[39m[33mD00[39m[33m-[39m[35m1[39m[33mDBF[39m[33m,[39m [33mU[39m[33m+[39m[35m1E00[39m[33m-[39m[35m1E9[39m[33mF[39m[33m,[39m [33mU[39m[33m+[39m[35m1[39m[33mEF2[39m[33m-[39m[35m1[39m[33mEFF[39m[33m,[39m [33mU[39m[33m+[39m[35m2020[39m[33m,[39m [33mU[39m[33m+[39m[35m20[39m[33mA0[39m[33m-[39m[35m20[39m[33mAB[39m[33m,[39m [33mU[39m[33m+[39m[35m20[39m[33mAD[39m[33m-[39m[35m20[39m[33mC0[39m[33m,[39m [33mU[39m[33m+[39m[35m2113[39m[33m,[39m [33mU[39m[33m+[39m[35m2[39m[33mC60[39m[33m-[39m[35m2[39m[33mC7F[39m[33m,[39m [33mU[39m[33m+[39m[33mA720[39m[33m-[39m[33mA7FF[39m[33m;[39m
 [90m     |[39m         [31m[1m^[22m[39m
 [90m 423 |[39m }
 [90m 424 |[39m [90m/* latin */[39m
 [90m 425 |[39m [33m@[39mfont[33m-[39mface {[0m

Import map: Resolved by import map


Import trace:
  Server Component:
    [next]/internal/font/google/source_serif_4_429a5bdf.module.css
    [next]/internal/font/google/source_serif_4_429a5bdf.js
    ./Egale-Swift/Egale-Swift-Website/app/layout.tsx

https://nextjs.org/docs/messages/module-not-found


[next]/internal/font/google/source_serif_4_429a5bdf.module.css:431:9
Module not found: Can't resolve '@vercel/turbopack-next/internal/font/google/font'
[0m [90m 429 |[39m   font[33m-[39mdisplay[33m:[39m swap[33m;[39m
 [90m 430 |[39m   src[33m:[39m url([33m@[39mvercel[33m/[39mturbopack[33m-[39mnext[33m/[39minternal[33m/[39mfont[33m/[39mgoogle[35m/font?{%22url%22:%22https:/[39m[33m/[39mfonts[33m.[39mgstatic[33m.[39mcom[33m/[39ms[33m/[39msourceserif4[33m/[39mv14[33m/[39mvEFF2_tTDB4M7[33m-[39mauWDN0ahZJW3IX2ih5nk3AucvUHf6kDXr4Y3qwzQ[33m.[39mwoff2[33m%[39m[35m22[39m[33m,[39m[33m%[39m[35m22[39mpreload[33m%[39m[35m22[39m[33m:[39m[36mtrue[39m[33m,[39m[33m%[39m[35m22[39mhas_size_adjust[33m%[39m[35m22[39m[33m:[39m[36mtrue[39m}) format([32m'woff2'[39m)[33m;[39m
[31m[1m>[22m[39m[90m 431 |[39m   unicode[33m-[39mrange[33m:[39m [33mU[39m[33m+[39m[35m0000[39m[33m-[39m[35m00[39m[33mFF[39m[33m,[39m [33mU[39m[33m+[39m[35m0131[39m[33m,[39m [33mU[39m[33m+[39m[35m0152[39m[33m-[39m[35m0153[39m[33m,[39m [33mU[39m[33m+[39m[35m02[39m[33mBB[39m[33m-[39m[35m02[39m[33mBC[39m[33m,[39m [33mU[39m[33m+[39m[35m02[39m[33mC6[39m[33m,[39m [33mU[39m[33m+[39m[35m02[39m[33mDA[39m[33m,[39m [33mU[39m[33m+[39m[35m02[39m[33mDC[39m[33m,[39m [33mU[39m[33m+[39m[35m0304[39m[33m,[39m [33mU[39m[33m+[39m[35m0308[39m[33m,[39m [33mU[39m[33m+[39m[35m0329[39m[33m,[39m [33mU[39m[33m+[39m[35m2000[39m[33m-[39m[35m206[39m[33mF[39m[33m,[39m [33mU[39m[33m+[39m[35m20[39m[33mAC[39m[33m,[39m [33mU[39m[33m+[39m[35m2122[39m[33m,[39m [33mU[39m[33m+[39m[35m2191[39m[33m,[39m [33mU[39m[33m+[39m[35m2193[39m[33m,[39m [33mU[39m[33m+[39m[35m2212[39m[33m,[39m [33mU[39m[33m+[39m[35m2215[39m[33m,[39m [33mU[39m[33m+[39m[33mFEFF[39m[33m,[39m [33mU[39m[33m+[39m[33mFFFD[39m[33m;[39m
 [90m     |[39m         [31m[1m^[22m[39m
 [90m 432 |[39m }
 [90m 433 |[39m [33m@[39mfont[33m-[39mface {
 [90m 434 |[39m     font[33m-[39mfamily[33m:[39m [32m'Source Serif 4 Fallback'[39m[33m;[39m[0m

Import map: Resolved by import map


Import trace:
  Server Component:
    [next]/internal/font/google/source_serif_4_429a5bdf.module.css
    [next]/internal/font/google/source_serif_4_429a5bdf.js
    ./Egale-Swift/Egale-Swift-Website/app/layout.tsx

https://nextjs.org/docs/messages/module-not-found


    at <unknown> ([next]/internal/font/google/geist_6a5d6895.module.css:8:9)
    at <unknown> (https://nextjs.org/docs/messages/module-not-found)
    at <unknown> ([next]/internal/font/google/geist_6a5d6895.module.css:17:9)
    at <unknown> (https://nextjs.org/docs/messages/module-not-found)
    at <unknown> ([next]/internal/font/google/geist_6a5d6895.module.css:26:9)
    at <unknown> (https://nextjs.org/docs/messages/module-not-found)
    at <unknown> ([next]/internal/font/google/geist_6a5d6895.module.css:35:9)
    at <unknown> (https://nextjs.org/docs/messages/module-not-found)
    at <unknown> ([next]/internal/font/google/geist_6a5d6895.module.css:44:9)
    at <unknown> (https://nextjs.org/docs/messages/module-not-found)
    at <unknown> ([next]/internal/font/google/geist_6a5d6895.module.css:53:9)
    at <unknown> (https://nextjs.org/docs/messages/module-not-found)
    at <unknown> ([next]/internal/font/google/geist_6a5d6895.module.css:62:9)
    at <unknown> (https://nextjs.org/docs/messages/module-not-found)
    at <unknown> ([next]/internal/font/google/geist_6a5d6895.module.css:71:9)
    at <unknown> (https://nextjs.org/docs/messages/module-not-found)
    at <unknown> ([next]/internal/font/google/geist_6a5d6895.module.css:80:9)
    at <unknown> (https://nextjs.org/docs/messages/module-not-found)
    at <unknown> ([next]/internal/font/google/geist_6a5d6895.module.css:89:9)
    at <unknown> (https://nextjs.org/docs/messages/module-not-found)
    at <unknown> ([next]/internal/font/google/geist_6a5d6895.module.css:98:9)
    at <unknown> (https://nextjs.org/docs/messages/module-not-found)
    at <unknown> ([next]/internal/font/google/geist_6a5d6895.module.css:107:9)
    at <unknown> (https://nextjs.org/docs/messages/module-not-found)
    at <unknown> ([next]/internal/font/google/geist_6a5d6895.module.css:116:9)
    at <unknown> (https://nextjs.org/docs/messages/module-not-found)
    at <unknown> ([next]/internal/font/google/geist_6a5d6895.module.css:125:9)
    at <unknown> (https://nextjs.org/docs/messages/module-not-found)
    at <unknown> ([next]/internal/font/google/geist_6a5d6895.module.css:134:9)
    at <unknown> (https://nextjs.org/docs/messages/module-not-found)
    at <unknown> ([next]/internal/font/google/geist_6a5d6895.module.css:143:9)
    at <unknown> (https://nextjs.org/docs/messages/module-not-found)
    at <unknown> ([next]/internal/font/google/geist_6a5d6895.module.css:152:9)
    at <unknown> (https://nextjs.org/docs/messages/module-not-found)
    at <unknown> ([next]/internal/font/google/geist_6a5d6895.module.css:161:9)
    at <unknown> (https://nextjs.org/docs/messages/module-not-found)
    at <unknown> ([next]/internal/font/google/geist_6a5d6895.module.css:170:9)
    at <unknown> (https://nextjs.org/docs/messages/module-not-found)
    at <unknown> ([next]/internal/font/google/geist_6a5d6895.module.css:179:9)
    at <unknown> (https://nextjs.org/docs/messages/module-not-found)
    at <unknown> ([next]/internal/font/google/geist_6a5d6895.module.css:188:9)
    at <unknown> (https://nextjs.org/docs/messages/module-not-found)
    at <unknown> ([next]/internal/font/google/geist_6a5d6895.module.css:197:9)
    at <unknown> (https://nextjs.org/docs/messages/module-not-found)
    at <unknown> ([next]/internal/font/google/geist_6a5d6895.module.css:206:9)
    at <unknown> (https://nextjs.org/docs/messages/module-not-found)
    at <unknown> ([next]/internal/font/google/geist_6a5d6895.module.css:215:9)
    at <unknown> (https://nextjs.org/docs/messages/module-not-found)
    at <unknown> ([next]/internal/font/google/geist_6a5d6895.module.css:224:9)
    at <unknown> (https://nextjs.org/docs/messages/module-not-found)
    at <unknown> ([next]/internal/font/google/geist_6a5d6895.module.css:233:9)
    at <unknown> (https://nextjs.org/docs/messages/module-not-found)
    at <unknown> ([next]/internal/font/google/geist_6a5d6895.module.css:242:9)
    at <unknown> (https://nextjs.org/docs/messages/module-not-found)
    at <unknown> ([next]/internal/font/google/geist_6a5d6895.module.css:251:9)
    at <unknown> (https://nextjs.org/docs/messages/module-not-found)
    at <unknown> ([next]/internal/font/google/geist_6a5d6895.module.css:260:9)
    at <unknown> (https://nextjs.org/docs/messages/module-not-found)
    at <unknown> ([next]/internal/font/google/geist_6a5d6895.module.css:269:9)
    at <unknown> (https://nextjs.org/docs/messages/module-not-found)
    at <unknown> ([next]/internal/font/google/geist_6a5d6895.module.css:278:9)
    at <unknown> (https://nextjs.org/docs/messages/module-not-found)
    at <unknown> ([next]/internal/font/google/geist_6a5d6895.module.css:287:9)
    at <unknown> (https://nextjs.org/docs/messages/module-not-found)
    at <unknown> ([next]/internal/font/google/geist_6a5d6895.module.css:296:9)
    at <unknown> (https://nextjs.org/docs/messages/module-not-found)
    at <unknown> ([next]/internal/font/google/geist_6a5d6895.module.css:305:9)
    at <unknown> (https://nextjs.org/docs/messages/module-not-found)
    at <unknown> ([next]/internal/font/google/geist_6a5d6895.module.css:314:9)
    at <unknown> (https://nextjs.org/docs/messages/module-not-found)
    at <unknown> ([next]/internal/font/google/geist_6a5d6895.module.css:323:9)
    at <unknown> (https://nextjs.org/docs/messages/module-not-found)
    at <unknown> ([next]/internal/font/google/geist_6a5d6895.module.css:332:9)
    at <unknown> (https://nextjs.org/docs/messages/module-not-found)
    at <unknown> ([next]/internal/font/google/geist_6a5d6895.module.css:341:9)
    at <unknown> (https://nextjs.org/docs/messages/module-not-found)
    at <unknown> ([next]/internal/font/google/geist_6a5d6895.module.css:350:9)
    at <unknown> (https://nextjs.org/docs/messages/module-not-found)
    at <unknown> ([next]/internal/font/google/geist_6a5d6895.module.css:359:9)
    at <unknown> (https://nextjs.org/docs/messages/module-not-found)
    at <unknown> ([next]/internal/font/google/geist_6a5d6895.module.css:368:9)
    at <unknown> (https://nextjs.org/docs/messages/module-not-found)
    at <unknown> ([next]/internal/font/google/geist_6a5d6895.module.css:377:9)
    at <unknown> (https://nextjs.org/docs/messages/module-not-found)
    at <unknown> ([next]/internal/font/google/geist_6a5d6895.module.css:386:9)
    at <unknown> (https://nextjs.org/docs/messages/module-not-found)
    at <unknown> ([next]/internal/font/google/geist_6a5d6895.module.css:395:9)
    at <unknown> (https://nextjs.org/docs/messages/module-not-found)
    at <unknown> ([next]/internal/font/google/geist_6a5d6895.module.css:404:9)
    at <unknown> (https://nextjs.org/docs/messages/module-not-found)
    at <unknown> ([next]/internal/font/google/geist_mono_4695df1.module.css:8:9)
    at <unknown> (https://nextjs.org/docs/messages/module-not-found)
    at <unknown> ([next]/internal/font/google/geist_mono_4695df1.module.css:17:9)
    at <unknown> (https://nextjs.org/docs/messages/module-not-found)
    at <unknown> ([next]/internal/font/google/geist_mono_4695df1.module.css:26:9)
    at <unknown> (https://nextjs.org/docs/messages/module-not-found)
    at <unknown> ([next]/internal/font/google/geist_mono_4695df1.module.css:35:9)
    at <unknown> (https://nextjs.org/docs/messages/module-not-found)
    at <unknown> ([next]/internal/font/google/geist_mono_4695df1.module.css:44:9)
    at <unknown> (https://nextjs.org/docs/messages/module-not-found)
    at <unknown> ([next]/internal/font/google/geist_mono_4695df1.module.css:53:9)
    at <unknown> (https://nextjs.org/docs/messages/module-not-found)
    at <unknown> ([next]/internal/font/google/geist_mono_4695df1.module.css:62:9)
    at <unknown> (https://nextjs.org/docs/messages/module-not-found)
    at <unknown> ([next]/internal/font/google/geist_mono_4695df1.module.css:71:9)
    at <unknown> (https://nextjs.org/docs/messages/module-not-found)
    at <unknown> ([next]/internal/font/google/geist_mono_4695df1.module.css:80:9)
    at <unknown> (https://nextjs.org/docs/messages/module-not-found)
    at <unknown> ([next]/internal/font/google/geist_mono_4695df1.module.css:89:9)
    at <unknown> (https://nextjs.org/docs/messages/module-not-found)
    at <unknown> ([next]/internal/font/google/geist_mono_4695df1.module.css:98:9)
    at <unknown> (https://nextjs.org/docs/messages/module-not-found)
    at <unknown> ([next]/internal/font/google/geist_mono_4695df1.module.css:107:9)
    at <unknown> (https://nextjs.org/docs/messages/module-not-found)
    at <unknown> ([next]/internal/font/google/geist_mono_4695df1.module.css:116:9)
    at <unknown> (https://nextjs.org/docs/messages/module-not-found)
    at <unknown> ([next]/internal/font/google/geist_mono_4695df1.module.css:125:9)
    at <unknown> (https://nextjs.org/docs/messages/module-not-found)
    at <unknown> ([next]/internal/font/google/geist_mono_4695df1.module.css:134:9)
    at <unknown> (https://nextjs.org/docs/messages/module-not-found)
    at <unknown> ([next]/internal/font/google/geist_mono_4695df1.module.css:143:9)
    at <unknown> (https://nextjs.org/docs/messages/module-not-found)
    at <unknown> ([next]/internal/font/google/geist_mono_4695df1.module.css:152:9)
    at <unknown> (https://nextjs.org/docs/messages/module-not-found)
    at <unknown> ([next]/internal/font/google/geist_mono_4695df1.module.css:161:9)
    at <unknown> (https://nextjs.org/docs/messages/module-not-found)
    at <unknown> ([next]/internal/font/google/geist_mono_4695df1.module.css:170:9)
    at <unknown> (https://nextjs.org/docs/messages/module-not-found)
    at <unknown> ([next]/internal/font/google/geist_mono_4695df1.module.css:179:9)
    at <unknown> (https://nextjs.org/docs/messages/module-not-found)
    at <unknown> ([next]/internal/font/google/geist_mono_4695df1.module.css:188:9)
    at <unknown> (https://nextjs.org/docs/messages/module-not-found)
    at <unknown> ([next]/internal/font/google/geist_mono_4695df1.module.css:197:9)
    at <unknown> (https://nextjs.org/docs/messages/module-not-found)
    at <unknown> ([next]/internal/font/google/geist_mono_4695df1.module.css:206:9)
    at <unknown> (https://nextjs.org/docs/messages/module-not-found)
    at <unknown> ([next]/internal/font/google/geist_mono_4695df1.module.css:215:9)
    at <unknown> (https://nextjs.org/docs/messages/module-not-found)
    at <unknown> ([next]/internal/font/google/geist_mono_4695df1.module.css:224:9)
    at <unknown> (https://nextjs.org/docs/messages/module-not-found)
    at <unknown> ([next]/internal/font/google/geist_mono_4695df1.module.css:233:9)
    at <unknown> (https://nextjs.org/docs/messages/module-not-found)
    at <unknown> ([next]/internal/font/google/geist_mono_4695df1.module.css:242:9)
    at <unknown> (https://nextjs.org/docs/messages/module-not-found)
    at <unknown> ([next]/internal/font/google/geist_mono_4695df1.module.css:251:9)
    at <unknown> (https://nextjs.org/docs/messages/module-not-found)
    at <unknown> ([next]/internal/font/google/geist_mono_4695df1.module.css:260:9)
    at <unknown> (https://nextjs.org/docs/messages/module-not-found)
    at <unknown> ([next]/internal/font/google/geist_mono_4695df1.module.css:269:9)
    at <unknown> (https://nextjs.org/docs/messages/module-not-found)
    at <unknown> ([next]/internal/font/google/geist_mono_4695df1.module.css:278:9)
    at <unknown> (https://nextjs.org/docs/messages/module-not-found)
    at <unknown> ([next]/internal/font/google/geist_mono_4695df1.module.css:287:9)
    at <unknown> (https://nextjs.org/docs/messages/module-not-found)
    at <unknown> ([next]/internal/font/google/geist_mono_4695df1.module.css:296:9)
    at <unknown> (https://nextjs.org/docs/messages/module-not-found)
    at <unknown> ([next]/internal/font/google/geist_mono_4695df1.module.css:305:9)
    at <unknown> (https://nextjs.org/docs/messages/module-not-found)
    at <unknown> ([next]/internal/font/google/geist_mono_4695df1.module.css:314:9)
    at <unknown> (https://nextjs.org/docs/messages/module-not-found)
    at <unknown> ([next]/internal/font/google/geist_mono_4695df1.module.css:323:9)
    at <unknown> (https://nextjs.org/docs/messages/module-not-found)
    at <unknown> ([next]/internal/font/google/geist_mono_4695df1.module.css:332:9)
    at <unknown> (https://nextjs.org/docs/messages/module-not-found)
    at <unknown> ([next]/internal/font/google/geist_mono_4695df1.module.css:341:9)
    at <unknown> (https://nextjs.org/docs/messages/module-not-found)
    at <unknown> ([next]/internal/font/google/geist_mono_4695df1.module.css:350:9)
    at <unknown> (https://nextjs.org/docs/messages/module-not-found)
    at <unknown> ([next]/internal/font/google/geist_mono_4695df1.module.css:359:9)
    at <unknown> (https://nextjs.org/docs/messages/module-not-found)
    at <unknown> ([next]/internal/font/google/geist_mono_4695df1.module.css:368:9)
    at <unknown> (https://nextjs.org/docs/messages/module-not-found)
    at <unknown> ([next]/internal/font/google/geist_mono_4695df1.module.css:377:9)
    at <unknown> (https://nextjs.org/docs/messages/module-not-found)
    at <unknown> ([next]/internal/font/google/geist_mono_4695df1.module.css:386:9)
    at <unknown> (https://nextjs.org/docs/messages/module-not-found)
    at <unknown> ([next]/internal/font/google/geist_mono_4695df1.module.css:395:9)
    at <unknown> (https://nextjs.org/docs/messages/module-not-found)
    at <unknown> ([next]/internal/font/google/geist_mono_4695df1.module.css:404:9)
    at <unknown> (https://nextjs.org/docs/messages/module-not-found)
    at <unknown> ([next]/internal/font/google/geist_mono_4695df1.module.css:413:9)
    at <unknown> (https://nextjs.org/docs/messages/module-not-found)
    at <unknown> ([next]/internal/font/google/geist_mono_4695df1.module.css:422:9)
    at <unknown> (https://nextjs.org/docs/messages/module-not-found)
    at <unknown> ([next]/internal/font/google/geist_mono_4695df1.module.css:431:9)
    at <unknown> (https://nextjs.org/docs/messages/module-not-found)
    at <unknown> ([next]/internal/font/google/geist_mono_4695df1.module.css:440:9)
    at <unknown> (https://nextjs.org/docs/messages/module-not-found)
    at <unknown> ([next]/internal/font/google/geist_mono_4695df1.module.css:449:9)
    at <unknown> (https://nextjs.org/docs/messages/module-not-found)
    at <unknown> ([next]/internal/font/google/geist_mono_4695df1.module.css:458:9)
    at <unknown> (https://nextjs.org/docs/messages/module-not-found)
    at <unknown> ([next]/internal/font/google/geist_mono_4695df1.module.css:467:9)
    at <unknown> (https://nextjs.org/docs/messages/module-not-found)
    at <unknown> ([next]/internal/font/google/geist_mono_4695df1.module.css:476:9)
    at <unknown> (https://nextjs.org/docs/messages/module-not-found)
    at <unknown> ([next]/internal/font/google/geist_mono_4695df1.module.css:485:9)
    at <unknown> (https://nextjs.org/docs/messages/module-not-found)
    at <unknown> ([next]/internal/font/google/source_serif_4_429a5bdf.module.css:8:9)
    at <unknown> (https://nextjs.org/docs/messages/module-not-found)
    at <unknown> ([next]/internal/font/google/source_serif_4_429a5bdf.module.css:17:9)
    at <unknown> (https://nextjs.org/docs/messages/module-not-found)
    at <unknown> ([next]/internal/font/google/source_serif_4_429a5bdf.module.css:26:9)
    at <unknown> (https://nextjs.org/docs/messages/module-not-found)
    at <unknown> ([next]/internal/font/google/source_serif_4_429a5bdf.module.css:35:9)
    at <unknown> (https://nextjs.org/docs/messages/module-not-found)
    at <unknown> ([next]/internal/font/google/source_serif_4_429a5bdf.module.css:44:9)
    at <unknown> (https://nextjs.org/docs/messages/module-not-found)
    at <unknown> ([next]/internal/font/google/source_serif_4_429a5bdf.module.css:53:9)
    at <unknown> (https://nextjs.org/docs/messages/module-not-found)
    at <unknown> ([next]/internal/font/google/source_serif_4_429a5bdf.module.css:62:9)
    at <unknown> (https://nextjs.org/docs/messages/module-not-found)
    at <unknown> ([next]/internal/font/google/source_serif_4_429a5bdf.module.css:71:9)
    at <unknown> (https://nextjs.org/docs/messages/module-not-found)
    at <unknown> ([next]/internal/font/google/source_serif_4_429a5bdf.module.css:80:9)
    at <unknown> (https://nextjs.org/docs/messages/module-not-found)
    at <unknown> ([next]/internal/font/google/source_serif_4_429a5bdf.module.css:89:9)
    at <unknown> (https://nextjs.org/docs/messages/module-not-found)
    at <unknown> ([next]/internal/font/google/source_serif_4_429a5bdf.module.css:98:9)
    at <unknown> (https://nextjs.org/docs/messages/module-not-found)
    at <unknown> ([next]/internal/font/google/source_serif_4_429a5bdf.module.css:107:9)
    at <unknown> (https://nextjs.org/docs/messages/module-not-found)
    at <unknown> ([next]/internal/font/google/source_serif_4_429a5bdf.module.css:116:9)
    at <unknown> (https://nextjs.org/docs/messages/module-not-found)
    at <unknown> ([next]/internal/font/google/source_serif_4_429a5bdf.module.css:125:9)
    at <unknown> (https://nextjs.org/docs/messages/module-not-found)
    at <unknown> ([next]/internal/font/google/source_serif_4_429a5bdf.module.css:134:9)
    at <unknown> (https://nextjs.org/docs/messages/module-not-found)
    at <unknown> ([next]/internal/font/google/source_serif_4_429a5bdf.module.css:143:9)
    at <unknown> (https://nextjs.org/docs/messages/module-not-found)
    at <unknown> ([next]/internal/font/google/source_serif_4_429a5bdf.module.css:152:9)
    at <unknown> (https://nextjs.org/docs/messages/module-not-found)
    at <unknown> ([next]/internal/font/google/source_serif_4_429a5bdf.module.css:161:9)
    at <unknown> (https://nextjs.org/docs/messages/module-not-found)
    at <unknown> ([next]/internal/font/google/source_serif_4_429a5bdf.module.css:170:9)
    at <unknown> (https://nextjs.org/docs/messages/module-not-found)
    at <unknown> ([next]/internal/font/google/source_serif_4_429a5bdf.module.css:179:9)
    at <unknown> (https://nextjs.org/docs/messages/module-not-found)
    at <unknown> ([next]/internal/font/google/source_serif_4_429a5bdf.module.css:188:9)
    at <unknown> (https://nextjs.org/docs/messages/module-not-found)
    at <unknown> ([next]/internal/font/google/source_serif_4_429a5bdf.module.css:197:9)
    at <unknown> (https://nextjs.org/docs/messages/module-not-found)
    at <unknown> ([next]/internal/font/google/source_serif_4_429a5bdf.module.css:206:9)
    at <unknown> (https://nextjs.org/docs/messages/module-not-found)
    at <unknown> ([next]/internal/font/google/source_serif_4_429a5bdf.module.css:215:9)
    at <unknown> (https://nextjs.org/docs/messages/module-not-found)
    at <unknown> ([next]/internal/font/google/source_serif_4_429a5bdf.module.css:224:9)
    at <unknown> (https://nextjs.org/docs/messages/module-not-found)
    at <unknown> ([next]/internal/font/google/source_serif_4_429a5bdf.module.css:233:9)
    at <unknown> (https://nextjs.org/docs/messages/module-not-found)
    at <unknown> ([next]/internal/font/google/source_serif_4_429a5bdf.module.css:242:9)
    at <unknown> (https://nextjs.org/docs/messages/module-not-found)
    at <unknown> ([next]/internal/font/google/source_serif_4_429a5bdf.module.css:251:9)
    at <unknown> (https://nextjs.org/docs/messages/module-not-found)
    at <unknown> ([next]/internal/font/google/source_serif_4_429a5bdf.module.css:260:9)
    at <unknown> (https://nextjs.org/docs/messages/module-not-found)
    at <unknown> ([next]/internal/font/google/source_serif_4_429a5bdf.module.css:269:9)
    at <unknown> (https://nextjs.org/docs/messages/module-not-found)
    at <unknown> ([next]/internal/font/google/source_serif_4_429a5bdf.module.css:278:9)
    at <unknown> (https://nextjs.org/docs/messages/module-not-found)
    at <unknown> ([next]/internal/font/google/source_serif_4_429a5bdf.module.css:287:9)
    at <unknown> (https://nextjs.org/docs/messages/module-not-found)
    at <unknown> ([next]/internal/font/google/source_serif_4_429a5bdf.module.css:296:9)
    at <unknown> (https://nextjs.org/docs/messages/module-not-found)
    at <unknown> ([next]/internal/font/google/source_serif_4_429a5bdf.module.css:305:9)
    at <unknown> (https://nextjs.org/docs/messages/module-not-found)
    at <unknown> ([next]/internal/font/google/source_serif_4_429a5bdf.module.css:314:9)
    at <unknown> (https://nextjs.org/docs/messages/module-not-found)
    at <unknown> ([next]/internal/font/google/source_serif_4_429a5bdf.module.css:323:9)
    at <unknown> (https://nextjs.org/docs/messages/module-not-found)
    at <unknown> ([next]/internal/font/google/source_serif_4_429a5bdf.module.css:332:9)
    at <unknown> (https://nextjs.org/docs/messages/module-not-found)
    at <unknown> ([next]/internal/font/google/source_serif_4_429a5bdf.module.css:341:9)
    at <unknown> (https://nextjs.org/docs/messages/module-not-found)
    at <unknown> ([next]/internal/font/google/source_serif_4_429a5bdf.module.css:350:9)
    at <unknown> (https://nextjs.org/docs/messages/module-not-found)
    at <unknown> ([next]/internal/font/google/source_serif_4_429a5bdf.module.css:359:9)
    at <unknown> (https://nextjs.org/docs/messages/module-not-found)
    at <unknown> ([next]/internal/font/google/source_serif_4_429a5bdf.module.css:368:9)
    at <unknown> (https://nextjs.org/docs/messages/module-not-found)
    at <unknown> ([next]/internal/font/google/source_serif_4_429a5bdf.module.css:377:9)
    at <unknown> (https://nextjs.org/docs/messages/module-not-found)
    at <unknown> ([next]/internal/font/google/source_serif_4_429a5bdf.module.css:386:9)
    at <unknown> (https://nextjs.org/docs/messages/module-not-found)
    at <unknown> ([next]/internal/font/google/source_serif_4_429a5bdf.module.css:395:9)
    at <unknown> (https://nextjs.org/docs/messages/module-not-found)
    at <unknown> ([next]/internal/font/google/source_serif_4_429a5bdf.module.css:404:9)
    at <unknown> (https://nextjs.org/docs/messages/module-not-found)
    at <unknown> ([next]/internal/font/google/source_serif_4_429a5bdf.module.css:413:9)
    at <unknown> (https://nextjs.org/docs/messages/module-not-found)
    at <unknown> ([next]/internal/font/google/source_serif_4_429a5bdf.module.css:422:9)
    at <unknown> (https://nextjs.org/docs/messages/module-not-found)
    at <unknown> ([next]/internal/font/google/source_serif_4_429a5bdf.module.css:431:9)
    at <unknown> (https://nextjs.org/docs/messages/module-not-found)
